[2024-07-07T16:10:33.333001+00:00] main.DEBUG: Source class "\Magento\ServiceProxy\Model" for "Magento\ServiceProxy\Model\Logger" generation does not exist. {"exception":"[object] (RuntimeException(code: 0): Source class \"\\Magento\\ServiceProxy\\Model\" for \"Magento\\ServiceProxy\\Model\\Logger\" generation does not exist. at /var/www/html/empyeorg/vendor/magento/framework/Code/Generator.php:223)"} []
[2024-07-07T16:10:33.333535+00:00] main.DEBUG: Source class "\Magento\ServiceProxy\Model" for "Magento\ServiceProxy\Model\Logger" generation does not exist. {"exception":"[object] (RuntimeException(code: 0): Source class \"\\Magento\\ServiceProxy\\Model\" for \"Magento\\ServiceProxy\\Model\\Logger\" generation does not exist. at /var/www/html/empyeorg/vendor/magento/framework/Code/Generator.php:223)"} []
[2024-07-07T16:10:38.989636+00:00] main.INFO: Source table payment_services_order_status_data_production_submitted_hash does not exist. Skipping data migration... [] []
[2024-07-07T16:10:39.934867+00:00] main.INFO: {"feed":"undefined","operation":"undefined","status":"Setting mode Update On Schedule for indexer Stores Feed","elapsed":"00:00:00 626 ms","pid":"25953","caller":"bin\/magento setup:install --base-url=https:\/\/www.empye.org\/ --db-host=localhost --db-name=empyeorg --db-user=empyeorg"} [] []
[2024-07-07T16:10:40.035010+00:00] main.INFO: {"feed":"undefined","operation":"undefined","status":"Setting mode Update On Schedule for indexer Sales Order Feed","elapsed":"00:00:00 726 ms","pid":"25953","caller":"bin\/magento setup:install --base-url=https:\/\/www.empye.org\/ --db-host=localhost --db-name=empyeorg --db-user=empyeorg"} [] []
[2024-07-07T16:10:40.132584+00:00] main.INFO: {"feed":"undefined","operation":"undefined","status":"Setting mode Update On Schedule for indexer Sales Order Statuses Feed","elapsed":"00:00:01 823 ms","pid":"25953","caller":"bin\/magento setup:install --base-url=https:\/\/www.empye.org\/ --db-host=localhost --db-name=empyeorg --db-user=empyeorg"} [] []
[2024-07-07T16:10:40.925355+00:00] main.DEBUG: cache_invalidate:  {"method":"GET","url":"http:/","invalidateInfo":{"tags":["CONFIG"],"mode":"matchingTag"}} []
[2024-07-07T16:10:40.936570+00:00] main.DEBUG: cache_invalidate:  {"method":"GET","url":"http:/","invalidateInfo":{"tags":["LAYOUT_GENERAL_CACHE_TAG"],"mode":"matchingTag"}} []
[2024-07-07T16:10:40.936976+00:00] main.DEBUG: cache_invalidate:  {"method":"GET","url":"http:/","invalidateInfo":{"tags":["BLOCK_HTML"],"mode":"matchingTag"}} []
[2024-07-07T16:10:40.937411+00:00] main.DEBUG: cache_invalidate:  {"method":"GET","url":"http:/","invalidateInfo":{"tags":["COLLECTION_DATA"],"mode":"matchingTag"}} []
[2024-07-07T16:10:40.938264+00:00] main.DEBUG: cache_invalidate:  {"method":"GET","url":"http:/","invalidateInfo":{"tags":["REFLECTION"],"mode":"matchingTag"}} []
[2024-07-07T16:10:40.939590+00:00] main.DEBUG: cache_invalidate:  {"method":"GET","url":"http:/","invalidateInfo":{"tags":["DB_DDL"],"mode":"matchingTag"}} []
[2024-07-07T16:10:40.940296+00:00] main.DEBUG: cache_invalidate:  {"method":"GET","url":"http:/","invalidateInfo":{"tags":["COMPILED_CONFIG"],"mode":"matchingTag"}} []
[2024-07-07T16:10:40.940593+00:00] main.DEBUG: cache_invalidate:  {"method":"GET","url":"http:/","invalidateInfo":{"tags":["EAV"],"mode":"matchingTag"}} []
[2024-07-07T16:10:40.940825+00:00] main.DEBUG: cache_invalidate:  {"method":"GET","url":"http:/","invalidateInfo":{"tags":["CUSTOMER_NOTIFICATION"],"mode":"matchingTag"}} []
[2024-07-07T16:10:40.941143+00:00] main.DEBUG: cache_invalidate:  {"method":"GET","url":"http:/","invalidateInfo":{"tags":["INTEGRATION"],"mode":"matchingTag"}} []
[2024-07-07T16:10:40.941426+00:00] main.DEBUG: cache_invalidate:  {"method":"GET","url":"http:/","invalidateInfo":{"tags":["INTEGRATION_API_CONFIG"],"mode":"matchingTag"}} []
[2024-07-07T16:10:40.941771+00:00] main.DEBUG: cache_invalidate:  {"method":"GET","url":"http:/","invalidateInfo":{"tags":["GRAPHQL_QUERY_RESOLVER_RESULT"],"mode":"matchingTag"}} []
[2024-07-07T16:10:40.942555+00:00] main.DEBUG: cache_invalidate:  {"method":"GET","url":"http:/","invalidateInfo":{"tags":["FPC"],"mode":"matchingTag"}} []
[2024-07-07T16:10:40.942940+00:00] main.DEBUG: cache_invalidate:  {"method":"GET","url":"http:/","invalidateInfo":{"tags":["WEBSERVICE"],"mode":"matchingTag"}} []
[2024-07-07T16:10:40.943327+00:00] main.DEBUG: cache_invalidate:  {"method":"GET","url":"http:/","invalidateInfo":{"tags":["TRANSLATE"],"mode":"matchingTag"}} []
[2024-07-07T16:10:45.216337+00:00] main.DEBUG: cache_invalidate:  {"method":"GET","url":"http:/","invalidateInfo":{"tags":["BACKEND_MAINMENU"],"mode":"matchingTag"}} []
[2024-07-07T16:10:45.216468+00:00] main.DEBUG: cache_invalidate:  {"method":"GET","url":"http:/","invalidateInfo":{"tags":["user_assigned_role"],"mode":"matchingAnyTag"}} []
[2024-07-07T16:10:45.255917+00:00] main.DEBUG: cache_invalidate:  {"method":"GET","url":"http:/","invalidateInfo":{"tags":["EAV"],"mode":"matchingAnyTag"}} []
[2024-07-07T16:10:45.261749+00:00] main.DEBUG: cache_invalidate:  {"method":"GET","url":"http:/","invalidateInfo":{"tags":["EAV","EAV_ATTRIBUTE"],"mode":"matchingAnyTag"}} []
[2024-07-07T16:10:45.366966+00:00] main.DEBUG: cache_invalidate:  {"method":"GET","url":"http:/","invalidateInfo":{"tags":["EAV","EAV_ATTRIBUTE"],"mode":"matchingAnyTag"}} []
[2024-07-07T16:10:45.463684+00:00] main.DEBUG: cache_invalidate:  {"method":"GET","url":"http:/","invalidateInfo":{"tags":["EAV","EAV_ATTRIBUTE"],"mode":"matchingAnyTag"}} []
[2024-07-07T16:10:45.467941+00:00] main.DEBUG: cache_invalidate:  {"method":"GET","url":"http:/","invalidateInfo":{"tags":["EAV","EAV_ATTRIBUTE"],"mode":"matchingAnyTag"}} []
[2024-07-07T16:10:45.468137+00:00] main.DEBUG: cache_invalidate:  {"method":"GET","url":"http:/","invalidateInfo":{"tags":["EAV","EAV_ATTRIBUTE"],"mode":"matchingAnyTag"}} []
[2024-07-07T16:10:45.468319+00:00] main.DEBUG: cache_invalidate:  {"method":"GET","url":"http:/","invalidateInfo":{"tags":["EAV_ATTRIBUTE"],"mode":"matchingAnyTag"}} []
[2024-07-07T16:10:45.470475+00:00] main.DEBUG: cache_invalidate:  {"method":"GET","url":"http:/","invalidateInfo":{"tags":["EAV_ATTRIBUTE_21","FPC"],"mode":"matchingTag"}} []
[2024-07-07T16:10:45.470581+00:00] main.DEBUG: cache_invalidate:  {"method":"GET","url":"http:/","invalidateInfo":{"tags":["EAV_ENTITY_TYPES_CUSTOMER_ENTITY","FPC"],"mode":"matchingTag"}} []
[2024-07-07T16:10:45.470640+00:00] main.DEBUG: cache_invalidate:  {"method":"GET","url":"http:/","invalidateInfo":{"tags":["EAV_FORM_adminhtml_customer_FORM","FPC"],"mode":"matchingTag"}} []
[2024-07-07T16:10:45.470684+00:00] main.DEBUG: cache_invalidate:  {"method":"GET","url":"http:/","invalidateInfo":{"tags":["EAV_ATTRIBUTE_customer_disable_auto_group_change","FPC"],"mode":"matchingTag"}} []
[2024-07-07T16:10:45.508490+00:00] main.DEBUG: cache_invalidate:  {"method":"GET","url":"http:/","invalidateInfo":{"tags":["EAV","EAV_ATTRIBUTE"],"mode":"matchingAnyTag"}} []
[2024-07-07T16:10:45.509819+00:00] main.DEBUG: cache_invalidate:  {"method":"GET","url":"http:/","invalidateInfo":{"tags":["EAV","EAV_ATTRIBUTE"],"mode":"matchingAnyTag"}} []
[2024-07-07T16:10:45.510050+00:00] main.DEBUG: cache_invalidate:  {"method":"GET","url":"http:/","invalidateInfo":{"tags":["EAV","EAV_ATTRIBUTE"],"mode":"matchingAnyTag"}} []
[2024-07-07T16:10:45.510183+00:00] main.DEBUG: cache_invalidate:  {"method":"GET","url":"http:/","invalidateInfo":{"tags":["EAV_ATTRIBUTE"],"mode":"matchingAnyTag"}} []
[2024-07-07T16:10:45.511641+00:00] main.DEBUG: cache_invalidate:  {"method":"GET","url":"http:/","invalidateInfo":{"tags":["EAV_ATTRIBUTE_36","FPC"],"mode":"matchingTag"}} []
[2024-07-07T16:10:45.511727+00:00] main.DEBUG: cache_invalidate:  {"method":"GET","url":"http:/","invalidateInfo":{"tags":["EAV_ENTITY_TYPES_CUSTOMER_ADDRESS_ENTITY","FPC"],"mode":"matchingTag"}} []
[2024-07-07T16:10:45.511787+00:00] main.DEBUG: cache_invalidate:  {"method":"GET","url":"http:/","invalidateInfo":{"tags":["EAV_FORM_adminhtml_customer_address_FORM","FPC"],"mode":"matchingTag"}} []
[2024-07-07T16:10:45.511846+00:00] main.DEBUG: cache_invalidate:  {"method":"GET","url":"http:/","invalidateInfo":{"tags":["EAV_FORM_customer_address_edit_FORM","FPC"],"mode":"matchingTag"}} []
[2024-07-07T16:10:45.511925+00:00] main.DEBUG: cache_invalidate:  {"method":"GET","url":"http:/","invalidateInfo":{"tags":["EAV_FORM_customer_register_address_FORM","FPC"],"mode":"matchingTag"}} []
[2024-07-07T16:10:45.511985+00:00] main.DEBUG: cache_invalidate:  {"method":"GET","url":"http:/","invalidateInfo":{"tags":["EAV_ATTRIBUTE_customer_address_vat_id","FPC"],"mode":"matchingTag"}} []
[2024-07-07T16:10:45.514380+00:00] main.DEBUG: cache_invalidate:  {"method":"GET","url":"http:/","invalidateInfo":{"tags":["EAV","EAV_ATTRIBUTE"],"mode":"matchingAnyTag"}} []
[2024-07-07T16:10:45.515926+00:00] main.DEBUG: cache_invalidate:  {"method":"GET","url":"http:/","invalidateInfo":{"tags":["EAV","EAV_ATTRIBUTE"],"mode":"matchingAnyTag"}} []
[2024-07-07T16:10:45.523553+00:00] main.DEBUG: cache_invalidate:  {"method":"GET","url":"http:/","invalidateInfo":{"tags":["EAV_ATTRIBUTE_21","FPC"],"mode":"matchingTag"}} []
[2024-07-07T16:10:45.523671+00:00] main.DEBUG: cache_invalidate:  {"method":"GET","url":"http:/","invalidateInfo":{"tags":["EAV_ATTRIBUTE_customer_disable_auto_group_change","FPC"],"mode":"matchingTag"}} []
[2024-07-07T16:10:45.524409+00:00] main.DEBUG: cache_invalidate:  {"method":"GET","url":"http:/","invalidateInfo":{"tags":["EAV_ATTRIBUTE_36","FPC"],"mode":"matchingTag"}} []
[2024-07-07T16:10:45.524538+00:00] main.DEBUG: cache_invalidate:  {"method":"GET","url":"http:/","invalidateInfo":{"tags":["EAV_ATTRIBUTE_customer_address_vat_id","FPC"],"mode":"matchingTag"}} []
[2024-07-07T16:10:45.537599+00:00] main.DEBUG: cache_invalidate:  {"method":"GET","url":"http:/","invalidateInfo":{"tags":["EAV","EAV_ATTRIBUTE"],"mode":"matchingAnyTag"}} []
[2024-07-07T16:10:45.538585+00:00] main.DEBUG: cache_invalidate:  {"method":"GET","url":"http:/","invalidateInfo":{"tags":["EAV","EAV_ATTRIBUTE"],"mode":"matchingAnyTag"}} []
[2024-07-07T16:10:45.538806+00:00] main.DEBUG: cache_invalidate:  {"method":"GET","url":"http:/","invalidateInfo":{"tags":["EAV","EAV_ATTRIBUTE"],"mode":"matchingAnyTag"}} []
[2024-07-07T16:10:45.538956+00:00] main.DEBUG: cache_invalidate:  {"method":"GET","url":"http:/","invalidateInfo":{"tags":["EAV_ATTRIBUTE"],"mode":"matchingAnyTag"}} []
[2024-07-07T16:10:45.540916+00:00] main.DEBUG: cache_invalidate:  {"method":"GET","url":"http:/","invalidateInfo":{"tags":["EAV_ATTRIBUTE_1","FPC"],"mode":"matchingTag"}} []
[2024-07-07T16:10:45.541028+00:00] main.DEBUG: cache_invalidate:  {"method":"GET","url":"http:/","invalidateInfo":{"tags":["EAV_ENTITY_TYPES_CUSTOMER_ENTITY","FPC"],"mode":"matchingTag"}} []
[2024-07-07T16:10:45.541090+00:00] main.DEBUG: cache_invalidate:  {"method":"GET","url":"http:/","invalidateInfo":{"tags":["EAV_FORM_adminhtml_customer_FORM","FPC"],"mode":"matchingTag"}} []
[2024-07-07T16:10:45.541238+00:00] main.DEBUG: cache_invalidate:  {"method":"GET","url":"http:/","invalidateInfo":{"tags":["EAV_ATTRIBUTE_customer_website_id","FPC"],"mode":"matchingTag"}} []
[2024-07-07T16:10:45.548770+00:00] main.DEBUG: cache_invalidate:  {"method":"GET","url":"http:/","invalidateInfo":{"tags":["EAV","EAV_ATTRIBUTE"],"mode":"matchingAnyTag"}} []
[2024-07-07T16:10:45.549786+00:00] main.DEBUG: cache_invalidate:  {"method":"GET","url":"http:/","invalidateInfo":{"tags":["EAV","EAV_ATTRIBUTE"],"mode":"matchingAnyTag"}} []
[2024-07-07T16:10:45.549973+00:00] main.DEBUG: cache_invalidate:  {"method":"GET","url":"http:/","invalidateInfo":{"tags":["EAV","EAV_ATTRIBUTE"],"mode":"matchingAnyTag"}} []
[2024-07-07T16:10:45.550126+00:00] main.DEBUG: cache_invalidate:  {"method":"GET","url":"http:/","invalidateInfo":{"tags":["EAV_ATTRIBUTE"],"mode":"matchingAnyTag"}} []
[2024-07-07T16:10:45.551738+00:00] main.DEBUG: cache_invalidate:  {"method":"GET","url":"http:/","invalidateInfo":{"tags":["EAV_ATTRIBUTE_3","FPC"],"mode":"matchingTag"}} []
[2024-07-07T16:10:45.551827+00:00] main.DEBUG: cache_invalidate:  {"method":"GET","url":"http:/","invalidateInfo":{"tags":["EAV_ENTITY_TYPES_CUSTOMER_ENTITY","FPC"],"mode":"matchingTag"}} []
[2024-07-07T16:10:45.551973+00:00] main.DEBUG: cache_invalidate:  {"method":"GET","url":"http:/","invalidateInfo":{"tags":["EAV_FORM_adminhtml_customer_FORM","FPC"],"mode":"matchingTag"}} []
[2024-07-07T16:10:45.552059+00:00] main.DEBUG: cache_invalidate:  {"method":"GET","url":"http:/","invalidateInfo":{"tags":["EAV_ATTRIBUTE_customer_created_in","FPC"],"mode":"matchingTag"}} []
[2024-07-07T16:10:45.558251+00:00] main.DEBUG: cache_invalidate:  {"method":"GET","url":"http:/","invalidateInfo":{"tags":["EAV","EAV_ATTRIBUTE"],"mode":"matchingAnyTag"}} []
[2024-07-07T16:10:45.558949+00:00] main.DEBUG: cache_invalidate:  {"method":"GET","url":"http:/","invalidateInfo":{"tags":["EAV","EAV_ATTRIBUTE"],"mode":"matchingAnyTag"}} []
[2024-07-07T16:10:45.559116+00:00] main.DEBUG: cache_invalidate:  {"method":"GET","url":"http:/","invalidateInfo":{"tags":["EAV","EAV_ATTRIBUTE"],"mode":"matchingAnyTag"}} []
[2024-07-07T16:10:45.559248+00:00] main.DEBUG: cache_invalidate:  {"method":"GET","url":"http:/","invalidateInfo":{"tags":["EAV_ATTRIBUTE"],"mode":"matchingAnyTag"}} []
[2024-07-07T16:10:45.561598+00:00] main.DEBUG: cache_invalidate:  {"method":"GET","url":"http:/","invalidateInfo":{"tags":["EAV_ATTRIBUTE_9","FPC"],"mode":"matchingTag"}} []
[2024-07-07T16:10:45.561699+00:00] main.DEBUG: cache_invalidate:  {"method":"GET","url":"http:/","invalidateInfo":{"tags":["EAV_ENTITY_TYPES_CUSTOMER_ENTITY","FPC"],"mode":"matchingTag"}} []
[2024-07-07T16:10:45.561749+00:00] main.DEBUG: cache_invalidate:  {"method":"GET","url":"http:/","invalidateInfo":{"tags":["EAV_FORM_adminhtml_checkout_FORM","FPC"],"mode":"matchingTag"}} []
[2024-07-07T16:10:45.561791+00:00] main.DEBUG: cache_invalidate:  {"method":"GET","url":"http:/","invalidateInfo":{"tags":["EAV_FORM_adminhtml_customer_FORM","FPC"],"mode":"matchingTag"}} []
[2024-07-07T16:10:45.561831+00:00] main.DEBUG: cache_invalidate:  {"method":"GET","url":"http:/","invalidateInfo":{"tags":["EAV_FORM_checkout_register_FORM","FPC"],"mode":"matchingTag"}} []
[2024-07-07T16:10:45.562055+00:00] main.DEBUG: cache_invalidate:  {"method":"GET","url":"http:/","invalidateInfo":{"tags":["EAV_FORM_customer_account_create_FORM","FPC"],"mode":"matchingTag"}} []
[2024-07-07T16:10:45.562148+00:00] main.DEBUG: cache_invalidate:  {"method":"GET","url":"http:/","invalidateInfo":{"tags":["EAV_FORM_customer_account_edit_FORM","FPC"],"mode":"matchingTag"}} []
[2024-07-07T16:10:45.562220+00:00] main.DEBUG: cache_invalidate:  {"method":"GET","url":"http:/","invalidateInfo":{"tags":["EAV_ATTRIBUTE_customer_email","FPC"],"mode":"matchingTag"}} []
[2024-07-07T16:10:45.568902+00:00] main.DEBUG: cache_invalidate:  {"method":"GET","url":"http:/","invalidateInfo":{"tags":["EAV","EAV_ATTRIBUTE"],"mode":"matchingAnyTag"}} []
[2024-07-07T16:10:45.569631+00:00] main.DEBUG: cache_invalidate:  {"method":"GET","url":"http:/","invalidateInfo":{"tags":["EAV","EAV_ATTRIBUTE"],"mode":"matchingAnyTag"}} []
[2024-07-07T16:10:45.569797+00:00] main.DEBUG: cache_invalidate:  {"method":"GET","url":"http:/","invalidateInfo":{"tags":["EAV","EAV_ATTRIBUTE"],"mode":"matchingAnyTag"}} []
[2024-07-07T16:10:45.569919+00:00] main.DEBUG: cache_invalidate:  {"method":"GET","url":"http:/","invalidateInfo":{"tags":["EAV_ATTRIBUTE"],"mode":"matchingAnyTag"}} []
[2024-07-07T16:10:45.573055+00:00] main.DEBUG: cache_invalidate:  {"method":"GET","url":"http:/","invalidateInfo":{"tags":["EAV_ATTRIBUTE_10","FPC"],"mode":"matchingTag"}} []
[2024-07-07T16:10:45.573161+00:00] main.DEBUG: cache_invalidate:  {"method":"GET","url":"http:/","invalidateInfo":{"tags":["EAV_ENTITY_TYPES_CUSTOMER_ENTITY","FPC"],"mode":"matchingTag"}} []
[2024-07-07T16:10:45.573221+00:00] main.DEBUG: cache_invalidate:  {"method":"GET","url":"http:/","invalidateInfo":{"tags":["EAV_FORM_adminhtml_checkout_FORM","FPC"],"mode":"matchingTag"}} []
[2024-07-07T16:10:45.573264+00:00] main.DEBUG: cache_invalidate:  {"method":"GET","url":"http:/","invalidateInfo":{"tags":["EAV_FORM_adminhtml_customer_FORM","FPC"],"mode":"matchingTag"}} []
[2024-07-07T16:10:45.573308+00:00] main.DEBUG: cache_invalidate:  {"method":"GET","url":"http:/","invalidateInfo":{"tags":["EAV_ATTRIBUTE_customer_group_id","FPC"],"mode":"matchingTag"}} []
[2024-07-07T16:10:45.579307+00:00] main.DEBUG: cache_invalidate:  {"method":"GET","url":"http:/","invalidateInfo":{"tags":["EAV","EAV_ATTRIBUTE"],"mode":"matchingAnyTag"}} []
[2024-07-07T16:10:45.580127+00:00] main.DEBUG: cache_invalidate:  {"method":"GET","url":"http:/","invalidateInfo":{"tags":["EAV","EAV_ATTRIBUTE"],"mode":"matchingAnyTag"}} []
[2024-07-07T16:10:45.580268+00:00] main.DEBUG: cache_invalidate:  {"method":"GET","url":"http:/","invalidateInfo":{"tags":["EAV","EAV_ATTRIBUTE"],"mode":"matchingAnyTag"}} []
[2024-07-07T16:10:45.580367+00:00] main.DEBUG: cache_invalidate:  {"method":"GET","url":"http:/","invalidateInfo":{"tags":["EAV_ATTRIBUTE"],"mode":"matchingAnyTag"}} []
[2024-07-07T16:10:45.581790+00:00] main.DEBUG: cache_invalidate:  {"method":"GET","url":"http:/","invalidateInfo":{"tags":["EAV_ATTRIBUTE_11","FPC"],"mode":"matchingTag"}} []
[2024-07-07T16:10:45.581884+00:00] main.DEBUG: cache_invalidate:  {"method":"GET","url":"http:/","invalidateInfo":{"tags":["EAV_ENTITY_TYPES_CUSTOMER_ENTITY","FPC"],"mode":"matchingTag"}} []
[2024-07-07T16:10:45.581973+00:00] main.DEBUG: cache_invalidate:  {"method":"GET","url":"http:/","invalidateInfo":{"tags":["EAV_FORM_adminhtml_checkout_FORM","FPC"],"mode":"matchingTag"}} []
[2024-07-07T16:10:45.582036+00:00] main.DEBUG: cache_invalidate:  {"method":"GET","url":"http:/","invalidateInfo":{"tags":["EAV_FORM_adminhtml_customer_FORM","FPC"],"mode":"matchingTag"}} []
[2024-07-07T16:10:45.582076+00:00] main.DEBUG: cache_invalidate:  {"method":"GET","url":"http:/","invalidateInfo":{"tags":["EAV_FORM_checkout_register_FORM","FPC"],"mode":"matchingTag"}} []
[2024-07-07T16:10:45.582116+00:00] main.DEBUG: cache_invalidate:  {"method":"GET","url":"http:/","invalidateInfo":{"tags":["EAV_FORM_customer_account_create_FORM","FPC"],"mode":"matchingTag"}} []
[2024-07-07T16:10:45.582154+00:00] main.DEBUG: cache_invalidate:  {"method":"GET","url":"http:/","invalidateInfo":{"tags":["EAV_FORM_customer_account_edit_FORM","FPC"],"mode":"matchingTag"}} []
[2024-07-07T16:10:45.582207+00:00] main.DEBUG: cache_invalidate:  {"method":"GET","url":"http:/","invalidateInfo":{"tags":["EAV_ATTRIBUTE_customer_dob","FPC"],"mode":"matchingTag"}} []
[2024-07-07T16:10:45.587203+00:00] main.DEBUG: cache_invalidate:  {"method":"GET","url":"http:/","invalidateInfo":{"tags":["EAV","EAV_ATTRIBUTE"],"mode":"matchingAnyTag"}} []
[2024-07-07T16:10:45.588428+00:00] main.DEBUG: cache_invalidate:  {"method":"GET","url":"http:/","invalidateInfo":{"tags":["EAV","EAV_ATTRIBUTE"],"mode":"matchingAnyTag"}} []
[2024-07-07T16:10:45.588679+00:00] main.DEBUG: cache_invalidate:  {"method":"GET","url":"http:/","invalidateInfo":{"tags":["EAV","EAV_ATTRIBUTE"],"mode":"matchingAnyTag"}} []
[2024-07-07T16:10:45.588819+00:00] main.DEBUG: cache_invalidate:  {"method":"GET","url":"http:/","invalidateInfo":{"tags":["EAV_ATTRIBUTE"],"mode":"matchingAnyTag"}} []
[2024-07-07T16:10:45.590622+00:00] main.DEBUG: cache_invalidate:  {"method":"GET","url":"http:/","invalidateInfo":{"tags":["EAV_ATTRIBUTE_17","FPC"],"mode":"matchingTag"}} []
[2024-07-07T16:10:45.590712+00:00] main.DEBUG: cache_invalidate:  {"method":"GET","url":"http:/","invalidateInfo":{"tags":["EAV_ENTITY_TYPES_CUSTOMER_ENTITY","FPC"],"mode":"matchingTag"}} []
[2024-07-07T16:10:45.590758+00:00] main.DEBUG: cache_invalidate:  {"method":"GET","url":"http:/","invalidateInfo":{"tags":["EAV_FORM_adminhtml_checkout_FORM","FPC"],"mode":"matchingTag"}} []
[2024-07-07T16:10:45.590807+00:00] main.DEBUG: cache_invalidate:  {"method":"GET","url":"http:/","invalidateInfo":{"tags":["EAV_FORM_adminhtml_customer_FORM","FPC"],"mode":"matchingTag"}} []
[2024-07-07T16:10:45.590846+00:00] main.DEBUG: cache_invalidate:  {"method":"GET","url":"http:/","invalidateInfo":{"tags":["EAV_FORM_checkout_register_FORM","FPC"],"mode":"matchingTag"}} []
[2024-07-07T16:10:45.590884+00:00] main.DEBUG: cache_invalidate:  {"method":"GET","url":"http:/","invalidateInfo":{"tags":["EAV_FORM_customer_account_create_FORM","FPC"],"mode":"matchingTag"}} []
[2024-07-07T16:10:45.590933+00:00] main.DEBUG: cache_invalidate:  {"method":"GET","url":"http:/","invalidateInfo":{"tags":["EAV_FORM_customer_account_edit_FORM","FPC"],"mode":"matchingTag"}} []
[2024-07-07T16:10:45.590976+00:00] main.DEBUG: cache_invalidate:  {"method":"GET","url":"http:/","invalidateInfo":{"tags":["EAV_ATTRIBUTE_customer_taxvat","FPC"],"mode":"matchingTag"}} []
[2024-07-07T16:10:45.597069+00:00] main.DEBUG: cache_invalidate:  {"method":"GET","url":"http:/","invalidateInfo":{"tags":["EAV","EAV_ATTRIBUTE"],"mode":"matchingAnyTag"}} []
[2024-07-07T16:10:45.597881+00:00] main.DEBUG: cache_invalidate:  {"method":"GET","url":"http:/","invalidateInfo":{"tags":["EAV","EAV_ATTRIBUTE"],"mode":"matchingAnyTag"}} []
[2024-07-07T16:10:45.598059+00:00] main.DEBUG: cache_invalidate:  {"method":"GET","url":"http:/","invalidateInfo":{"tags":["EAV","EAV_ATTRIBUTE"],"mode":"matchingAnyTag"}} []
[2024-07-07T16:10:45.598173+00:00] main.DEBUG: cache_invalidate:  {"method":"GET","url":"http:/","invalidateInfo":{"tags":["EAV_ATTRIBUTE"],"mode":"matchingAnyTag"}} []
[2024-07-07T16:10:45.599741+00:00] main.DEBUG: cache_invalidate:  {"method":"GET","url":"http:/","invalidateInfo":{"tags":["EAV_ATTRIBUTE_18","FPC"],"mode":"matchingTag"}} []
[2024-07-07T16:10:45.599827+00:00] main.DEBUG: cache_invalidate:  {"method":"GET","url":"http:/","invalidateInfo":{"tags":["EAV_ENTITY_TYPES_CUSTOMER_ENTITY","FPC"],"mode":"matchingTag"}} []
[2024-07-07T16:10:45.599890+00:00] main.DEBUG: cache_invalidate:  {"method":"GET","url":"http:/","invalidateInfo":{"tags":["EAV_ATTRIBUTE_customer_confirmation","FPC"],"mode":"matchingTag"}} []
[2024-07-07T16:10:45.605203+00:00] main.DEBUG: cache_invalidate:  {"method":"GET","url":"http:/","invalidateInfo":{"tags":["EAV","EAV_ATTRIBUTE"],"mode":"matchingAnyTag"}} []
[2024-07-07T16:10:45.605975+00:00] main.DEBUG: cache_invalidate:  {"method":"GET","url":"http:/","invalidateInfo":{"tags":["EAV","EAV_ATTRIBUTE"],"mode":"matchingAnyTag"}} []
[2024-07-07T16:10:45.606145+00:00] main.DEBUG: cache_invalidate:  {"method":"GET","url":"http:/","invalidateInfo":{"tags":["EAV","EAV_ATTRIBUTE"],"mode":"matchingAnyTag"}} []
[2024-07-07T16:10:45.606256+00:00] main.DEBUG: cache_invalidate:  {"method":"GET","url":"http:/","invalidateInfo":{"tags":["EAV_ATTRIBUTE"],"mode":"matchingAnyTag"}} []
[2024-07-07T16:10:45.607837+00:00] main.DEBUG: cache_invalidate:  {"method":"GET","url":"http:/","invalidateInfo":{"tags":["EAV_ATTRIBUTE_19","FPC"],"mode":"matchingTag"}} []
[2024-07-07T16:10:45.607950+00:00] main.DEBUG: cache_invalidate:  {"method":"GET","url":"http:/","invalidateInfo":{"tags":["EAV_ENTITY_TYPES_CUSTOMER_ENTITY","FPC"],"mode":"matchingTag"}} []
[2024-07-07T16:10:45.608012+00:00] main.DEBUG: cache_invalidate:  {"method":"GET","url":"http:/","invalidateInfo":{"tags":["EAV_FORM_adminhtml_customer_FORM","FPC"],"mode":"matchingTag"}} []
[2024-07-07T16:10:45.608093+00:00] main.DEBUG: cache_invalidate:  {"method":"GET","url":"http:/","invalidateInfo":{"tags":["EAV_FORM_checkout_register_FORM","FPC"],"mode":"matchingTag"}} []
[2024-07-07T16:10:45.608139+00:00] main.DEBUG: cache_invalidate:  {"method":"GET","url":"http:/","invalidateInfo":{"tags":["EAV_FORM_customer_account_create_FORM","FPC"],"mode":"matchingTag"}} []
[2024-07-07T16:10:45.608182+00:00] main.DEBUG: cache_invalidate:  {"method":"GET","url":"http:/","invalidateInfo":{"tags":["EAV_FORM_customer_account_edit_FORM","FPC"],"mode":"matchingTag"}} []
[2024-07-07T16:10:45.608226+00:00] main.DEBUG: cache_invalidate:  {"method":"GET","url":"http:/","invalidateInfo":{"tags":["EAV_ATTRIBUTE_customer_created_at","FPC"],"mode":"matchingTag"}} []
[2024-07-07T16:10:45.613988+00:00] main.DEBUG: cache_invalidate:  {"method":"GET","url":"http:/","invalidateInfo":{"tags":["EAV","EAV_ATTRIBUTE"],"mode":"matchingAnyTag"}} []
[2024-07-07T16:10:45.614604+00:00] main.DEBUG: cache_invalidate:  {"method":"GET","url":"http:/","invalidateInfo":{"tags":["EAV","EAV_ATTRIBUTE"],"mode":"matchingAnyTag"}} []
[2024-07-07T16:10:45.614738+00:00] main.DEBUG: cache_invalidate:  {"method":"GET","url":"http:/","invalidateInfo":{"tags":["EAV","EAV_ATTRIBUTE"],"mode":"matchingAnyTag"}} []
[2024-07-07T16:10:45.614850+00:00] main.DEBUG: cache_invalidate:  {"method":"GET","url":"http:/","invalidateInfo":{"tags":["EAV_ATTRIBUTE"],"mode":"matchingAnyTag"}} []
[2024-07-07T16:10:45.616146+00:00] main.DEBUG: cache_invalidate:  {"method":"GET","url":"http:/","invalidateInfo":{"tags":["EAV_ATTRIBUTE_20","FPC"],"mode":"matchingTag"}} []
[2024-07-07T16:10:45.616218+00:00] main.DEBUG: cache_invalidate:  {"method":"GET","url":"http:/","invalidateInfo":{"tags":["EAV_ENTITY_TYPES_CUSTOMER_ENTITY","FPC"],"mode":"matchingTag"}} []
[2024-07-07T16:10:45.616262+00:00] main.DEBUG: cache_invalidate:  {"method":"GET","url":"http:/","invalidateInfo":{"tags":["EAV_FORM_adminhtml_checkout_FORM","FPC"],"mode":"matchingTag"}} []
[2024-07-07T16:10:45.616307+00:00] main.DEBUG: cache_invalidate:  {"method":"GET","url":"http:/","invalidateInfo":{"tags":["EAV_FORM_adminhtml_customer_FORM","FPC"],"mode":"matchingTag"}} []
[2024-07-07T16:10:45.616363+00:00] main.DEBUG: cache_invalidate:  {"method":"GET","url":"http:/","invalidateInfo":{"tags":["EAV_FORM_checkout_register_FORM","FPC"],"mode":"matchingTag"}} []
[2024-07-07T16:10:45.616419+00:00] main.DEBUG: cache_invalidate:  {"method":"GET","url":"http:/","invalidateInfo":{"tags":["EAV_FORM_customer_account_create_FORM","FPC"],"mode":"matchingTag"}} []
[2024-07-07T16:10:45.616459+00:00] main.DEBUG: cache_invalidate:  {"method":"GET","url":"http:/","invalidateInfo":{"tags":["EAV_FORM_customer_account_edit_FORM","FPC"],"mode":"matchingTag"}} []
[2024-07-07T16:10:45.616502+00:00] main.DEBUG: cache_invalidate:  {"method":"GET","url":"http:/","invalidateInfo":{"tags":["EAV_ATTRIBUTE_customer_gender","FPC"],"mode":"matchingTag"}} []
[2024-07-07T16:10:45.629975+00:00] main.DEBUG: cache_invalidate:  {"method":"GET","url":"http:/","invalidateInfo":{"tags":["EAV","EAV_ATTRIBUTE"],"mode":"matchingAnyTag"}} []
[2024-07-07T16:10:45.630803+00:00] main.DEBUG: cache_invalidate:  {"method":"GET","url":"http:/","invalidateInfo":{"tags":["EAV","EAV_ATTRIBUTE"],"mode":"matchingAnyTag"}} []
[2024-07-07T16:10:45.630971+00:00] main.DEBUG: cache_invalidate:  {"method":"GET","url":"http:/","invalidateInfo":{"tags":["EAV","EAV_ATTRIBUTE"],"mode":"matchingAnyTag"}} []
[2024-07-07T16:10:45.631089+00:00] main.DEBUG: cache_invalidate:  {"method":"GET","url":"http:/","invalidateInfo":{"tags":["EAV_ATTRIBUTE"],"mode":"matchingAnyTag"}} []
[2024-07-07T16:10:45.633088+00:00] main.DEBUG: cache_invalidate:  {"method":"GET","url":"http:/","invalidateInfo":{"tags":["EAV_ATTRIBUTE_27","FPC"],"mode":"matchingTag"}} []
[2024-07-07T16:10:45.633175+00:00] main.DEBUG: cache_invalidate:  {"method":"GET","url":"http:/","invalidateInfo":{"tags":["EAV_ENTITY_TYPES_CUSTOMER_ADDRESS_ENTITY","FPC"],"mode":"matchingTag"}} []
[2024-07-07T16:10:45.633221+00:00] main.DEBUG: cache_invalidate:  {"method":"GET","url":"http:/","invalidateInfo":{"tags":["EAV_FORM_adminhtml_customer_address_FORM","FPC"],"mode":"matchingTag"}} []
[2024-07-07T16:10:45.633265+00:00] main.DEBUG: cache_invalidate:  {"method":"GET","url":"http:/","invalidateInfo":{"tags":["EAV_FORM_customer_address_edit_FORM","FPC"],"mode":"matchingTag"}} []
[2024-07-07T16:10:45.633305+00:00] main.DEBUG: cache_invalidate:  {"method":"GET","url":"http:/","invalidateInfo":{"tags":["EAV_FORM_customer_register_address_FORM","FPC"],"mode":"matchingTag"}} []
[2024-07-07T16:10:45.633346+00:00] main.DEBUG: cache_invalidate:  {"method":"GET","url":"http:/","invalidateInfo":{"tags":["EAV_ATTRIBUTE_customer_address_company","FPC"],"mode":"matchingTag"}} []
[2024-07-07T16:10:45.639979+00:00] main.DEBUG: cache_invalidate:  {"method":"GET","url":"http:/","invalidateInfo":{"tags":["EAV","EAV_ATTRIBUTE"],"mode":"matchingAnyTag"}} []
[2024-07-07T16:10:45.641162+00:00] main.DEBUG: cache_invalidate:  {"method":"GET","url":"http:/","invalidateInfo":{"tags":["EAV","EAV_ATTRIBUTE"],"mode":"matchingAnyTag"}} []
[2024-07-07T16:10:45.641313+00:00] main.DEBUG: cache_invalidate:  {"method":"GET","url":"http:/","invalidateInfo":{"tags":["EAV","EAV_ATTRIBUTE"],"mode":"matchingAnyTag"}} []
[2024-07-07T16:10:45.641431+00:00] main.DEBUG: cache_invalidate:  {"method":"GET","url":"http:/","invalidateInfo":{"tags":["EAV_ATTRIBUTE"],"mode":"matchingAnyTag"}} []
[2024-07-07T16:10:45.643697+00:00] main.DEBUG: cache_invalidate:  {"method":"GET","url":"http:/","invalidateInfo":{"tags":["EAV_ATTRIBUTE_28","FPC"],"mode":"matchingTag"}} []
[2024-07-07T16:10:45.643787+00:00] main.DEBUG: cache_invalidate:  {"method":"GET","url":"http:/","invalidateInfo":{"tags":["EAV_ENTITY_TYPES_CUSTOMER_ADDRESS_ENTITY","FPC"],"mode":"matchingTag"}} []
[2024-07-07T16:10:45.643836+00:00] main.DEBUG: cache_invalidate:  {"method":"GET","url":"http:/","invalidateInfo":{"tags":["EAV_FORM_adminhtml_customer_address_FORM","FPC"],"mode":"matchingTag"}} []
[2024-07-07T16:10:45.643879+00:00] main.DEBUG: cache_invalidate:  {"method":"GET","url":"http:/","invalidateInfo":{"tags":["EAV_FORM_customer_address_edit_FORM","FPC"],"mode":"matchingTag"}} []
[2024-07-07T16:10:45.643918+00:00] main.DEBUG: cache_invalidate:  {"method":"GET","url":"http:/","invalidateInfo":{"tags":["EAV_FORM_customer_register_address_FORM","FPC"],"mode":"matchingTag"}} []
[2024-07-07T16:10:45.643959+00:00] main.DEBUG: cache_invalidate:  {"method":"GET","url":"http:/","invalidateInfo":{"tags":["EAV_ATTRIBUTE_customer_address_street","FPC"],"mode":"matchingTag"}} []
[2024-07-07T16:10:45.649868+00:00] main.DEBUG: cache_invalidate:  {"method":"GET","url":"http:/","invalidateInfo":{"tags":["EAV","EAV_ATTRIBUTE"],"mode":"matchingAnyTag"}} []
[2024-07-07T16:10:45.650826+00:00] main.DEBUG: cache_invalidate:  {"method":"GET","url":"http:/","invalidateInfo":{"tags":["EAV","EAV_ATTRIBUTE"],"mode":"matchingAnyTag"}} []
[2024-07-07T16:10:45.651287+00:00] main.DEBUG: cache_invalidate:  {"method":"GET","url":"http:/","invalidateInfo":{"tags":["EAV","EAV_ATTRIBUTE"],"mode":"matchingAnyTag"}} []
[2024-07-07T16:10:45.651561+00:00] main.DEBUG: cache_invalidate:  {"method":"GET","url":"http:/","invalidateInfo":{"tags":["EAV_ATTRIBUTE"],"mode":"matchingAnyTag"}} []
[2024-07-07T16:10:45.654151+00:00] main.DEBUG: cache_invalidate:  {"method":"GET","url":"http:/","invalidateInfo":{"tags":["EAV_ATTRIBUTE_29","FPC"],"mode":"matchingTag"}} []
[2024-07-07T16:10:45.654364+00:00] main.DEBUG: cache_invalidate:  {"method":"GET","url":"http:/","invalidateInfo":{"tags":["EAV_ENTITY_TYPES_CUSTOMER_ADDRESS_ENTITY","FPC"],"mode":"matchingTag"}} []
[2024-07-07T16:10:45.654445+00:00] main.DEBUG: cache_invalidate:  {"method":"GET","url":"http:/","invalidateInfo":{"tags":["EAV_FORM_adminhtml_customer_address_FORM","FPC"],"mode":"matchingTag"}} []
[2024-07-07T16:10:45.654506+00:00] main.DEBUG: cache_invalidate:  {"method":"GET","url":"http:/","invalidateInfo":{"tags":["EAV_FORM_customer_address_edit_FORM","FPC"],"mode":"matchingTag"}} []
[2024-07-07T16:10:45.654617+00:00] main.DEBUG: cache_invalidate:  {"method":"GET","url":"http:/","invalidateInfo":{"tags":["EAV_FORM_customer_register_address_FORM","FPC"],"mode":"matchingTag"}} []
[2024-07-07T16:10:45.654719+00:00] main.DEBUG: cache_invalidate:  {"method":"GET","url":"http:/","invalidateInfo":{"tags":["EAV_ATTRIBUTE_customer_address_city","FPC"],"mode":"matchingTag"}} []
[2024-07-07T16:10:45.662175+00:00] main.DEBUG: cache_invalidate:  {"method":"GET","url":"http:/","invalidateInfo":{"tags":["EAV","EAV_ATTRIBUTE"],"mode":"matchingAnyTag"}} []
[2024-07-07T16:10:45.663150+00:00] main.DEBUG: cache_invalidate:  {"method":"GET","url":"http:/","invalidateInfo":{"tags":["EAV","EAV_ATTRIBUTE"],"mode":"matchingAnyTag"}} []
[2024-07-07T16:10:45.663378+00:00] main.DEBUG: cache_invalidate:  {"method":"GET","url":"http:/","invalidateInfo":{"tags":["EAV","EAV_ATTRIBUTE"],"mode":"matchingAnyTag"}} []
[2024-07-07T16:10:45.663545+00:00] main.DEBUG: cache_invalidate:  {"method":"GET","url":"http:/","invalidateInfo":{"tags":["EAV_ATTRIBUTE"],"mode":"matchingAnyTag"}} []
[2024-07-07T16:10:45.665347+00:00] main.DEBUG: cache_invalidate:  {"method":"GET","url":"http:/","invalidateInfo":{"tags":["EAV_ATTRIBUTE_30","FPC"],"mode":"matchingTag"}} []
[2024-07-07T16:10:45.665481+00:00] main.DEBUG: cache_invalidate:  {"method":"GET","url":"http:/","invalidateInfo":{"tags":["EAV_ENTITY_TYPES_CUSTOMER_ADDRESS_ENTITY","FPC"],"mode":"matchingTag"}} []
[2024-07-07T16:10:45.665552+00:00] main.DEBUG: cache_invalidate:  {"method":"GET","url":"http:/","invalidateInfo":{"tags":["EAV_FORM_adminhtml_customer_address_FORM","FPC"],"mode":"matchingTag"}} []
[2024-07-07T16:10:45.665604+00:00] main.DEBUG: cache_invalidate:  {"method":"GET","url":"http:/","invalidateInfo":{"tags":["EAV_FORM_customer_address_edit_FORM","FPC"],"mode":"matchingTag"}} []
[2024-07-07T16:10:45.665644+00:00] main.DEBUG: cache_invalidate:  {"method":"GET","url":"http:/","invalidateInfo":{"tags":["EAV_FORM_customer_register_address_FORM","FPC"],"mode":"matchingTag"}} []
[2024-07-07T16:10:45.665692+00:00] main.DEBUG: cache_invalidate:  {"method":"GET","url":"http:/","invalidateInfo":{"tags":["EAV_ATTRIBUTE_customer_address_country_id","FPC"],"mode":"matchingTag"}} []
[2024-07-07T16:10:45.673305+00:00] main.DEBUG: cache_invalidate:  {"method":"GET","url":"http:/","invalidateInfo":{"tags":["EAV","EAV_ATTRIBUTE"],"mode":"matchingAnyTag"}} []
[2024-07-07T16:10:45.674217+00:00] main.DEBUG: cache_invalidate:  {"method":"GET","url":"http:/","invalidateInfo":{"tags":["EAV","EAV_ATTRIBUTE"],"mode":"matchingAnyTag"}} []
[2024-07-07T16:10:45.674424+00:00] main.DEBUG: cache_invalidate:  {"method":"GET","url":"http:/","invalidateInfo":{"tags":["EAV","EAV_ATTRIBUTE"],"mode":"matchingAnyTag"}} []
[2024-07-07T16:10:45.674592+00:00] main.DEBUG: cache_invalidate:  {"method":"GET","url":"http:/","invalidateInfo":{"tags":["EAV_ATTRIBUTE"],"mode":"matchingAnyTag"}} []
[2024-07-07T16:10:45.677590+00:00] main.DEBUG: cache_invalidate:  {"method":"GET","url":"http:/","invalidateInfo":{"tags":["EAV_ATTRIBUTE_31","FPC"],"mode":"matchingTag"}} []
[2024-07-07T16:10:45.677726+00:00] main.DEBUG: cache_invalidate:  {"method":"GET","url":"http:/","invalidateInfo":{"tags":["EAV_ENTITY_TYPES_CUSTOMER_ADDRESS_ENTITY","FPC"],"mode":"matchingTag"}} []
[2024-07-07T16:10:45.677798+00:00] main.DEBUG: cache_invalidate:  {"method":"GET","url":"http:/","invalidateInfo":{"tags":["EAV_FORM_adminhtml_customer_address_FORM","FPC"],"mode":"matchingTag"}} []
[2024-07-07T16:10:45.677842+00:00] main.DEBUG: cache_invalidate:  {"method":"GET","url":"http:/","invalidateInfo":{"tags":["EAV_FORM_customer_address_edit_FORM","FPC"],"mode":"matchingTag"}} []
[2024-07-07T16:10:45.677883+00:00] main.DEBUG: cache_invalidate:  {"method":"GET","url":"http:/","invalidateInfo":{"tags":["EAV_FORM_customer_register_address_FORM","FPC"],"mode":"matchingTag"}} []
[2024-07-07T16:10:45.677930+00:00] main.DEBUG: cache_invalidate:  {"method":"GET","url":"http:/","invalidateInfo":{"tags":["EAV_ATTRIBUTE_customer_address_region","FPC"],"mode":"matchingTag"}} []
[2024-07-07T16:10:45.685310+00:00] main.DEBUG: cache_invalidate:  {"method":"GET","url":"http:/","invalidateInfo":{"tags":["EAV","EAV_ATTRIBUTE"],"mode":"matchingAnyTag"}} []
[2024-07-07T16:10:45.686257+00:00] main.DEBUG: cache_invalidate:  {"method":"GET","url":"http:/","invalidateInfo":{"tags":["EAV","EAV_ATTRIBUTE"],"mode":"matchingAnyTag"}} []
[2024-07-07T16:10:45.686477+00:00] main.DEBUG: cache_invalidate:  {"method":"GET","url":"http:/","invalidateInfo":{"tags":["EAV","EAV_ATTRIBUTE"],"mode":"matchingAnyTag"}} []
[2024-07-07T16:10:45.686644+00:00] main.DEBUG: cache_invalidate:  {"method":"GET","url":"http:/","invalidateInfo":{"tags":["EAV_ATTRIBUTE"],"mode":"matchingAnyTag"}} []
[2024-07-07T16:10:45.688580+00:00] main.DEBUG: cache_invalidate:  {"method":"GET","url":"http:/","invalidateInfo":{"tags":["EAV_ATTRIBUTE_32","FPC"],"mode":"matchingTag"}} []
[2024-07-07T16:10:45.688681+00:00] main.DEBUG: cache_invalidate:  {"method":"GET","url":"http:/","invalidateInfo":{"tags":["EAV_ENTITY_TYPES_CUSTOMER_ADDRESS_ENTITY","FPC"],"mode":"matchingTag"}} []
[2024-07-07T16:10:45.688726+00:00] main.DEBUG: cache_invalidate:  {"method":"GET","url":"http:/","invalidateInfo":{"tags":["EAV_FORM_adminhtml_customer_address_FORM","FPC"],"mode":"matchingTag"}} []
[2024-07-07T16:10:45.688777+00:00] main.DEBUG: cache_invalidate:  {"method":"GET","url":"http:/","invalidateInfo":{"tags":["EAV_FORM_customer_address_edit_FORM","FPC"],"mode":"matchingTag"}} []
[2024-07-07T16:10:45.688817+00:00] main.DEBUG: cache_invalidate:  {"method":"GET","url":"http:/","invalidateInfo":{"tags":["EAV_FORM_customer_register_address_FORM","FPC"],"mode":"matchingTag"}} []
[2024-07-07T16:10:45.688862+00:00] main.DEBUG: cache_invalidate:  {"method":"GET","url":"http:/","invalidateInfo":{"tags":["EAV_ATTRIBUTE_customer_address_region_id","FPC"],"mode":"matchingTag"}} []
[2024-07-07T16:10:45.693469+00:00] main.DEBUG: cache_invalidate:  {"method":"GET","url":"http:/","invalidateInfo":{"tags":["EAV","EAV_ATTRIBUTE"],"mode":"matchingAnyTag"}} []
[2024-07-07T16:10:45.694977+00:00] main.DEBUG: cache_invalidate:  {"method":"GET","url":"http:/","invalidateInfo":{"tags":["EAV","EAV_ATTRIBUTE"],"mode":"matchingAnyTag"}} []
[2024-07-07T16:10:45.695123+00:00] main.DEBUG: cache_invalidate:  {"method":"GET","url":"http:/","invalidateInfo":{"tags":["EAV","EAV_ATTRIBUTE"],"mode":"matchingAnyTag"}} []
[2024-07-07T16:10:45.695228+00:00] main.DEBUG: cache_invalidate:  {"method":"GET","url":"http:/","invalidateInfo":{"tags":["EAV_ATTRIBUTE"],"mode":"matchingAnyTag"}} []
[2024-07-07T16:10:45.696919+00:00] main.DEBUG: cache_invalidate:  {"method":"GET","url":"http:/","invalidateInfo":{"tags":["EAV_ATTRIBUTE_33","FPC"],"mode":"matchingTag"}} []
[2024-07-07T16:10:45.697047+00:00] main.DEBUG: cache_invalidate:  {"method":"GET","url":"http:/","invalidateInfo":{"tags":["EAV_ENTITY_TYPES_CUSTOMER_ADDRESS_ENTITY","FPC"],"mode":"matchingTag"}} []
[2024-07-07T16:10:45.697117+00:00] main.DEBUG: cache_invalidate:  {"method":"GET","url":"http:/","invalidateInfo":{"tags":["EAV_FORM_adminhtml_customer_address_FORM","FPC"],"mode":"matchingTag"}} []
[2024-07-07T16:10:45.697186+00:00] main.DEBUG: cache_invalidate:  {"method":"GET","url":"http:/","invalidateInfo":{"tags":["EAV_FORM_customer_address_edit_FORM","FPC"],"mode":"matchingTag"}} []
[2024-07-07T16:10:45.697247+00:00] main.DEBUG: cache_invalidate:  {"method":"GET","url":"http:/","invalidateInfo":{"tags":["EAV_FORM_customer_register_address_FORM","FPC"],"mode":"matchingTag"}} []
[2024-07-07T16:10:45.697312+00:00] main.DEBUG: cache_invalidate:  {"method":"GET","url":"http:/","invalidateInfo":{"tags":["EAV_ATTRIBUTE_customer_address_postcode","FPC"],"mode":"matchingTag"}} []
[2024-07-07T16:10:45.704325+00:00] main.DEBUG: cache_invalidate:  {"method":"GET","url":"http:/","invalidateInfo":{"tags":["EAV","EAV_ATTRIBUTE"],"mode":"matchingAnyTag"}} []
[2024-07-07T16:10:45.705275+00:00] main.DEBUG: cache_invalidate:  {"method":"GET","url":"http:/","invalidateInfo":{"tags":["EAV","EAV_ATTRIBUTE"],"mode":"matchingAnyTag"}} []
[2024-07-07T16:10:45.705478+00:00] main.DEBUG: cache_invalidate:  {"method":"GET","url":"http:/","invalidateInfo":{"tags":["EAV","EAV_ATTRIBUTE"],"mode":"matchingAnyTag"}} []
[2024-07-07T16:10:45.705654+00:00] main.DEBUG: cache_invalidate:  {"method":"GET","url":"http:/","invalidateInfo":{"tags":["EAV_ATTRIBUTE"],"mode":"matchingAnyTag"}} []
[2024-07-07T16:10:45.707729+00:00] main.DEBUG: cache_invalidate:  {"method":"GET","url":"http:/","invalidateInfo":{"tags":["EAV_ATTRIBUTE_34","FPC"],"mode":"matchingTag"}} []
[2024-07-07T16:10:45.707826+00:00] main.DEBUG: cache_invalidate:  {"method":"GET","url":"http:/","invalidateInfo":{"tags":["EAV_ENTITY_TYPES_CUSTOMER_ADDRESS_ENTITY","FPC"],"mode":"matchingTag"}} []
[2024-07-07T16:10:45.707876+00:00] main.DEBUG: cache_invalidate:  {"method":"GET","url":"http:/","invalidateInfo":{"tags":["EAV_FORM_adminhtml_customer_address_FORM","FPC"],"mode":"matchingTag"}} []
[2024-07-07T16:10:45.707927+00:00] main.DEBUG: cache_invalidate:  {"method":"GET","url":"http:/","invalidateInfo":{"tags":["EAV_FORM_customer_address_edit_FORM","FPC"],"mode":"matchingTag"}} []
[2024-07-07T16:10:45.707973+00:00] main.DEBUG: cache_invalidate:  {"method":"GET","url":"http:/","invalidateInfo":{"tags":["EAV_FORM_customer_register_address_FORM","FPC"],"mode":"matchingTag"}} []
[2024-07-07T16:10:45.708031+00:00] main.DEBUG: cache_invalidate:  {"method":"GET","url":"http:/","invalidateInfo":{"tags":["EAV_ATTRIBUTE_customer_address_telephone","FPC"],"mode":"matchingTag"}} []
[2024-07-07T16:10:45.714857+00:00] main.DEBUG: cache_invalidate:  {"method":"GET","url":"http:/","invalidateInfo":{"tags":["EAV","EAV_ATTRIBUTE"],"mode":"matchingAnyTag"}} []
[2024-07-07T16:10:45.715737+00:00] main.DEBUG: cache_invalidate:  {"method":"GET","url":"http:/","invalidateInfo":{"tags":["EAV","EAV_ATTRIBUTE"],"mode":"matchingAnyTag"}} []
[2024-07-07T16:10:45.715919+00:00] main.DEBUG: cache_invalidate:  {"method":"GET","url":"http:/","invalidateInfo":{"tags":["EAV","EAV_ATTRIBUTE"],"mode":"matchingAnyTag"}} []
[2024-07-07T16:10:45.716052+00:00] main.DEBUG: cache_invalidate:  {"method":"GET","url":"http:/","invalidateInfo":{"tags":["EAV_ATTRIBUTE"],"mode":"matchingAnyTag"}} []
[2024-07-07T16:10:45.717590+00:00] main.DEBUG: cache_invalidate:  {"method":"GET","url":"http:/","invalidateInfo":{"tags":["EAV_ATTRIBUTE_35","FPC"],"mode":"matchingTag"}} []
[2024-07-07T16:10:45.717693+00:00] main.DEBUG: cache_invalidate:  {"method":"GET","url":"http:/","invalidateInfo":{"tags":["EAV_ENTITY_TYPES_CUSTOMER_ADDRESS_ENTITY","FPC"],"mode":"matchingTag"}} []
[2024-07-07T16:10:45.717762+00:00] main.DEBUG: cache_invalidate:  {"method":"GET","url":"http:/","invalidateInfo":{"tags":["EAV_FORM_adminhtml_customer_address_FORM","FPC"],"mode":"matchingTag"}} []
[2024-07-07T16:10:45.717820+00:00] main.DEBUG: cache_invalidate:  {"method":"GET","url":"http:/","invalidateInfo":{"tags":["EAV_FORM_customer_address_edit_FORM","FPC"],"mode":"matchingTag"}} []
[2024-07-07T16:10:45.717872+00:00] main.DEBUG: cache_invalidate:  {"method":"GET","url":"http:/","invalidateInfo":{"tags":["EAV_FORM_customer_register_address_FORM","FPC"],"mode":"matchingTag"}} []
[2024-07-07T16:10:45.717934+00:00] main.DEBUG: cache_invalidate:  {"method":"GET","url":"http:/","invalidateInfo":{"tags":["EAV_ATTRIBUTE_customer_address_fax","FPC"],"mode":"matchingTag"}} []
[2024-07-07T16:10:45.719571+00:00] main.DEBUG: cache_invalidate:  {"method":"GET","url":"http:/","invalidateInfo":{"tags":["EAV_ATTRIBUTE_1","FPC"],"mode":"matchingTag"}} []
[2024-07-07T16:10:45.719674+00:00] main.DEBUG: cache_invalidate:  {"method":"GET","url":"http:/","invalidateInfo":{"tags":["EAV_ATTRIBUTE_customer_website_id","FPC"],"mode":"matchingTag"}} []
[2024-07-07T16:10:45.720285+00:00] main.DEBUG: cache_invalidate:  {"method":"GET","url":"http:/","invalidateInfo":{"tags":["EAV_ATTRIBUTE_3","FPC"],"mode":"matchingTag"}} []
[2024-07-07T16:10:45.720359+00:00] main.DEBUG: cache_invalidate:  {"method":"GET","url":"http:/","invalidateInfo":{"tags":["EAV_ATTRIBUTE_customer_created_in","FPC"],"mode":"matchingTag"}} []
[2024-07-07T16:10:45.720789+00:00] main.DEBUG: cache_invalidate:  {"method":"GET","url":"http:/","invalidateInfo":{"tags":["EAV_ATTRIBUTE_9","FPC"],"mode":"matchingTag"}} []
[2024-07-07T16:10:45.720851+00:00] main.DEBUG: cache_invalidate:  {"method":"GET","url":"http:/","invalidateInfo":{"tags":["EAV_ATTRIBUTE_customer_email","FPC"],"mode":"matchingTag"}} []
[2024-07-07T16:10:45.721153+00:00] main.DEBUG: cache_invalidate:  {"method":"GET","url":"http:/","invalidateInfo":{"tags":["EAV_ATTRIBUTE_10","FPC"],"mode":"matchingTag"}} []
[2024-07-07T16:10:45.721205+00:00] main.DEBUG: cache_invalidate:  {"method":"GET","url":"http:/","invalidateInfo":{"tags":["EAV_ATTRIBUTE_customer_group_id","FPC"],"mode":"matchingTag"}} []
[2024-07-07T16:10:45.721547+00:00] main.DEBUG: cache_invalidate:  {"method":"GET","url":"http:/","invalidateInfo":{"tags":["EAV_ATTRIBUTE_11","FPC"],"mode":"matchingTag"}} []
[2024-07-07T16:10:45.721629+00:00] main.DEBUG: cache_invalidate:  {"method":"GET","url":"http:/","invalidateInfo":{"tags":["EAV_ATTRIBUTE_customer_dob","FPC"],"mode":"matchingTag"}} []
[2024-07-07T16:10:45.722033+00:00] main.DEBUG: cache_invalidate:  {"method":"GET","url":"http:/","invalidateInfo":{"tags":["EAV_ATTRIBUTE_17","FPC"],"mode":"matchingTag"}} []
[2024-07-07T16:10:45.722108+00:00] main.DEBUG: cache_invalidate:  {"method":"GET","url":"http:/","invalidateInfo":{"tags":["EAV_ATTRIBUTE_customer_taxvat","FPC"],"mode":"matchingTag"}} []
[2024-07-07T16:10:45.722822+00:00] main.DEBUG: cache_invalidate:  {"method":"GET","url":"http:/","invalidateInfo":{"tags":["EAV_ATTRIBUTE_18","FPC"],"mode":"matchingTag"}} []
[2024-07-07T16:10:45.722903+00:00] main.DEBUG: cache_invalidate:  {"method":"GET","url":"http:/","invalidateInfo":{"tags":["EAV_ATTRIBUTE_customer_confirmation","FPC"],"mode":"matchingTag"}} []
[2024-07-07T16:10:45.723256+00:00] main.DEBUG: cache_invalidate:  {"method":"GET","url":"http:/","invalidateInfo":{"tags":["EAV_ATTRIBUTE_19","FPC"],"mode":"matchingTag"}} []
[2024-07-07T16:10:45.723320+00:00] main.DEBUG: cache_invalidate:  {"method":"GET","url":"http:/","invalidateInfo":{"tags":["EAV_ATTRIBUTE_customer_created_at","FPC"],"mode":"matchingTag"}} []
[2024-07-07T16:10:45.723788+00:00] main.DEBUG: cache_invalidate:  {"method":"GET","url":"http:/","invalidateInfo":{"tags":["EAV_ATTRIBUTE_20","FPC"],"mode":"matchingTag"}} []
[2024-07-07T16:10:45.723889+00:00] main.DEBUG: cache_invalidate:  {"method":"GET","url":"http:/","invalidateInfo":{"tags":["EAV_ATTRIBUTE_customer_gender","FPC"],"mode":"matchingTag"}} []
[2024-07-07T16:10:45.724448+00:00] main.DEBUG: cache_invalidate:  {"method":"GET","url":"http:/","invalidateInfo":{"tags":["EAV_ATTRIBUTE_27","FPC"],"mode":"matchingTag"}} []
[2024-07-07T16:10:45.724545+00:00] main.DEBUG: cache_invalidate:  {"method":"GET","url":"http:/","invalidateInfo":{"tags":["EAV_ATTRIBUTE_customer_address_company","FPC"],"mode":"matchingTag"}} []
[2024-07-07T16:10:45.725116+00:00] main.DEBUG: cache_invalidate:  {"method":"GET","url":"http:/","invalidateInfo":{"tags":["EAV_ATTRIBUTE_28","FPC"],"mode":"matchingTag"}} []
[2024-07-07T16:10:45.725205+00:00] main.DEBUG: cache_invalidate:  {"method":"GET","url":"http:/","invalidateInfo":{"tags":["EAV_ATTRIBUTE_customer_address_street","FPC"],"mode":"matchingTag"}} []
[2024-07-07T16:10:45.725629+00:00] main.DEBUG: cache_invalidate:  {"method":"GET","url":"http:/","invalidateInfo":{"tags":["EAV_ATTRIBUTE_29","FPC"],"mode":"matchingTag"}} []
[2024-07-07T16:10:45.725851+00:00] main.DEBUG: cache_invalidate:  {"method":"GET","url":"http:/","invalidateInfo":{"tags":["EAV_ATTRIBUTE_customer_address_city","FPC"],"mode":"matchingTag"}} []
[2024-07-07T16:10:45.726325+00:00] main.DEBUG: cache_invalidate:  {"method":"GET","url":"http:/","invalidateInfo":{"tags":["EAV_ATTRIBUTE_30","FPC"],"mode":"matchingTag"}} []
[2024-07-07T16:10:45.726412+00:00] main.DEBUG: cache_invalidate:  {"method":"GET","url":"http:/","invalidateInfo":{"tags":["EAV_ATTRIBUTE_customer_address_country_id","FPC"],"mode":"matchingTag"}} []
[2024-07-07T16:10:45.727062+00:00] main.DEBUG: cache_invalidate:  {"method":"GET","url":"http:/","invalidateInfo":{"tags":["EAV_ATTRIBUTE_31","FPC"],"mode":"matchingTag"}} []
[2024-07-07T16:10:45.727154+00:00] main.DEBUG: cache_invalidate:  {"method":"GET","url":"http:/","invalidateInfo":{"tags":["EAV_ATTRIBUTE_customer_address_region","FPC"],"mode":"matchingTag"}} []
[2024-07-07T16:10:45.727664+00:00] main.DEBUG: cache_invalidate:  {"method":"GET","url":"http:/","invalidateInfo":{"tags":["EAV_ATTRIBUTE_32","FPC"],"mode":"matchingTag"}} []
[2024-07-07T16:10:45.727728+00:00] main.DEBUG: cache_invalidate:  {"method":"GET","url":"http:/","invalidateInfo":{"tags":["EAV_ATTRIBUTE_customer_address_region_id","FPC"],"mode":"matchingTag"}} []
[2024-07-07T16:10:45.728314+00:00] main.DEBUG: cache_invalidate:  {"method":"GET","url":"http:/","invalidateInfo":{"tags":["EAV_ATTRIBUTE_33","FPC"],"mode":"matchingTag"}} []
[2024-07-07T16:10:45.728443+00:00] main.DEBUG: cache_invalidate:  {"method":"GET","url":"http:/","invalidateInfo":{"tags":["EAV_ATTRIBUTE_customer_address_postcode","FPC"],"mode":"matchingTag"}} []
[2024-07-07T16:10:45.729245+00:00] main.DEBUG: cache_invalidate:  {"method":"GET","url":"http:/","invalidateInfo":{"tags":["EAV_ATTRIBUTE_34","FPC"],"mode":"matchingTag"}} []
[2024-07-07T16:10:45.729404+00:00] main.DEBUG: cache_invalidate:  {"method":"GET","url":"http:/","invalidateInfo":{"tags":["EAV_ATTRIBUTE_customer_address_telephone","FPC"],"mode":"matchingTag"}} []
[2024-07-07T16:10:45.729975+00:00] main.DEBUG: cache_invalidate:  {"method":"GET","url":"http:/","invalidateInfo":{"tags":["EAV_ATTRIBUTE_35","FPC"],"mode":"matchingTag"}} []
[2024-07-07T16:10:45.730076+00:00] main.DEBUG: cache_invalidate:  {"method":"GET","url":"http:/","invalidateInfo":{"tags":["EAV_ATTRIBUTE_customer_address_fax","FPC"],"mode":"matchingTag"}} []
[2024-07-07T16:10:45.740218+00:00] main.DEBUG: cache_invalidate:  {"method":"GET","url":"http:/","invalidateInfo":{"tags":["EAV","EAV_ATTRIBUTE"],"mode":"matchingAnyTag"}} []
[2024-07-07T16:10:45.741693+00:00] main.DEBUG: cache_invalidate:  {"method":"GET","url":"http:/","invalidateInfo":{"tags":["EAV","EAV_ATTRIBUTE"],"mode":"matchingAnyTag"}} []
[2024-07-07T16:10:45.741992+00:00] main.DEBUG: cache_invalidate:  {"method":"GET","url":"http:/","invalidateInfo":{"tags":["EAV","EAV_ATTRIBUTE"],"mode":"matchingAnyTag"}} []
[2024-07-07T16:10:45.742324+00:00] main.DEBUG: cache_invalidate:  {"method":"GET","url":"http:/","invalidateInfo":{"tags":["EAV_ATTRIBUTE"],"mode":"matchingAnyTag"}} []
[2024-07-07T16:10:45.744367+00:00] main.DEBUG: cache_invalidate:  {"method":"GET","url":"http:/","invalidateInfo":{"tags":["EAV_ATTRIBUTE_32","FPC"],"mode":"matchingTag"}} []
[2024-07-07T16:10:45.744477+00:00] main.DEBUG: cache_invalidate:  {"method":"GET","url":"http:/","invalidateInfo":{"tags":["EAV_ENTITY_TYPES_CUSTOMER_ADDRESS_ENTITY","FPC"],"mode":"matchingTag"}} []
[2024-07-07T16:10:45.744537+00:00] main.DEBUG: cache_invalidate:  {"method":"GET","url":"http:/","invalidateInfo":{"tags":["EAV_FORM_adminhtml_customer_address_FORM","FPC"],"mode":"matchingTag"}} []
[2024-07-07T16:10:45.744591+00:00] main.DEBUG: cache_invalidate:  {"method":"GET","url":"http:/","invalidateInfo":{"tags":["EAV_FORM_customer_address_edit_FORM","FPC"],"mode":"matchingTag"}} []
[2024-07-07T16:10:45.744645+00:00] main.DEBUG: cache_invalidate:  {"method":"GET","url":"http:/","invalidateInfo":{"tags":["EAV_FORM_customer_register_address_FORM","FPC"],"mode":"matchingTag"}} []
[2024-07-07T16:10:45.744701+00:00] main.DEBUG: cache_invalidate:  {"method":"GET","url":"http:/","invalidateInfo":{"tags":["EAV_ATTRIBUTE_customer_address_region_id","FPC"],"mode":"matchingTag"}} []
[2024-07-07T16:10:45.750514+00:00] main.DEBUG: cache_invalidate:  {"method":"GET","url":"http:/","invalidateInfo":{"tags":["EAV","EAV_ATTRIBUTE"],"mode":"matchingAnyTag"}} []
[2024-07-07T16:10:45.751312+00:00] main.DEBUG: cache_invalidate:  {"method":"GET","url":"http:/","invalidateInfo":{"tags":["EAV","EAV_ATTRIBUTE"],"mode":"matchingAnyTag"}} []
[2024-07-07T16:10:45.751498+00:00] main.DEBUG: cache_invalidate:  {"method":"GET","url":"http:/","invalidateInfo":{"tags":["EAV","EAV_ATTRIBUTE"],"mode":"matchingAnyTag"}} []
[2024-07-07T16:10:45.751635+00:00] main.DEBUG: cache_invalidate:  {"method":"GET","url":"http:/","invalidateInfo":{"tags":["EAV_ATTRIBUTE"],"mode":"matchingAnyTag"}} []
[2024-07-07T16:10:45.753478+00:00] main.DEBUG: cache_invalidate:  {"method":"GET","url":"http:/","invalidateInfo":{"tags":["EAV_ATTRIBUTE_23","FPC"],"mode":"matchingTag"}} []
[2024-07-07T16:10:45.753591+00:00] main.DEBUG: cache_invalidate:  {"method":"GET","url":"http:/","invalidateInfo":{"tags":["EAV_ENTITY_TYPES_CUSTOMER_ADDRESS_ENTITY","FPC"],"mode":"matchingTag"}} []
[2024-07-07T16:10:45.753647+00:00] main.DEBUG: cache_invalidate:  {"method":"GET","url":"http:/","invalidateInfo":{"tags":["EAV_FORM_adminhtml_customer_address_FORM","FPC"],"mode":"matchingTag"}} []
[2024-07-07T16:10:45.753702+00:00] main.DEBUG: cache_invalidate:  {"method":"GET","url":"http:/","invalidateInfo":{"tags":["EAV_FORM_customer_address_edit_FORM","FPC"],"mode":"matchingTag"}} []
[2024-07-07T16:10:45.753762+00:00] main.DEBUG: cache_invalidate:  {"method":"GET","url":"http:/","invalidateInfo":{"tags":["EAV_FORM_customer_register_address_FORM","FPC"],"mode":"matchingTag"}} []
[2024-07-07T16:10:45.753829+00:00] main.DEBUG: cache_invalidate:  {"method":"GET","url":"http:/","invalidateInfo":{"tags":["EAV_ATTRIBUTE_customer_address_firstname","FPC"],"mode":"matchingTag"}} []
[2024-07-07T16:10:45.761074+00:00] main.DEBUG: cache_invalidate:  {"method":"GET","url":"http:/","invalidateInfo":{"tags":["EAV","EAV_ATTRIBUTE"],"mode":"matchingAnyTag"}} []
[2024-07-07T16:10:45.762239+00:00] main.DEBUG: cache_invalidate:  {"method":"GET","url":"http:/","invalidateInfo":{"tags":["EAV","EAV_ATTRIBUTE"],"mode":"matchingAnyTag"}} []
[2024-07-07T16:10:45.762456+00:00] main.DEBUG: cache_invalidate:  {"method":"GET","url":"http:/","invalidateInfo":{"tags":["EAV","EAV_ATTRIBUTE"],"mode":"matchingAnyTag"}} []
[2024-07-07T16:10:45.762626+00:00] main.DEBUG: cache_invalidate:  {"method":"GET","url":"http:/","invalidateInfo":{"tags":["EAV_ATTRIBUTE"],"mode":"matchingAnyTag"}} []
[2024-07-07T16:10:45.765513+00:00] main.DEBUG: cache_invalidate:  {"method":"GET","url":"http:/","invalidateInfo":{"tags":["EAV_ATTRIBUTE_25","FPC"],"mode":"matchingTag"}} []
[2024-07-07T16:10:45.765673+00:00] main.DEBUG: cache_invalidate:  {"method":"GET","url":"http:/","invalidateInfo":{"tags":["EAV_ENTITY_TYPES_CUSTOMER_ADDRESS_ENTITY","FPC"],"mode":"matchingTag"}} []
[2024-07-07T16:10:45.765755+00:00] main.DEBUG: cache_invalidate:  {"method":"GET","url":"http:/","invalidateInfo":{"tags":["EAV_FORM_adminhtml_customer_address_FORM","FPC"],"mode":"matchingTag"}} []
[2024-07-07T16:10:45.765832+00:00] main.DEBUG: cache_invalidate:  {"method":"GET","url":"http:/","invalidateInfo":{"tags":["EAV_FORM_customer_address_edit_FORM","FPC"],"mode":"matchingTag"}} []
[2024-07-07T16:10:45.765899+00:00] main.DEBUG: cache_invalidate:  {"method":"GET","url":"http:/","invalidateInfo":{"tags":["EAV_FORM_customer_register_address_FORM","FPC"],"mode":"matchingTag"}} []
[2024-07-07T16:10:45.766032+00:00] main.DEBUG: cache_invalidate:  {"method":"GET","url":"http:/","invalidateInfo":{"tags":["EAV_ATTRIBUTE_customer_address_lastname","FPC"],"mode":"matchingTag"}} []
[2024-07-07T16:10:45.767505+00:00] main.DEBUG: cache_invalidate:  {"method":"GET","url":"http:/","invalidateInfo":{"tags":["EAV_ATTRIBUTE_32","FPC"],"mode":"matchingTag"}} []
[2024-07-07T16:10:45.767662+00:00] main.DEBUG: cache_invalidate:  {"method":"GET","url":"http:/","invalidateInfo":{"tags":["EAV_ATTRIBUTE_customer_address_region_id","FPC"],"mode":"matchingTag"}} []
[2024-07-07T16:10:45.768611+00:00] main.DEBUG: cache_invalidate:  {"method":"GET","url":"http:/","invalidateInfo":{"tags":["EAV_ATTRIBUTE_23","FPC"],"mode":"matchingTag"}} []
[2024-07-07T16:10:45.768724+00:00] main.DEBUG: cache_invalidate:  {"method":"GET","url":"http:/","invalidateInfo":{"tags":["EAV_ATTRIBUTE_customer_address_firstname","FPC"],"mode":"matchingTag"}} []
[2024-07-07T16:10:45.769357+00:00] main.DEBUG: cache_invalidate:  {"method":"GET","url":"http:/","invalidateInfo":{"tags":["EAV_ATTRIBUTE_25","FPC"],"mode":"matchingTag"}} []
[2024-07-07T16:10:45.769457+00:00] main.DEBUG: cache_invalidate:  {"method":"GET","url":"http:/","invalidateInfo":{"tags":["EAV_ATTRIBUTE_customer_address_lastname","FPC"],"mode":"matchingTag"}} []
[2024-07-07T16:10:45.784843+00:00] main.DEBUG: cache_invalidate:  {"method":"GET","url":"http:/","invalidateInfo":{"tags":["EAV","EAV_ATTRIBUTE"],"mode":"matchingAnyTag"}} []
[2024-07-07T16:10:45.785605+00:00] main.DEBUG: cache_invalidate:  {"method":"GET","url":"http:/","invalidateInfo":{"tags":["EAV","EAV_ATTRIBUTE"],"mode":"matchingAnyTag"}} []
[2024-07-07T16:10:45.785749+00:00] main.DEBUG: cache_invalidate:  {"method":"GET","url":"http:/","invalidateInfo":{"tags":["EAV","EAV_ATTRIBUTE"],"mode":"matchingAnyTag"}} []
[2024-07-07T16:10:45.785889+00:00] main.DEBUG: cache_invalidate:  {"method":"GET","url":"http:/","invalidateInfo":{"tags":["EAV_ATTRIBUTE"],"mode":"matchingAnyTag"}} []
[2024-07-07T16:10:45.787556+00:00] main.DEBUG: cache_invalidate:  {"method":"GET","url":"http:/","invalidateInfo":{"tags":["EAV_ATTRIBUTE_35","FPC"],"mode":"matchingTag"}} []
[2024-07-07T16:10:45.787635+00:00] main.DEBUG: cache_invalidate:  {"method":"GET","url":"http:/","invalidateInfo":{"tags":["EAV_ENTITY_TYPES_CUSTOMER_ADDRESS_ENTITY","FPC"],"mode":"matchingTag"}} []
[2024-07-07T16:10:45.787693+00:00] main.DEBUG: cache_invalidate:  {"method":"GET","url":"http:/","invalidateInfo":{"tags":["EAV_FORM_adminhtml_customer_address_FORM","FPC"],"mode":"matchingTag"}} []
[2024-07-07T16:10:45.787737+00:00] main.DEBUG: cache_invalidate:  {"method":"GET","url":"http:/","invalidateInfo":{"tags":["EAV_FORM_customer_address_edit_FORM","FPC"],"mode":"matchingTag"}} []
[2024-07-07T16:10:45.787781+00:00] main.DEBUG: cache_invalidate:  {"method":"GET","url":"http:/","invalidateInfo":{"tags":["EAV_FORM_customer_register_address_FORM","FPC"],"mode":"matchingTag"}} []
[2024-07-07T16:10:45.787826+00:00] main.DEBUG: cache_invalidate:  {"method":"GET","url":"http:/","invalidateInfo":{"tags":["EAV_ATTRIBUTE_customer_address_fax","FPC"],"mode":"matchingTag"}} []
[2024-07-07T16:10:45.788950+00:00] main.DEBUG: cache_invalidate:  {"method":"GET","url":"http:/","invalidateInfo":{"tags":["EAV_ATTRIBUTE_35","FPC"],"mode":"matchingTag"}} []
[2024-07-07T16:10:45.789075+00:00] main.DEBUG: cache_invalidate:  {"method":"GET","url":"http:/","invalidateInfo":{"tags":["EAV_ATTRIBUTE_customer_address_fax","FPC"],"mode":"matchingTag"}} []
[2024-07-07T16:10:45.826647+00:00] main.DEBUG: cache_invalidate:  {"method":"GET","url":"http:/","invalidateInfo":{"tags":["EAV","EAV_ATTRIBUTE"],"mode":"matchingAnyTag"}} []
[2024-07-07T16:10:45.828246+00:00] main.DEBUG: cache_invalidate:  {"method":"GET","url":"http:/","invalidateInfo":{"tags":["EAV","EAV_ATTRIBUTE"],"mode":"matchingAnyTag"}} []
[2024-07-07T16:10:45.828492+00:00] main.DEBUG: cache_invalidate:  {"method":"GET","url":"http:/","invalidateInfo":{"tags":["EAV","EAV_ATTRIBUTE"],"mode":"matchingAnyTag"}} []
[2024-07-07T16:10:45.828691+00:00] main.DEBUG: cache_invalidate:  {"method":"GET","url":"http:/","invalidateInfo":{"tags":["EAV_ATTRIBUTE"],"mode":"matchingAnyTag"}} []
[2024-07-07T16:10:45.831112+00:00] main.DEBUG: cache_invalidate:  {"method":"GET","url":"http:/","invalidateInfo":{"tags":["EAV_ATTRIBUTE_30","FPC"],"mode":"matchingTag"}} []
[2024-07-07T16:10:45.831220+00:00] main.DEBUG: cache_invalidate:  {"method":"GET","url":"http:/","invalidateInfo":{"tags":["EAV_ENTITY_TYPES_CUSTOMER_ADDRESS_ENTITY","FPC"],"mode":"matchingTag"}} []
[2024-07-07T16:10:45.831269+00:00] main.DEBUG: cache_invalidate:  {"method":"GET","url":"http:/","invalidateInfo":{"tags":["EAV_FORM_adminhtml_customer_address_FORM","FPC"],"mode":"matchingTag"}} []
[2024-07-07T16:10:45.831311+00:00] main.DEBUG: cache_invalidate:  {"method":"GET","url":"http:/","invalidateInfo":{"tags":["EAV_FORM_customer_address_edit_FORM","FPC"],"mode":"matchingTag"}} []
[2024-07-07T16:10:45.831354+00:00] main.DEBUG: cache_invalidate:  {"method":"GET","url":"http:/","invalidateInfo":{"tags":["EAV_FORM_customer_register_address_FORM","FPC"],"mode":"matchingTag"}} []
[2024-07-07T16:10:45.831393+00:00] main.DEBUG: cache_invalidate:  {"method":"GET","url":"http:/","invalidateInfo":{"tags":["EAV_ATTRIBUTE_customer_address_country_id","FPC"],"mode":"matchingTag"}} []
[2024-07-07T16:10:45.836361+00:00] main.DEBUG: cache_invalidate:  {"method":"GET","url":"http:/","invalidateInfo":{"tags":["EAV","EAV_ATTRIBUTE"],"mode":"matchingAnyTag"}} []
[2024-07-07T16:10:45.837090+00:00] main.DEBUG: cache_invalidate:  {"method":"GET","url":"http:/","invalidateInfo":{"tags":["EAV","EAV_ATTRIBUTE"],"mode":"matchingAnyTag"}} []
[2024-07-07T16:10:45.837232+00:00] main.DEBUG: cache_invalidate:  {"method":"GET","url":"http:/","invalidateInfo":{"tags":["EAV","EAV_ATTRIBUTE"],"mode":"matchingAnyTag"}} []
[2024-07-07T16:10:45.837336+00:00] main.DEBUG: cache_invalidate:  {"method":"GET","url":"http:/","invalidateInfo":{"tags":["EAV_ATTRIBUTE"],"mode":"matchingAnyTag"}} []
[2024-07-07T16:10:45.839028+00:00] main.DEBUG: cache_invalidate:  {"method":"GET","url":"http:/","invalidateInfo":{"tags":["EAV_ATTRIBUTE_31","FPC"],"mode":"matchingTag"}} []
[2024-07-07T16:10:45.839115+00:00] main.DEBUG: cache_invalidate:  {"method":"GET","url":"http:/","invalidateInfo":{"tags":["EAV_ENTITY_TYPES_CUSTOMER_ADDRESS_ENTITY","FPC"],"mode":"matchingTag"}} []
[2024-07-07T16:10:45.839170+00:00] main.DEBUG: cache_invalidate:  {"method":"GET","url":"http:/","invalidateInfo":{"tags":["EAV_FORM_adminhtml_customer_address_FORM","FPC"],"mode":"matchingTag"}} []
[2024-07-07T16:10:45.839213+00:00] main.DEBUG: cache_invalidate:  {"method":"GET","url":"http:/","invalidateInfo":{"tags":["EAV_FORM_customer_address_edit_FORM","FPC"],"mode":"matchingTag"}} []
[2024-07-07T16:10:45.839252+00:00] main.DEBUG: cache_invalidate:  {"method":"GET","url":"http:/","invalidateInfo":{"tags":["EAV_FORM_customer_register_address_FORM","FPC"],"mode":"matchingTag"}} []
[2024-07-07T16:10:45.839290+00:00] main.DEBUG: cache_invalidate:  {"method":"GET","url":"http:/","invalidateInfo":{"tags":["EAV_ATTRIBUTE_customer_address_region","FPC"],"mode":"matchingTag"}} []
[2024-07-07T16:10:45.844620+00:00] main.DEBUG: cache_invalidate:  {"method":"GET","url":"http:/","invalidateInfo":{"tags":["EAV","EAV_ATTRIBUTE"],"mode":"matchingAnyTag"}} []
[2024-07-07T16:10:45.845432+00:00] main.DEBUG: cache_invalidate:  {"method":"GET","url":"http:/","invalidateInfo":{"tags":["EAV","EAV_ATTRIBUTE"],"mode":"matchingAnyTag"}} []
[2024-07-07T16:10:45.845658+00:00] main.DEBUG: cache_invalidate:  {"method":"GET","url":"http:/","invalidateInfo":{"tags":["EAV","EAV_ATTRIBUTE"],"mode":"matchingAnyTag"}} []
[2024-07-07T16:10:45.845826+00:00] main.DEBUG: cache_invalidate:  {"method":"GET","url":"http:/","invalidateInfo":{"tags":["EAV_ATTRIBUTE"],"mode":"matchingAnyTag"}} []
[2024-07-07T16:10:45.847973+00:00] main.DEBUG: cache_invalidate:  {"method":"GET","url":"http:/","invalidateInfo":{"tags":["EAV_ATTRIBUTE_32","FPC"],"mode":"matchingTag"}} []
[2024-07-07T16:10:45.848078+00:00] main.DEBUG: cache_invalidate:  {"method":"GET","url":"http:/","invalidateInfo":{"tags":["EAV_ENTITY_TYPES_CUSTOMER_ADDRESS_ENTITY","FPC"],"mode":"matchingTag"}} []
[2024-07-07T16:10:45.848137+00:00] main.DEBUG: cache_invalidate:  {"method":"GET","url":"http:/","invalidateInfo":{"tags":["EAV_FORM_adminhtml_customer_address_FORM","FPC"],"mode":"matchingTag"}} []
[2024-07-07T16:10:45.848195+00:00] main.DEBUG: cache_invalidate:  {"method":"GET","url":"http:/","invalidateInfo":{"tags":["EAV_FORM_customer_address_edit_FORM","FPC"],"mode":"matchingTag"}} []
[2024-07-07T16:10:45.848249+00:00] main.DEBUG: cache_invalidate:  {"method":"GET","url":"http:/","invalidateInfo":{"tags":["EAV_FORM_customer_register_address_FORM","FPC"],"mode":"matchingTag"}} []
[2024-07-07T16:10:45.848300+00:00] main.DEBUG: cache_invalidate:  {"method":"GET","url":"http:/","invalidateInfo":{"tags":["EAV_ATTRIBUTE_customer_address_region_id","FPC"],"mode":"matchingTag"}} []
[2024-07-07T16:10:45.853758+00:00] main.DEBUG: cache_invalidate:  {"method":"GET","url":"http:/","invalidateInfo":{"tags":["EAV","EAV_ATTRIBUTE"],"mode":"matchingAnyTag"}} []
[2024-07-07T16:10:45.854749+00:00] main.DEBUG: cache_invalidate:  {"method":"GET","url":"http:/","invalidateInfo":{"tags":["EAV","EAV_ATTRIBUTE"],"mode":"matchingAnyTag"}} []
[2024-07-07T16:10:45.854958+00:00] main.DEBUG: cache_invalidate:  {"method":"GET","url":"http:/","invalidateInfo":{"tags":["EAV","EAV_ATTRIBUTE"],"mode":"matchingAnyTag"}} []
[2024-07-07T16:10:45.855134+00:00] main.DEBUG: cache_invalidate:  {"method":"GET","url":"http:/","invalidateInfo":{"tags":["EAV_ATTRIBUTE"],"mode":"matchingAnyTag"}} []
[2024-07-07T16:10:45.856756+00:00] main.DEBUG: cache_invalidate:  {"method":"GET","url":"http:/","invalidateInfo":{"tags":["EAV_ATTRIBUTE_29","FPC"],"mode":"matchingTag"}} []
[2024-07-07T16:10:45.856870+00:00] main.DEBUG: cache_invalidate:  {"method":"GET","url":"http:/","invalidateInfo":{"tags":["EAV_ENTITY_TYPES_CUSTOMER_ADDRESS_ENTITY","FPC"],"mode":"matchingTag"}} []
[2024-07-07T16:10:45.856937+00:00] main.DEBUG: cache_invalidate:  {"method":"GET","url":"http:/","invalidateInfo":{"tags":["EAV_FORM_adminhtml_customer_address_FORM","FPC"],"mode":"matchingTag"}} []
[2024-07-07T16:10:45.856996+00:00] main.DEBUG: cache_invalidate:  {"method":"GET","url":"http:/","invalidateInfo":{"tags":["EAV_FORM_customer_address_edit_FORM","FPC"],"mode":"matchingTag"}} []
[2024-07-07T16:10:45.857063+00:00] main.DEBUG: cache_invalidate:  {"method":"GET","url":"http:/","invalidateInfo":{"tags":["EAV_FORM_customer_register_address_FORM","FPC"],"mode":"matchingTag"}} []
[2024-07-07T16:10:45.857116+00:00] main.DEBUG: cache_invalidate:  {"method":"GET","url":"http:/","invalidateInfo":{"tags":["EAV_ATTRIBUTE_customer_address_city","FPC"],"mode":"matchingTag"}} []
[2024-07-07T16:10:45.858105+00:00] main.DEBUG: cache_invalidate:  {"method":"GET","url":"http:/","invalidateInfo":{"tags":["EAV_ATTRIBUTE_30","FPC"],"mode":"matchingTag"}} []
[2024-07-07T16:10:45.858182+00:00] main.DEBUG: cache_invalidate:  {"method":"GET","url":"http:/","invalidateInfo":{"tags":["EAV_ATTRIBUTE_customer_address_country_id","FPC"],"mode":"matchingTag"}} []
[2024-07-07T16:10:45.858530+00:00] main.DEBUG: cache_invalidate:  {"method":"GET","url":"http:/","invalidateInfo":{"tags":["EAV_ATTRIBUTE_31","FPC"],"mode":"matchingTag"}} []
[2024-07-07T16:10:45.858598+00:00] main.DEBUG: cache_invalidate:  {"method":"GET","url":"http:/","invalidateInfo":{"tags":["EAV_ATTRIBUTE_customer_address_region","FPC"],"mode":"matchingTag"}} []
[2024-07-07T16:10:45.859066+00:00] main.DEBUG: cache_invalidate:  {"method":"GET","url":"http:/","invalidateInfo":{"tags":["EAV_ATTRIBUTE_32","FPC"],"mode":"matchingTag"}} []
[2024-07-07T16:10:45.859137+00:00] main.DEBUG: cache_invalidate:  {"method":"GET","url":"http:/","invalidateInfo":{"tags":["EAV_ATTRIBUTE_customer_address_region_id","FPC"],"mode":"matchingTag"}} []
[2024-07-07T16:10:45.859510+00:00] main.DEBUG: cache_invalidate:  {"method":"GET","url":"http:/","invalidateInfo":{"tags":["EAV_ATTRIBUTE_29","FPC"],"mode":"matchingTag"}} []
[2024-07-07T16:10:45.859566+00:00] main.DEBUG: cache_invalidate:  {"method":"GET","url":"http:/","invalidateInfo":{"tags":["EAV_ATTRIBUTE_customer_address_city","FPC"],"mode":"matchingTag"}} []
[2024-07-07T16:10:45.866233+00:00] main.DEBUG: cache_invalidate:  {"method":"GET","url":"http:/","invalidateInfo":{"tags":["EAV","EAV_ATTRIBUTE"],"mode":"matchingAnyTag"}} []
[2024-07-07T16:10:45.866941+00:00] main.DEBUG: cache_invalidate:  {"method":"GET","url":"http:/","invalidateInfo":{"tags":["EAV","EAV_ATTRIBUTE"],"mode":"matchingAnyTag"}} []
[2024-07-07T16:10:45.867127+00:00] main.DEBUG: cache_invalidate:  {"method":"GET","url":"http:/","invalidateInfo":{"tags":["EAV","EAV_ATTRIBUTE"],"mode":"matchingAnyTag"}} []
[2024-07-07T16:10:45.867282+00:00] main.DEBUG: cache_invalidate:  {"method":"GET","url":"http:/","invalidateInfo":{"tags":["EAV_ATTRIBUTE"],"mode":"matchingAnyTag"}} []
[2024-07-07T16:10:45.868808+00:00] main.DEBUG: cache_invalidate:  {"method":"GET","url":"http:/","invalidateInfo":{"tags":["EAV_ATTRIBUTE_23","FPC"],"mode":"matchingTag"}} []
[2024-07-07T16:10:45.868912+00:00] main.DEBUG: cache_invalidate:  {"method":"GET","url":"http:/","invalidateInfo":{"tags":["EAV_ENTITY_TYPES_CUSTOMER_ADDRESS_ENTITY","FPC"],"mode":"matchingTag"}} []
[2024-07-07T16:10:45.868983+00:00] main.DEBUG: cache_invalidate:  {"method":"GET","url":"http:/","invalidateInfo":{"tags":["EAV_FORM_adminhtml_customer_address_FORM","FPC"],"mode":"matchingTag"}} []
[2024-07-07T16:10:45.869049+00:00] main.DEBUG: cache_invalidate:  {"method":"GET","url":"http:/","invalidateInfo":{"tags":["EAV_FORM_customer_address_edit_FORM","FPC"],"mode":"matchingTag"}} []
[2024-07-07T16:10:45.869121+00:00] main.DEBUG: cache_invalidate:  {"method":"GET","url":"http:/","invalidateInfo":{"tags":["EAV_FORM_customer_register_address_FORM","FPC"],"mode":"matchingTag"}} []
[2024-07-07T16:10:45.869189+00:00] main.DEBUG: cache_invalidate:  {"method":"GET","url":"http:/","invalidateInfo":{"tags":["EAV_ATTRIBUTE_customer_address_firstname","FPC"],"mode":"matchingTag"}} []
[2024-07-07T16:10:45.874180+00:00] main.DEBUG: cache_invalidate:  {"method":"GET","url":"http:/","invalidateInfo":{"tags":["EAV","EAV_ATTRIBUTE"],"mode":"matchingAnyTag"}} []
[2024-07-07T16:10:45.874851+00:00] main.DEBUG: cache_invalidate:  {"method":"GET","url":"http:/","invalidateInfo":{"tags":["EAV","EAV_ATTRIBUTE"],"mode":"matchingAnyTag"}} []
[2024-07-07T16:10:45.875014+00:00] main.DEBUG: cache_invalidate:  {"method":"GET","url":"http:/","invalidateInfo":{"tags":["EAV","EAV_ATTRIBUTE"],"mode":"matchingAnyTag"}} []
[2024-07-07T16:10:45.875133+00:00] main.DEBUG: cache_invalidate:  {"method":"GET","url":"http:/","invalidateInfo":{"tags":["EAV_ATTRIBUTE"],"mode":"matchingAnyTag"}} []
[2024-07-07T16:10:45.876696+00:00] main.DEBUG: cache_invalidate:  {"method":"GET","url":"http:/","invalidateInfo":{"tags":["EAV_ATTRIBUTE_25","FPC"],"mode":"matchingTag"}} []
[2024-07-07T16:10:45.876785+00:00] main.DEBUG: cache_invalidate:  {"method":"GET","url":"http:/","invalidateInfo":{"tags":["EAV_ENTITY_TYPES_CUSTOMER_ADDRESS_ENTITY","FPC"],"mode":"matchingTag"}} []
[2024-07-07T16:10:45.876879+00:00] main.DEBUG: cache_invalidate:  {"method":"GET","url":"http:/","invalidateInfo":{"tags":["EAV_FORM_adminhtml_customer_address_FORM","FPC"],"mode":"matchingTag"}} []
[2024-07-07T16:10:45.876937+00:00] main.DEBUG: cache_invalidate:  {"method":"GET","url":"http:/","invalidateInfo":{"tags":["EAV_FORM_customer_address_edit_FORM","FPC"],"mode":"matchingTag"}} []
[2024-07-07T16:10:45.876978+00:00] main.DEBUG: cache_invalidate:  {"method":"GET","url":"http:/","invalidateInfo":{"tags":["EAV_FORM_customer_register_address_FORM","FPC"],"mode":"matchingTag"}} []
[2024-07-07T16:10:45.877018+00:00] main.DEBUG: cache_invalidate:  {"method":"GET","url":"http:/","invalidateInfo":{"tags":["EAV_ATTRIBUTE_customer_address_lastname","FPC"],"mode":"matchingTag"}} []
[2024-07-07T16:10:45.882482+00:00] main.DEBUG: cache_invalidate:  {"method":"GET","url":"http:/","invalidateInfo":{"tags":["EAV","EAV_ATTRIBUTE"],"mode":"matchingAnyTag"}} []
[2024-07-07T16:10:45.883089+00:00] main.DEBUG: cache_invalidate:  {"method":"GET","url":"http:/","invalidateInfo":{"tags":["EAV","EAV_ATTRIBUTE"],"mode":"matchingAnyTag"}} []
[2024-07-07T16:10:45.883297+00:00] main.DEBUG: cache_invalidate:  {"method":"GET","url":"http:/","invalidateInfo":{"tags":["EAV","EAV_ATTRIBUTE"],"mode":"matchingAnyTag"}} []
[2024-07-07T16:10:45.883465+00:00] main.DEBUG: cache_invalidate:  {"method":"GET","url":"http:/","invalidateInfo":{"tags":["EAV_ATTRIBUTE"],"mode":"matchingAnyTag"}} []
[2024-07-07T16:10:45.885075+00:00] main.DEBUG: cache_invalidate:  {"method":"GET","url":"http:/","invalidateInfo":{"tags":["EAV_ATTRIBUTE_24","FPC"],"mode":"matchingTag"}} []
[2024-07-07T16:10:45.885179+00:00] main.DEBUG: cache_invalidate:  {"method":"GET","url":"http:/","invalidateInfo":{"tags":["EAV_ENTITY_TYPES_CUSTOMER_ADDRESS_ENTITY","FPC"],"mode":"matchingTag"}} []
[2024-07-07T16:10:45.885253+00:00] main.DEBUG: cache_invalidate:  {"method":"GET","url":"http:/","invalidateInfo":{"tags":["EAV_FORM_adminhtml_customer_address_FORM","FPC"],"mode":"matchingTag"}} []
[2024-07-07T16:10:45.885316+00:00] main.DEBUG: cache_invalidate:  {"method":"GET","url":"http:/","invalidateInfo":{"tags":["EAV_FORM_customer_address_edit_FORM","FPC"],"mode":"matchingTag"}} []
[2024-07-07T16:10:45.885375+00:00] main.DEBUG: cache_invalidate:  {"method":"GET","url":"http:/","invalidateInfo":{"tags":["EAV_FORM_customer_register_address_FORM","FPC"],"mode":"matchingTag"}} []
[2024-07-07T16:10:45.885421+00:00] main.DEBUG: cache_invalidate:  {"method":"GET","url":"http:/","invalidateInfo":{"tags":["EAV_ATTRIBUTE_customer_address_middlename","FPC"],"mode":"matchingTag"}} []
[2024-07-07T16:10:45.892675+00:00] main.DEBUG: cache_invalidate:  {"method":"GET","url":"http:/","invalidateInfo":{"tags":["EAV","EAV_ATTRIBUTE"],"mode":"matchingAnyTag"}} []
[2024-07-07T16:10:45.893668+00:00] main.DEBUG: cache_invalidate:  {"method":"GET","url":"http:/","invalidateInfo":{"tags":["EAV","EAV_ATTRIBUTE"],"mode":"matchingAnyTag"}} []
[2024-07-07T16:10:45.893834+00:00] main.DEBUG: cache_invalidate:  {"method":"GET","url":"http:/","invalidateInfo":{"tags":["EAV","EAV_ATTRIBUTE"],"mode":"matchingAnyTag"}} []
[2024-07-07T16:10:45.893996+00:00] main.DEBUG: cache_invalidate:  {"method":"GET","url":"http:/","invalidateInfo":{"tags":["EAV_ATTRIBUTE"],"mode":"matchingAnyTag"}} []
[2024-07-07T16:10:45.895610+00:00] main.DEBUG: cache_invalidate:  {"method":"GET","url":"http:/","invalidateInfo":{"tags":["EAV_ATTRIBUTE_5","FPC"],"mode":"matchingTag"}} []
[2024-07-07T16:10:45.895693+00:00] main.DEBUG: cache_invalidate:  {"method":"GET","url":"http:/","invalidateInfo":{"tags":["EAV_ENTITY_TYPES_CUSTOMER_ENTITY","FPC"],"mode":"matchingTag"}} []
[2024-07-07T16:10:45.895736+00:00] main.DEBUG: cache_invalidate:  {"method":"GET","url":"http:/","invalidateInfo":{"tags":["EAV_FORM_adminhtml_customer_FORM","FPC"],"mode":"matchingTag"}} []
[2024-07-07T16:10:45.895782+00:00] main.DEBUG: cache_invalidate:  {"method":"GET","url":"http:/","invalidateInfo":{"tags":["EAV_FORM_customer_account_create_FORM","FPC"],"mode":"matchingTag"}} []
[2024-07-07T16:10:45.895824+00:00] main.DEBUG: cache_invalidate:  {"method":"GET","url":"http:/","invalidateInfo":{"tags":["EAV_FORM_customer_account_edit_FORM","FPC"],"mode":"matchingTag"}} []
[2024-07-07T16:10:45.895866+00:00] main.DEBUG: cache_invalidate:  {"method":"GET","url":"http:/","invalidateInfo":{"tags":["EAV_ATTRIBUTE_customer_firstname","FPC"],"mode":"matchingTag"}} []
[2024-07-07T16:10:45.902830+00:00] main.DEBUG: cache_invalidate:  {"method":"GET","url":"http:/","invalidateInfo":{"tags":["EAV","EAV_ATTRIBUTE"],"mode":"matchingAnyTag"}} []
[2024-07-07T16:10:45.903868+00:00] main.DEBUG: cache_invalidate:  {"method":"GET","url":"http:/","invalidateInfo":{"tags":["EAV","EAV_ATTRIBUTE"],"mode":"matchingAnyTag"}} []
[2024-07-07T16:10:45.904275+00:00] main.DEBUG: cache_invalidate:  {"method":"GET","url":"http:/","invalidateInfo":{"tags":["EAV","EAV_ATTRIBUTE"],"mode":"matchingAnyTag"}} []
[2024-07-07T16:10:45.904617+00:00] main.DEBUG: cache_invalidate:  {"method":"GET","url":"http:/","invalidateInfo":{"tags":["EAV_ATTRIBUTE"],"mode":"matchingAnyTag"}} []
[2024-07-07T16:10:45.906729+00:00] main.DEBUG: cache_invalidate:  {"method":"GET","url":"http:/","invalidateInfo":{"tags":["EAV_ATTRIBUTE_7","FPC"],"mode":"matchingTag"}} []
[2024-07-07T16:10:45.906842+00:00] main.DEBUG: cache_invalidate:  {"method":"GET","url":"http:/","invalidateInfo":{"tags":["EAV_ENTITY_TYPES_CUSTOMER_ENTITY","FPC"],"mode":"matchingTag"}} []
[2024-07-07T16:10:45.906904+00:00] main.DEBUG: cache_invalidate:  {"method":"GET","url":"http:/","invalidateInfo":{"tags":["EAV_FORM_adminhtml_customer_FORM","FPC"],"mode":"matchingTag"}} []
[2024-07-07T16:10:45.906963+00:00] main.DEBUG: cache_invalidate:  {"method":"GET","url":"http:/","invalidateInfo":{"tags":["EAV_FORM_customer_account_create_FORM","FPC"],"mode":"matchingTag"}} []
[2024-07-07T16:10:45.907025+00:00] main.DEBUG: cache_invalidate:  {"method":"GET","url":"http:/","invalidateInfo":{"tags":["EAV_FORM_customer_account_edit_FORM","FPC"],"mode":"matchingTag"}} []
[2024-07-07T16:10:45.907085+00:00] main.DEBUG: cache_invalidate:  {"method":"GET","url":"http:/","invalidateInfo":{"tags":["EAV_ATTRIBUTE_customer_lastname","FPC"],"mode":"matchingTag"}} []
[2024-07-07T16:10:45.914040+00:00] main.DEBUG: cache_invalidate:  {"method":"GET","url":"http:/","invalidateInfo":{"tags":["EAV","EAV_ATTRIBUTE"],"mode":"matchingAnyTag"}} []
[2024-07-07T16:10:45.915075+00:00] main.DEBUG: cache_invalidate:  {"method":"GET","url":"http:/","invalidateInfo":{"tags":["EAV","EAV_ATTRIBUTE"],"mode":"matchingAnyTag"}} []
[2024-07-07T16:10:45.915326+00:00] main.DEBUG: cache_invalidate:  {"method":"GET","url":"http:/","invalidateInfo":{"tags":["EAV","EAV_ATTRIBUTE"],"mode":"matchingAnyTag"}} []
[2024-07-07T16:10:45.915526+00:00] main.DEBUG: cache_invalidate:  {"method":"GET","url":"http:/","invalidateInfo":{"tags":["EAV_ATTRIBUTE"],"mode":"matchingAnyTag"}} []
[2024-07-07T16:10:45.917628+00:00] main.DEBUG: cache_invalidate:  {"method":"GET","url":"http:/","invalidateInfo":{"tags":["EAV_ATTRIBUTE_6","FPC"],"mode":"matchingTag"}} []
[2024-07-07T16:10:45.917718+00:00] main.DEBUG: cache_invalidate:  {"method":"GET","url":"http:/","invalidateInfo":{"tags":["EAV_ENTITY_TYPES_CUSTOMER_ENTITY","FPC"],"mode":"matchingTag"}} []
[2024-07-07T16:10:45.917778+00:00] main.DEBUG: cache_invalidate:  {"method":"GET","url":"http:/","invalidateInfo":{"tags":["EAV_FORM_adminhtml_customer_FORM","FPC"],"mode":"matchingTag"}} []
[2024-07-07T16:10:45.917823+00:00] main.DEBUG: cache_invalidate:  {"method":"GET","url":"http:/","invalidateInfo":{"tags":["EAV_FORM_customer_account_create_FORM","FPC"],"mode":"matchingTag"}} []
[2024-07-07T16:10:45.917867+00:00] main.DEBUG: cache_invalidate:  {"method":"GET","url":"http:/","invalidateInfo":{"tags":["EAV_FORM_customer_account_edit_FORM","FPC"],"mode":"matchingTag"}} []
[2024-07-07T16:10:45.917910+00:00] main.DEBUG: cache_invalidate:  {"method":"GET","url":"http:/","invalidateInfo":{"tags":["EAV_ATTRIBUTE_customer_middlename","FPC"],"mode":"matchingTag"}} []
[2024-07-07T16:10:45.919939+00:00] main.DEBUG: cache_invalidate:  {"method":"GET","url":"http:/","invalidateInfo":{"tags":["EAV_ATTRIBUTE_23","FPC"],"mode":"matchingTag"}} []
[2024-07-07T16:10:45.920075+00:00] main.DEBUG: cache_invalidate:  {"method":"GET","url":"http:/","invalidateInfo":{"tags":["EAV_ATTRIBUTE_customer_address_firstname","FPC"],"mode":"matchingTag"}} []
[2024-07-07T16:10:45.920717+00:00] main.DEBUG: cache_invalidate:  {"method":"GET","url":"http:/","invalidateInfo":{"tags":["EAV_ATTRIBUTE_25","FPC"],"mode":"matchingTag"}} []
[2024-07-07T16:10:45.920831+00:00] main.DEBUG: cache_invalidate:  {"method":"GET","url":"http:/","invalidateInfo":{"tags":["EAV_ATTRIBUTE_customer_address_lastname","FPC"],"mode":"matchingTag"}} []
[2024-07-07T16:10:45.921302+00:00] main.DEBUG: cache_invalidate:  {"method":"GET","url":"http:/","invalidateInfo":{"tags":["EAV_ATTRIBUTE_24","FPC"],"mode":"matchingTag"}} []
[2024-07-07T16:10:45.921371+00:00] main.DEBUG: cache_invalidate:  {"method":"GET","url":"http:/","invalidateInfo":{"tags":["EAV_ATTRIBUTE_customer_address_middlename","FPC"],"mode":"matchingTag"}} []
[2024-07-07T16:10:45.921700+00:00] main.DEBUG: cache_invalidate:  {"method":"GET","url":"http:/","invalidateInfo":{"tags":["EAV_ATTRIBUTE_5","FPC"],"mode":"matchingTag"}} []
[2024-07-07T16:10:45.921754+00:00] main.DEBUG: cache_invalidate:  {"method":"GET","url":"http:/","invalidateInfo":{"tags":["EAV_ATTRIBUTE_customer_firstname","FPC"],"mode":"matchingTag"}} []
[2024-07-07T16:10:45.922481+00:00] main.DEBUG: cache_invalidate:  {"method":"GET","url":"http:/","invalidateInfo":{"tags":["EAV_ATTRIBUTE_7","FPC"],"mode":"matchingTag"}} []
[2024-07-07T16:10:45.922587+00:00] main.DEBUG: cache_invalidate:  {"method":"GET","url":"http:/","invalidateInfo":{"tags":["EAV_ATTRIBUTE_customer_lastname","FPC"],"mode":"matchingTag"}} []
[2024-07-07T16:10:45.923016+00:00] main.DEBUG: cache_invalidate:  {"method":"GET","url":"http:/","invalidateInfo":{"tags":["EAV_ATTRIBUTE_6","FPC"],"mode":"matchingTag"}} []
[2024-07-07T16:10:45.923103+00:00] main.DEBUG: cache_invalidate:  {"method":"GET","url":"http:/","invalidateInfo":{"tags":["EAV_ATTRIBUTE_customer_middlename","FPC"],"mode":"matchingTag"}} []
[2024-07-07T16:10:45.997532+00:00] main.DEBUG: cache_invalidate:  {"method":"GET","url":"http:/","invalidateInfo":{"tags":["cms_p"],"mode":"matchingAnyTag"}} []
[2024-07-07T16:10:45.997809+00:00] main.DEBUG: cache_invalidate:  {"method":"GET","url":"http:/","invalidateInfo":{"tags":["cms_p_1","GRAPHQL_QUERY_RESOLVER_RESULT"],"mode":"matchingTag"}} []
[2024-07-07T16:10:45.998023+00:00] main.DEBUG: cache_invalidate:  {"method":"GET","url":"http:/","invalidateInfo":{"tags":["cms_p_1","FPC"],"mode":"matchingTag"}} []
[2024-07-07T16:10:46.023720+00:00] main.DEBUG: cache_invalidate:  {"method":"GET","url":"http:/","invalidateInfo":{"tags":["cms_p"],"mode":"matchingAnyTag"}} []
[2024-07-07T16:10:46.024053+00:00] main.DEBUG: cache_invalidate:  {"method":"GET","url":"http:/","invalidateInfo":{"tags":["cms_p_2","GRAPHQL_QUERY_RESOLVER_RESULT"],"mode":"matchingTag"}} []
[2024-07-07T16:10:46.024230+00:00] main.DEBUG: cache_invalidate:  {"method":"GET","url":"http:/","invalidateInfo":{"tags":["cms_p_2","FPC"],"mode":"matchingTag"}} []
[2024-07-07T16:10:46.031473+00:00] main.DEBUG: cache_invalidate:  {"method":"GET","url":"http:/","invalidateInfo":{"tags":["cms_p"],"mode":"matchingAnyTag"}} []
[2024-07-07T16:10:46.031774+00:00] main.DEBUG: cache_invalidate:  {"method":"GET","url":"http:/","invalidateInfo":{"tags":["cms_p_3","GRAPHQL_QUERY_RESOLVER_RESULT"],"mode":"matchingTag"}} []
[2024-07-07T16:10:46.032053+00:00] main.DEBUG: cache_invalidate:  {"method":"GET","url":"http:/","invalidateInfo":{"tags":["cms_p_3","FPC"],"mode":"matchingTag"}} []
[2024-07-07T16:10:46.041699+00:00] main.DEBUG: cache_invalidate:  {"method":"GET","url":"http:/","invalidateInfo":{"tags":["cms_p"],"mode":"matchingAnyTag"}} []
[2024-07-07T16:10:46.042120+00:00] main.DEBUG: cache_invalidate:  {"method":"GET","url":"http:/","invalidateInfo":{"tags":["cms_p_4","GRAPHQL_QUERY_RESOLVER_RESULT"],"mode":"matchingTag"}} []
[2024-07-07T16:10:46.042288+00:00] main.DEBUG: cache_invalidate:  {"method":"GET","url":"http:/","invalidateInfo":{"tags":["cms_p_4","FPC"],"mode":"matchingTag"}} []
[2024-07-07T16:10:46.050970+00:00] main.DEBUG: cache_invalidate:  {"method":"GET","url":"http:/","invalidateInfo":{"tags":["cms_p_1","FPC"],"mode":"matchingTag"}} []
[2024-07-07T16:10:46.051184+00:00] main.DEBUG: cache_invalidate:  {"method":"GET","url":"http:/","invalidateInfo":{"tags":["cms_p_2","FPC"],"mode":"matchingTag"}} []
[2024-07-07T16:10:46.051289+00:00] main.DEBUG: cache_invalidate:  {"method":"GET","url":"http:/","invalidateInfo":{"tags":["cms_p_3","FPC"],"mode":"matchingTag"}} []
[2024-07-07T16:10:46.051395+00:00] main.DEBUG: cache_invalidate:  {"method":"GET","url":"http:/","invalidateInfo":{"tags":["cms_p_4","FPC"],"mode":"matchingTag"}} []
[2024-07-07T16:10:46.061700+00:00] main.DEBUG: cache_invalidate:  {"method":"GET","url":"http:/","invalidateInfo":{"tags":["cms_p"],"mode":"matchingAnyTag"}} []
[2024-07-07T16:10:46.062038+00:00] main.DEBUG: cache_invalidate:  {"method":"GET","url":"http:/","invalidateInfo":{"tags":["cms_p_4","GRAPHQL_QUERY_RESOLVER_RESULT"],"mode":"matchingTag"}} []
[2024-07-07T16:10:46.062201+00:00] main.DEBUG: cache_invalidate:  {"method":"GET","url":"http:/","invalidateInfo":{"tags":["cms_p_4","FPC"],"mode":"matchingTag"}} []
[2024-07-07T16:10:46.065212+00:00] main.DEBUG: cache_invalidate:  {"method":"GET","url":"http:/","invalidateInfo":{"tags":["cms_p_4","FPC"],"mode":"matchingTag"}} []
[2024-07-07T16:10:46.104769+00:00] main.DEBUG: cache_invalidate:  {"method":"GET","url":"http:/","invalidateInfo":{"tags":["EAV"],"mode":"matchingAnyTag"}} []
[2024-07-07T16:10:46.109250+00:00] main.DEBUG: cache_invalidate:  {"method":"GET","url":"http:/","invalidateInfo":{"tags":["EAV","EAV_ATTRIBUTE"],"mode":"matchingAnyTag"}} []
[2024-07-07T16:10:46.275566+00:00] main.DEBUG: cache_invalidate:  {"method":"GET","url":"http:/","invalidateInfo":{"tags":["EAV","EAV_ATTRIBUTE"],"mode":"matchingAnyTag"}} []
[2024-07-07T16:10:46.649170+00:00] main.DEBUG: cache_invalidate:  {"method":"GET","url":"http:/","invalidateInfo":{"tags":["cat_c_1","cat_c_p_1","cat_c"],"mode":"matchingAnyTag"}} []
[2024-07-07T16:10:46.649661+00:00] main.DEBUG: cache_invalidate:  {"method":"GET","url":"http:/","invalidateInfo":{"tags":["cat_c_1","FPC"],"mode":"matchingTag"}} []
[2024-07-07T16:10:46.649777+00:00] main.DEBUG: cache_invalidate:  {"method":"GET","url":"http:/","invalidateInfo":{"tags":["cat_c_p_1","FPC"],"mode":"matchingTag"}} []
[2024-07-07T16:10:46.649857+00:00] main.DEBUG: cache_invalidate:  {"method":"GET","url":"http:/","invalidateInfo":{"tags":["cat_c","FPC"],"mode":"matchingTag"}} []
[2024-07-07T16:10:46.659397+00:00] main.DEBUG: cache_invalidate:  {"method":"GET","url":"http:/","invalidateInfo":{"tags":["cat_c_1","cat_c","cat_c_p_1"],"mode":"matchingAnyTag"}} []
[2024-07-07T16:10:46.659582+00:00] main.DEBUG: cache_invalidate:  {"method":"GET","url":"http:/","invalidateInfo":{"tags":["cat_c_1","cat_c","cat_c_p_1"],"mode":"matchingAnyTag"}} []
[2024-07-07T16:10:46.675326+00:00] main.DEBUG: cache_invalidate:  {"method":"GET","url":"http:/","invalidateInfo":{"tags":{"0":"cat_c_2","1":"cat_c_p_2","2":"cat_c_p_1","4":"cat_c"},"mode":"matchingAnyTag"}} []
[2024-07-07T16:10:46.676704+00:00] main.DEBUG: cache_invalidate:  {"method":"GET","url":"http:/","invalidateInfo":{"tags":["cat_c_2","FPC"],"mode":"matchingTag"}} []
[2024-07-07T16:10:46.676802+00:00] main.DEBUG: cache_invalidate:  {"method":"GET","url":"http:/","invalidateInfo":{"tags":["cat_c_p_2","FPC"],"mode":"matchingTag"}} []
[2024-07-07T16:10:46.676856+00:00] main.DEBUG: cache_invalidate:  {"method":"GET","url":"http:/","invalidateInfo":{"tags":["cat_c_p_1","FPC"],"mode":"matchingTag"}} []
[2024-07-07T16:10:46.676902+00:00] main.DEBUG: cache_invalidate:  {"method":"GET","url":"http:/","invalidateInfo":{"tags":["cat_c","FPC"],"mode":"matchingTag"}} []
[2024-07-07T16:10:46.677237+00:00] main.DEBUG: cache_invalidate:  {"method":"GET","url":"http:/","invalidateInfo":{"tags":["cat_c_2","cat_c_p_1","cat_c_p_2","cat_c"],"mode":"matchingAnyTag"}} []
[2024-07-07T16:10:46.677308+00:00] main.DEBUG: cache_invalidate:  {"method":"GET","url":"http:/","invalidateInfo":{"tags":["cat_c_2","cat_c_p_1","cat_c_p_2","cat_c"],"mode":"matchingAnyTag"}} []
[2024-07-07T16:10:46.720013+00:00] main.DEBUG: cache_invalidate:  {"method":"GET","url":"http:/","invalidateInfo":{"tags":["cat_c_1","FPC"],"mode":"matchingTag"}} []
[2024-07-07T16:10:46.720222+00:00] main.DEBUG: cache_invalidate:  {"method":"GET","url":"http:/","invalidateInfo":{"tags":["cat_c","FPC"],"mode":"matchingTag"}} []
[2024-07-07T16:10:46.720306+00:00] main.DEBUG: cache_invalidate:  {"method":"GET","url":"http:/","invalidateInfo":{"tags":["cat_c_p_1","FPC"],"mode":"matchingTag"}} []
[2024-07-07T16:10:47.202360+00:00] main.DEBUG: cache_invalidate:  {"method":"GET","url":"http:/","invalidateInfo":{"tags":["cat_c_1","FPC"],"mode":"matchingTag"}} []
[2024-07-07T16:10:47.202519+00:00] main.DEBUG: cache_invalidate:  {"method":"GET","url":"http:/","invalidateInfo":{"tags":["cat_c_2","FPC"],"mode":"matchingTag"}} []
[2024-07-07T16:10:47.202618+00:00] main.DEBUG: cache_invalidate:  {"method":"GET","url":"http:/","invalidateInfo":{"tags":["cat_c_1","cat_c_2"],"mode":"matchingAnyTag"}} []
[2024-07-07T16:10:47.202795+00:00] main.DEBUG: cache_invalidate:  {"method":"GET","url":"http:/","invalidateInfo":{"tags":["cat_c_2","FPC"],"mode":"matchingTag"}} []
[2024-07-07T16:10:47.202873+00:00] main.DEBUG: cache_invalidate:  {"method":"GET","url":"http:/","invalidateInfo":{"tags":["cat_c_p_1","FPC"],"mode":"matchingTag"}} []
[2024-07-07T16:10:47.202955+00:00] main.DEBUG: cache_invalidate:  {"method":"GET","url":"http:/","invalidateInfo":{"tags":["cat_c_p_2","FPC"],"mode":"matchingTag"}} []
[2024-07-07T16:10:47.203030+00:00] main.DEBUG: cache_invalidate:  {"method":"GET","url":"http:/","invalidateInfo":{"tags":["cat_c","FPC"],"mode":"matchingTag"}} []
[2024-07-07T16:10:47.358131+00:00] main.DEBUG: cache_invalidate:  {"method":"GET","url":"http:/","invalidateInfo":{"tags":["EAV","EAV_ATTRIBUTE"],"mode":"matchingAnyTag"}} []
[2024-07-07T16:10:47.359176+00:00] main.DEBUG: cache_invalidate:  {"method":"GET","url":"http:/","invalidateInfo":{"tags":["EAV","EAV_ATTRIBUTE"],"mode":"matchingAnyTag"}} []
[2024-07-07T16:10:47.359557+00:00] main.DEBUG: cache_invalidate:  {"method":"GET","url":"http:/","invalidateInfo":{"tags":["EAV_ATTRIBUTE"],"mode":"matchingAnyTag"}} []
[2024-07-07T16:10:47.361286+00:00] main.DEBUG: cache_invalidate:  {"method":"GET","url":"http:/","invalidateInfo":{"tags":["EAV_ATTRIBUTE_74","FPC"],"mode":"matchingTag"}} []
[2024-07-07T16:10:47.361364+00:00] main.DEBUG: cache_invalidate:  {"method":"GET","url":"http:/","invalidateInfo":{"tags":["EAV_ENTITY_TYPES_CATALOG_PRODUCT_ENTITY","FPC"],"mode":"matchingTag"}} []
[2024-07-07T16:10:47.361410+00:00] main.DEBUG: cache_invalidate:  {"method":"GET","url":"http:/","invalidateInfo":{"tags":["EAV_ATTRIBUTE_catalog_product_sku","FPC"],"mode":"matchingTag"}} []
[2024-07-07T16:10:47.361587+00:00] main.DEBUG: cache_invalidate:  {"method":"GET","url":"http:/","invalidateInfo":{"identifier":"request_declaration"}} []
[2024-07-07T16:10:47.374913+00:00] main.DEBUG: cache_invalidate:  {"method":"GET","url":"http:/","invalidateInfo":{"identifier":"request_declaration"}} []
[2024-07-07T16:10:47.401824+00:00] main.DEBUG: cache_invalidate:  {"method":"GET","url":"http:/","invalidateInfo":{"tags":["EAV","EAV_ATTRIBUTE"],"mode":"matchingAnyTag"}} []
[2024-07-07T16:10:47.403055+00:00] main.DEBUG: cache_invalidate:  {"method":"GET","url":"http:/","invalidateInfo":{"tags":["EAV","EAV_ATTRIBUTE"],"mode":"matchingAnyTag"}} []
[2024-07-07T16:10:47.403343+00:00] main.DEBUG: cache_invalidate:  {"method":"GET","url":"http:/","invalidateInfo":{"tags":["EAV_ATTRIBUTE"],"mode":"matchingAnyTag"}} []
[2024-07-07T16:10:47.404788+00:00] main.DEBUG: cache_invalidate:  {"method":"GET","url":"http:/","invalidateInfo":{"tags":["EAV_ATTRIBUTE_73","FPC"],"mode":"matchingTag"}} []
[2024-07-07T16:10:47.404894+00:00] main.DEBUG: cache_invalidate:  {"method":"GET","url":"http:/","invalidateInfo":{"tags":["EAV_ENTITY_TYPES_CATALOG_PRODUCT_ENTITY","FPC"],"mode":"matchingTag"}} []
[2024-07-07T16:10:47.404966+00:00] main.DEBUG: cache_invalidate:  {"method":"GET","url":"http:/","invalidateInfo":{"tags":["EAV_ATTRIBUTE_catalog_product_name","FPC"],"mode":"matchingTag"}} []
[2024-07-07T16:10:47.405111+00:00] main.DEBUG: cache_invalidate:  {"method":"GET","url":"http:/","invalidateInfo":{"identifier":"request_declaration"}} []
[2024-07-07T16:10:47.421552+00:00] main.DEBUG: cache_invalidate:  {"method":"GET","url":"http:/","invalidateInfo":{"identifier":"request_declaration"}} []
[2024-07-07T16:10:47.442511+00:00] main.DEBUG: cache_invalidate:  {"method":"GET","url":"http:/","invalidateInfo":{"tags":["EAV_ATTRIBUTE_74","FPC"],"mode":"matchingTag"}} []
[2024-07-07T16:10:47.443134+00:00] main.DEBUG: cache_invalidate:  {"method":"GET","url":"http:/","invalidateInfo":{"tags":["EAV_ATTRIBUTE_catalog_product_sku","FPC"],"mode":"matchingTag"}} []
[2024-07-07T16:10:47.444324+00:00] main.DEBUG: cache_invalidate:  {"method":"GET","url":"http:/","invalidateInfo":{"tags":["EAV_ATTRIBUTE_73","FPC"],"mode":"matchingTag"}} []
[2024-07-07T16:10:47.444615+00:00] main.DEBUG: cache_invalidate:  {"method":"GET","url":"http:/","invalidateInfo":{"tags":["EAV_ATTRIBUTE_catalog_product_name","FPC"],"mode":"matchingTag"}} []
[2024-07-07T16:10:47.568460+00:00] main.DEBUG: cache_invalidate:  {"method":"GET","url":"http:/","invalidateInfo":{"tags":["EAV"],"mode":"matchingAnyTag"}} []
[2024-07-07T16:10:47.575968+00:00] main.DEBUG: cache_invalidate:  {"method":"GET","url":"http:/","invalidateInfo":{"tags":["EAV","EAV_ATTRIBUTE"],"mode":"matchingAnyTag"}} []
[2024-07-07T16:10:47.581810+00:00] main.DEBUG: cache_invalidate:  {"method":"GET","url":"http:/","invalidateInfo":{"tags":["EAV","EAV_ATTRIBUTE"],"mode":"matchingAnyTag"}} []
[2024-07-07T16:10:47.587214+00:00] main.DEBUG: cache_invalidate:  {"method":"GET","url":"http:/","invalidateInfo":{"tags":["EAV","EAV_ATTRIBUTE"],"mode":"matchingAnyTag"}} []
[2024-07-07T16:10:47.593007+00:00] main.DEBUG: cache_invalidate:  {"method":"GET","url":"http:/","invalidateInfo":{"tags":["EAV","EAV_ATTRIBUTE"],"mode":"matchingAnyTag"}} []
[2024-07-07T16:10:47.618236+00:00] main.DEBUG: cache_invalidate:  {"method":"GET","url":"http:/","invalidateInfo":{"tags":["EAV","EAV_ATTRIBUTE"],"mode":"matchingAnyTag"}} []
[2024-07-07T16:10:47.636130+00:00] main.DEBUG: cache_invalidate:  {"method":"GET","url":"http:/","invalidateInfo":{"tags":["EAV","EAV_ATTRIBUTE"],"mode":"matchingAnyTag"}} []
[2024-07-07T16:10:47.643257+00:00] main.DEBUG: cache_invalidate:  {"method":"GET","url":"http:/","invalidateInfo":{"tags":["EAV","EAV_ATTRIBUTE"],"mode":"matchingAnyTag"}} []
[2024-07-07T16:10:47.647593+00:00] main.DEBUG: cache_invalidate:  {"method":"GET","url":"http:/","invalidateInfo":{"tags":["EAV","EAV_ATTRIBUTE"],"mode":"matchingAnyTag"}} []
[2024-07-07T16:10:47.937212+00:00] main.DEBUG: cache_invalidate:  {"method":"GET","url":"http:/","invalidateInfo":{"tags":["cms_p"],"mode":"matchingAnyTag"}} []
[2024-07-07T16:10:47.937396+00:00] main.DEBUG: cache_invalidate:  {"method":"GET","url":"http:/","invalidateInfo":{"tags":["cms_p_2","GRAPHQL_QUERY_RESOLVER_RESULT"],"mode":"matchingTag"}} []
[2024-07-07T16:10:47.937483+00:00] main.DEBUG: cache_invalidate:  {"method":"GET","url":"http:/","invalidateInfo":{"tags":["cms_p_2","FPC"],"mode":"matchingTag"}} []
[2024-07-07T16:10:47.938236+00:00] main.DEBUG: cache_invalidate:  {"method":"GET","url":"http:/","invalidateInfo":{"tags":["cms_p_2","FPC"],"mode":"matchingTag"}} []
[2024-07-07T16:10:48.105739+00:00] main.DEBUG: cache_invalidate:  {"method":"GET","url":"http:/","invalidateInfo":{"tags":["CONFIG"],"mode":"matchingTag"}} []
[2024-07-07T16:10:48.388305+00:00] main.DEBUG: cache_invalidate:  {"method":"GET","url":"http:/","invalidateInfo":{"identifier":"DB_PDO_MYSQL_DDL_design_config_grid_flat_1"}} []
[2024-07-07T16:10:48.388529+00:00] main.DEBUG: cache_invalidate:  {"method":"GET","url":"http:/","invalidateInfo":{"identifier":"DB_PDO_MYSQL_DDL_design_config_grid_flat_2"}} []
[2024-07-07T16:10:48.388608+00:00] main.DEBUG: cache_invalidate:  {"method":"GET","url":"http:/","invalidateInfo":{"identifier":"DB_PDO_MYSQL_DDL_design_config_grid_flat_3"}} []
[2024-07-07T16:10:48.388666+00:00] main.DEBUG: cache_invalidate:  {"method":"GET","url":"http:/","invalidateInfo":{"identifier":"DB_PDO_MYSQL_DDL_design_config_grid_flat_4"}} []
[2024-07-07T16:10:48.388720+00:00] main.DEBUG: cache_invalidate:  {"method":"GET","url":"http:/","invalidateInfo":{"identifier":"DB_PDO_MYSQL_DDL_design_config_grid_flat_5"}} []
[2024-07-07T16:10:48.496321+00:00] main.DEBUG: cache_invalidate:  {"method":"GET","url":"http:/","invalidateInfo":{"identifier":"DB_PDO_MYSQL_DDL_customer_grid_flat_1"}} []
[2024-07-07T16:10:48.496647+00:00] main.DEBUG: cache_invalidate:  {"method":"GET","url":"http:/","invalidateInfo":{"identifier":"DB_PDO_MYSQL_DDL_customer_grid_flat_2"}} []
[2024-07-07T16:10:48.496956+00:00] main.DEBUG: cache_invalidate:  {"method":"GET","url":"http:/","invalidateInfo":{"identifier":"DB_PDO_MYSQL_DDL_customer_grid_flat_3"}} []
[2024-07-07T16:10:48.497052+00:00] main.DEBUG: cache_invalidate:  {"method":"GET","url":"http:/","invalidateInfo":{"identifier":"DB_PDO_MYSQL_DDL_customer_grid_flat_4"}} []
[2024-07-07T16:10:48.497097+00:00] main.DEBUG: cache_invalidate:  {"method":"GET","url":"http:/","invalidateInfo":{"identifier":"DB_PDO_MYSQL_DDL_customer_grid_flat_5"}} []
[2024-07-07T16:10:48.840300+00:00] main.DEBUG: cache_invalidate:  {"method":"GET","url":"http:/","invalidateInfo":{"tags":["CONFIG"],"mode":"matchingTag"}} []
[2024-07-07T16:10:48.856388+00:00] main.DEBUG: cache_invalidate:  {"method":"GET","url":"http:/","invalidateInfo":{"tags":["LAYOUT_GENERAL_CACHE_TAG"],"mode":"matchingTag"}} []
[2024-07-07T16:10:48.856876+00:00] main.DEBUG: cache_invalidate:  {"method":"GET","url":"http:/","invalidateInfo":{"tags":["BLOCK_HTML"],"mode":"matchingTag"}} []
[2024-07-07T16:10:48.857335+00:00] main.DEBUG: cache_invalidate:  {"method":"GET","url":"http:/","invalidateInfo":{"tags":["COLLECTION_DATA"],"mode":"matchingTag"}} []
[2024-07-07T16:10:48.857756+00:00] main.DEBUG: cache_invalidate:  {"method":"GET","url":"http:/","invalidateInfo":{"tags":["REFLECTION"],"mode":"matchingTag"}} []
[2024-07-07T16:10:48.859535+00:00] main.DEBUG: cache_invalidate:  {"method":"GET","url":"http:/","invalidateInfo":{"tags":["DB_DDL"],"mode":"matchingTag"}} []
[2024-07-07T16:10:48.859976+00:00] main.DEBUG: cache_invalidate:  {"method":"GET","url":"http:/","invalidateInfo":{"tags":["COMPILED_CONFIG"],"mode":"matchingTag"}} []
[2024-07-07T16:10:48.860534+00:00] main.DEBUG: cache_invalidate:  {"method":"GET","url":"http:/","invalidateInfo":{"tags":["EAV"],"mode":"matchingTag"}} []
[2024-07-07T16:10:48.860927+00:00] main.DEBUG: cache_invalidate:  {"method":"GET","url":"http:/","invalidateInfo":{"tags":["CUSTOMER_NOTIFICATION"],"mode":"matchingTag"}} []
[2024-07-07T16:10:48.861291+00:00] main.DEBUG: cache_invalidate:  {"method":"GET","url":"http:/","invalidateInfo":{"tags":["INTEGRATION"],"mode":"matchingTag"}} []
[2024-07-07T16:10:48.861847+00:00] main.DEBUG: cache_invalidate:  {"method":"GET","url":"http:/","invalidateInfo":{"tags":["INTEGRATION_API_CONFIG"],"mode":"matchingTag"}} []
[2024-07-07T16:10:48.862252+00:00] main.DEBUG: cache_invalidate:  {"method":"GET","url":"http:/","invalidateInfo":{"tags":["GRAPHQL_QUERY_RESOLVER_RESULT"],"mode":"matchingTag"}} []
[2024-07-07T16:10:48.862615+00:00] main.DEBUG: cache_invalidate:  {"method":"GET","url":"http:/","invalidateInfo":{"tags":["FPC"],"mode":"matchingTag"}} []
[2024-07-07T16:10:48.862991+00:00] main.DEBUG: cache_invalidate:  {"method":"GET","url":"http:/","invalidateInfo":{"tags":["WEBSERVICE"],"mode":"matchingTag"}} []
[2024-07-07T16:10:48.863370+00:00] main.DEBUG: cache_invalidate:  {"method":"GET","url":"http:/","invalidateInfo":{"tags":["TRANSLATE"],"mode":"matchingTag"}} []
[2024-07-07T16:10:48.872346+00:00] main.DEBUG: cache_invalidate:  {"method":"GET","url":"http:/","invalidateInfo":{"identifier":"DB_PDO_MYSQL_DDL_design_config_dummy_cl_1"}} []
[2024-07-07T16:10:48.872540+00:00] main.DEBUG: cache_invalidate:  {"method":"GET","url":"http:/","invalidateInfo":{"identifier":"DB_PDO_MYSQL_DDL_design_config_dummy_cl_2"}} []
[2024-07-07T16:10:48.872601+00:00] main.DEBUG: cache_invalidate:  {"method":"GET","url":"http:/","invalidateInfo":{"identifier":"DB_PDO_MYSQL_DDL_design_config_dummy_cl_3"}} []
[2024-07-07T16:10:48.872641+00:00] main.DEBUG: cache_invalidate:  {"method":"GET","url":"http:/","invalidateInfo":{"identifier":"DB_PDO_MYSQL_DDL_design_config_dummy_cl_4"}} []
[2024-07-07T16:10:48.872680+00:00] main.DEBUG: cache_invalidate:  {"method":"GET","url":"http:/","invalidateInfo":{"identifier":"DB_PDO_MYSQL_DDL_design_config_dummy_cl_5"}} []
[2024-07-07T16:10:48.880506+00:00] main.DEBUG: cache_invalidate:  {"method":"GET","url":"http:/","invalidateInfo":{"identifier":"DB_PDO_MYSQL_DDL_customer_dummy_cl_1"}} []
[2024-07-07T16:10:48.880677+00:00] main.DEBUG: cache_invalidate:  {"method":"GET","url":"http:/","invalidateInfo":{"identifier":"DB_PDO_MYSQL_DDL_customer_dummy_cl_2"}} []
[2024-07-07T16:10:48.880733+00:00] main.DEBUG: cache_invalidate:  {"method":"GET","url":"http:/","invalidateInfo":{"identifier":"DB_PDO_MYSQL_DDL_customer_dummy_cl_3"}} []
[2024-07-07T16:10:48.880781+00:00] main.DEBUG: cache_invalidate:  {"method":"GET","url":"http:/","invalidateInfo":{"identifier":"DB_PDO_MYSQL_DDL_customer_dummy_cl_4"}} []
[2024-07-07T16:10:48.880817+00:00] main.DEBUG: cache_invalidate:  {"method":"GET","url":"http:/","invalidateInfo":{"identifier":"DB_PDO_MYSQL_DDL_customer_dummy_cl_5"}} []
[2024-07-07T16:10:48.890044+00:00] main.DEBUG: cache_invalidate:  {"method":"GET","url":"http:/","invalidateInfo":{"identifier":"DB_PDO_MYSQL_DDL_catalog_category_product_cl_1"}} []
[2024-07-07T16:10:48.890227+00:00] main.DEBUG: cache_invalidate:  {"method":"GET","url":"http:/","invalidateInfo":{"identifier":"DB_PDO_MYSQL_DDL_catalog_category_product_cl_2"}} []
[2024-07-07T16:10:48.890386+00:00] main.DEBUG: cache_invalidate:  {"method":"GET","url":"http:/","invalidateInfo":{"identifier":"DB_PDO_MYSQL_DDL_catalog_category_product_cl_3"}} []
[2024-07-07T16:10:48.890551+00:00] main.DEBUG: cache_invalidate:  {"method":"GET","url":"http:/","invalidateInfo":{"identifier":"DB_PDO_MYSQL_DDL_catalog_category_product_cl_4"}} []
[2024-07-07T16:10:48.890661+00:00] main.DEBUG: cache_invalidate:  {"method":"GET","url":"http:/","invalidateInfo":{"identifier":"DB_PDO_MYSQL_DDL_catalog_category_product_cl_5"}} []
[2024-07-07T16:10:48.978587+00:00] main.DEBUG: cache_invalidate:  {"method":"GET","url":"http:/","invalidateInfo":{"identifier":"DB_PDO_MYSQL_DDL_catalog_product_category_cl_1"}} []
[2024-07-07T16:10:48.978754+00:00] main.DEBUG: cache_invalidate:  {"method":"GET","url":"http:/","invalidateInfo":{"identifier":"DB_PDO_MYSQL_DDL_catalog_product_category_cl_2"}} []
[2024-07-07T16:10:48.978830+00:00] main.DEBUG: cache_invalidate:  {"method":"GET","url":"http:/","invalidateInfo":{"identifier":"DB_PDO_MYSQL_DDL_catalog_product_category_cl_3"}} []
[2024-07-07T16:10:48.979030+00:00] main.DEBUG: cache_invalidate:  {"method":"GET","url":"http:/","invalidateInfo":{"identifier":"DB_PDO_MYSQL_DDL_catalog_product_category_cl_4"}} []
[2024-07-07T16:10:48.979095+00:00] main.DEBUG: cache_invalidate:  {"method":"GET","url":"http:/","invalidateInfo":{"identifier":"DB_PDO_MYSQL_DDL_catalog_product_category_cl_5"}} []
[2024-07-07T16:10:49.078299+00:00] main.DEBUG: cache_invalidate:  {"method":"GET","url":"http:/","invalidateInfo":{"identifier":"DB_PDO_MYSQL_DDL_catalogrule_rule_cl_1"}} []
[2024-07-07T16:10:49.078434+00:00] main.DEBUG: cache_invalidate:  {"method":"GET","url":"http:/","invalidateInfo":{"identifier":"DB_PDO_MYSQL_DDL_catalogrule_rule_cl_2"}} []
[2024-07-07T16:10:49.078482+00:00] main.DEBUG: cache_invalidate:  {"method":"GET","url":"http:/","invalidateInfo":{"identifier":"DB_PDO_MYSQL_DDL_catalogrule_rule_cl_3"}} []
[2024-07-07T16:10:49.078545+00:00] main.DEBUG: cache_invalidate:  {"method":"GET","url":"http:/","invalidateInfo":{"identifier":"DB_PDO_MYSQL_DDL_catalogrule_rule_cl_4"}} []
[2024-07-07T16:10:49.078583+00:00] main.DEBUG: cache_invalidate:  {"method":"GET","url":"http:/","invalidateInfo":{"identifier":"DB_PDO_MYSQL_DDL_catalogrule_rule_cl_5"}} []
[2024-07-07T16:10:49.118651+00:00] main.DEBUG: cache_invalidate:  {"method":"GET","url":"http:/","invalidateInfo":{"identifier":"DB_PDO_MYSQL_DDL_catalog_product_attribute_cl_1"}} []
[2024-07-07T16:10:49.118856+00:00] main.DEBUG: cache_invalidate:  {"method":"GET","url":"http:/","invalidateInfo":{"identifier":"DB_PDO_MYSQL_DDL_catalog_product_attribute_cl_2"}} []
[2024-07-07T16:10:49.118925+00:00] main.DEBUG: cache_invalidate:  {"method":"GET","url":"http:/","invalidateInfo":{"identifier":"DB_PDO_MYSQL_DDL_catalog_product_attribute_cl_3"}} []
[2024-07-07T16:10:49.118968+00:00] main.DEBUG: cache_invalidate:  {"method":"GET","url":"http:/","invalidateInfo":{"identifier":"DB_PDO_MYSQL_DDL_catalog_product_attribute_cl_4"}} []
[2024-07-07T16:10:49.119007+00:00] main.DEBUG: cache_invalidate:  {"method":"GET","url":"http:/","invalidateInfo":{"identifier":"DB_PDO_MYSQL_DDL_catalog_product_attribute_cl_5"}} []
[2024-07-07T16:10:49.222961+00:00] main.DEBUG: cache_invalidate:  {"method":"GET","url":"http:/","invalidateInfo":{"identifier":"DB_PDO_MYSQL_DDL_cataloginventory_stock_cl_1"}} []
[2024-07-07T16:10:49.223201+00:00] main.DEBUG: cache_invalidate:  {"method":"GET","url":"http:/","invalidateInfo":{"identifier":"DB_PDO_MYSQL_DDL_cataloginventory_stock_cl_2"}} []
[2024-07-07T16:10:49.223279+00:00] main.DEBUG: cache_invalidate:  {"method":"GET","url":"http:/","invalidateInfo":{"identifier":"DB_PDO_MYSQL_DDL_cataloginventory_stock_cl_3"}} []
[2024-07-07T16:10:49.223344+00:00] main.DEBUG: cache_invalidate:  {"method":"GET","url":"http:/","invalidateInfo":{"identifier":"DB_PDO_MYSQL_DDL_cataloginventory_stock_cl_4"}} []
[2024-07-07T16:10:49.223400+00:00] main.DEBUG: cache_invalidate:  {"method":"GET","url":"http:/","invalidateInfo":{"identifier":"DB_PDO_MYSQL_DDL_cataloginventory_stock_cl_5"}} []
[2024-07-07T16:10:49.333385+00:00] main.DEBUG: cache_invalidate:  {"method":"GET","url":"http:/","invalidateInfo":{"identifier":"DB_PDO_MYSQL_DDL_inventory_cl_1"}} []
[2024-07-07T16:10:49.333677+00:00] main.DEBUG: cache_invalidate:  {"method":"GET","url":"http:/","invalidateInfo":{"identifier":"DB_PDO_MYSQL_DDL_inventory_cl_2"}} []
[2024-07-07T16:10:49.333759+00:00] main.DEBUG: cache_invalidate:  {"method":"GET","url":"http:/","invalidateInfo":{"identifier":"DB_PDO_MYSQL_DDL_inventory_cl_3"}} []
[2024-07-07T16:10:49.333816+00:00] main.DEBUG: cache_invalidate:  {"method":"GET","url":"http:/","invalidateInfo":{"identifier":"DB_PDO_MYSQL_DDL_inventory_cl_4"}} []
[2024-07-07T16:10:49.333871+00:00] main.DEBUG: cache_invalidate:  {"method":"GET","url":"http:/","invalidateInfo":{"identifier":"DB_PDO_MYSQL_DDL_inventory_cl_5"}} []
[2024-07-07T16:10:49.361697+00:00] main.DEBUG: cache_invalidate:  {"method":"GET","url":"http:/","invalidateInfo":{"identifier":"DB_PDO_MYSQL_DDL_catalogrule_product_cl_1"}} []
[2024-07-07T16:10:49.362004+00:00] main.DEBUG: cache_invalidate:  {"method":"GET","url":"http:/","invalidateInfo":{"identifier":"DB_PDO_MYSQL_DDL_catalogrule_product_cl_2"}} []
[2024-07-07T16:10:49.362100+00:00] main.DEBUG: cache_invalidate:  {"method":"GET","url":"http:/","invalidateInfo":{"identifier":"DB_PDO_MYSQL_DDL_catalogrule_product_cl_3"}} []
[2024-07-07T16:10:49.362180+00:00] main.DEBUG: cache_invalidate:  {"method":"GET","url":"http:/","invalidateInfo":{"identifier":"DB_PDO_MYSQL_DDL_catalogrule_product_cl_4"}} []
[2024-07-07T16:10:49.362232+00:00] main.DEBUG: cache_invalidate:  {"method":"GET","url":"http:/","invalidateInfo":{"identifier":"DB_PDO_MYSQL_DDL_catalogrule_product_cl_5"}} []
[2024-07-07T16:10:49.556306+00:00] main.DEBUG: cache_invalidate:  {"method":"GET","url":"http:/","invalidateInfo":{"identifier":"DB_PDO_MYSQL_DDL_catalog_product_price_cl_1"}} []
[2024-07-07T16:10:49.556432+00:00] main.DEBUG: cache_invalidate:  {"method":"GET","url":"http:/","invalidateInfo":{"identifier":"DB_PDO_MYSQL_DDL_catalog_product_price_cl_2"}} []
[2024-07-07T16:10:49.556511+00:00] main.DEBUG: cache_invalidate:  {"method":"GET","url":"http:/","invalidateInfo":{"identifier":"DB_PDO_MYSQL_DDL_catalog_product_price_cl_3"}} []
[2024-07-07T16:10:49.556571+00:00] main.DEBUG: cache_invalidate:  {"method":"GET","url":"http:/","invalidateInfo":{"identifier":"DB_PDO_MYSQL_DDL_catalog_product_price_cl_4"}} []
[2024-07-07T16:10:49.556618+00:00] main.DEBUG: cache_invalidate:  {"method":"GET","url":"http:/","invalidateInfo":{"identifier":"DB_PDO_MYSQL_DDL_catalog_product_price_cl_5"}} []
[2024-07-07T16:10:49.836998+00:00] main.DEBUG: cache_invalidate:  {"method":"GET","url":"http:/","invalidateInfo":{"identifier":"DB_PDO_MYSQL_DDL_catalogsearch_fulltext_cl_1"}} []
[2024-07-07T16:10:49.837133+00:00] main.DEBUG: cache_invalidate:  {"method":"GET","url":"http:/","invalidateInfo":{"identifier":"DB_PDO_MYSQL_DDL_catalogsearch_fulltext_cl_2"}} []
[2024-07-07T16:10:49.837190+00:00] main.DEBUG: cache_invalidate:  {"method":"GET","url":"http:/","invalidateInfo":{"identifier":"DB_PDO_MYSQL_DDL_catalogsearch_fulltext_cl_3"}} []
[2024-07-07T16:10:49.837230+00:00] main.DEBUG: cache_invalidate:  {"method":"GET","url":"http:/","invalidateInfo":{"identifier":"DB_PDO_MYSQL_DDL_catalogsearch_fulltext_cl_4"}} []
[2024-07-07T16:10:49.837270+00:00] main.DEBUG: cache_invalidate:  {"method":"GET","url":"http:/","invalidateInfo":{"identifier":"DB_PDO_MYSQL_DDL_catalogsearch_fulltext_cl_5"}} []
[2024-07-07T16:11:41.571632+00:00] main.DEBUG: Source class "\Magento\ServiceProxy\Model" for "Magento\ServiceProxy\Model\Logger" generation does not exist. {"exception":"[object] (RuntimeException(code: 0): Source class \"\\Magento\\ServiceProxy\\Model\" for \"Magento\\ServiceProxy\\Model\\Logger\" generation does not exist. at /var/www/html/empyeorg/vendor/magento/framework/Code/Generator.php:223)"} []
[2024-07-07T16:35:35.499935+00:00] main.DEBUG: Source class "\Magento\ServiceProxy\Model" for "Magento\ServiceProxy\Model\Logger" generation does not exist. {"exception":"[object] (RuntimeException(code: 0): Source class \"\\Magento\\ServiceProxy\\Model\" for \"Magento\\ServiceProxy\\Model\\Logger\" generation does not exist. at /var/www/html/empyeorg/vendor/magento/framework/Code/Generator.php:223)"} []
[2024-07-08T03:27:20.570994+00:00] main.DEBUG: cache_invalidate:  {"method":"GET","url":"http:/","invalidateInfo":{"tags":["CONFIG"],"mode":"matchingTag"}} []
[2024-07-08T03:27:20.584417+00:00] main.DEBUG: cache_invalidate:  {"method":"GET","url":"http:/","invalidateInfo":{"tags":["LAYOUT_GENERAL_CACHE_TAG"],"mode":"matchingTag"}} []
[2024-07-08T03:27:20.584937+00:00] main.DEBUG: cache_invalidate:  {"method":"GET","url":"http:/","invalidateInfo":{"tags":["BLOCK_HTML"],"mode":"matchingTag"}} []
[2024-07-08T03:27:20.585362+00:00] main.DEBUG: cache_invalidate:  {"method":"GET","url":"http:/","invalidateInfo":{"tags":["COLLECTION_DATA"],"mode":"matchingTag"}} []
[2024-07-08T03:27:20.585908+00:00] main.DEBUG: cache_invalidate:  {"method":"GET","url":"http:/","invalidateInfo":{"tags":["REFLECTION"],"mode":"matchingTag"}} []
[2024-07-08T03:27:20.586281+00:00] main.DEBUG: cache_invalidate:  {"method":"GET","url":"http:/","invalidateInfo":{"tags":["DB_DDL"],"mode":"matchingTag"}} []
[2024-07-08T03:27:20.586529+00:00] main.DEBUG: cache_invalidate:  {"method":"GET","url":"http:/","invalidateInfo":{"tags":["COMPILED_CONFIG"],"mode":"matchingTag"}} []
[2024-07-08T03:27:20.586810+00:00] main.DEBUG: cache_invalidate:  {"method":"GET","url":"http:/","invalidateInfo":{"tags":["EAV"],"mode":"matchingTag"}} []
[2024-07-08T03:27:20.587169+00:00] main.DEBUG: cache_invalidate:  {"method":"GET","url":"http:/","invalidateInfo":{"tags":["CUSTOMER_NOTIFICATION"],"mode":"matchingTag"}} []
[2024-07-08T03:27:20.587536+00:00] main.DEBUG: cache_invalidate:  {"method":"GET","url":"http:/","invalidateInfo":{"tags":["INTEGRATION"],"mode":"matchingTag"}} []
[2024-07-08T03:27:20.587881+00:00] main.DEBUG: cache_invalidate:  {"method":"GET","url":"http:/","invalidateInfo":{"tags":["INTEGRATION_API_CONFIG"],"mode":"matchingTag"}} []
[2024-07-08T03:27:20.588228+00:00] main.DEBUG: cache_invalidate:  {"method":"GET","url":"http:/","invalidateInfo":{"tags":["GRAPHQL_QUERY_RESOLVER_RESULT"],"mode":"matchingTag"}} []
[2024-07-08T03:27:20.591607+00:00] main.DEBUG: cache_invalidate:  {"method":"GET","url":"http:/","invalidateInfo":{"tags":["FPC"],"mode":"matchingTag"}} []
[2024-07-08T03:27:20.592238+00:00] main.DEBUG: cache_invalidate:  {"method":"GET","url":"http:/","invalidateInfo":{"tags":["WEBSERVICE"],"mode":"matchingTag"}} []
[2024-07-08T03:27:20.592569+00:00] main.DEBUG: cache_invalidate:  {"method":"GET","url":"http:/","invalidateInfo":{"tags":["TRANSLATE"],"mode":"matchingTag"}} []
[2024-07-08T03:27:26.893447+00:00] main.DEBUG: Source class "\Magento\ServiceProxy\Model" for "Magento\ServiceProxy\Model\Logger" generation does not exist. {"exception":"[object] (RuntimeException(code: 0): Source class \"\\Magento\\ServiceProxy\\Model\" for \"Magento\\ServiceProxy\\Model\\Logger\" generation does not exist. at /var/www/html/empyeorg/vendor/magento/framework/Code/Generator.php:223)"} []
[2024-07-08T03:27:31.006473+00:00] main.DEBUG: cache_invalidate:  {"method":"GET","url":"http:/","invalidateInfo":{"tags":["CONFIG"],"mode":"matchingTag"}} []
[2024-07-08T03:27:42.153386+00:00] main.DEBUG: cache_invalidate:  {"method":"GET","url":"http:/","invalidateInfo":{"identifier":"DB_PDO_MYSQL_DDL_sales_order_status_data_exporter_cl_1"}} []
[2024-07-08T03:27:42.153636+00:00] main.DEBUG: cache_invalidate:  {"method":"GET","url":"http:/","invalidateInfo":{"identifier":"DB_PDO_MYSQL_DDL_sales_order_status_data_exporter_cl_2"}} []
[2024-07-08T03:27:42.153703+00:00] main.DEBUG: cache_invalidate:  {"method":"GET","url":"http:/","invalidateInfo":{"identifier":"DB_PDO_MYSQL_DDL_sales_order_status_data_exporter_cl_3"}} []
[2024-07-08T03:27:42.153749+00:00] main.DEBUG: cache_invalidate:  {"method":"GET","url":"http:/","invalidateInfo":{"identifier":"DB_PDO_MYSQL_DDL_sales_order_status_data_exporter_cl_4"}} []
[2024-07-08T03:27:42.154417+00:00] main.DEBUG: cache_invalidate:  {"method":"GET","url":"http:/","invalidateInfo":{"identifier":"DB_PDO_MYSQL_DDL_sales_order_status_data_exporter_cl_5"}} []
[2024-07-08T03:27:42.850064+00:00] main.DEBUG: cache_invalidate:  {"method":"GET","url":"http:/","invalidateInfo":{"tags":["CONFIG"],"mode":"matchingTag"}} []
[2024-07-08T03:27:42.860123+00:00] main.DEBUG: cache_invalidate:  {"method":"GET","url":"http:/","invalidateInfo":{"tags":["LAYOUT_GENERAL_CACHE_TAG"],"mode":"matchingTag"}} []
[2024-07-08T03:27:42.860571+00:00] main.DEBUG: cache_invalidate:  {"method":"GET","url":"http:/","invalidateInfo":{"tags":["BLOCK_HTML"],"mode":"matchingTag"}} []
[2024-07-08T03:27:42.861117+00:00] main.DEBUG: cache_invalidate:  {"method":"GET","url":"http:/","invalidateInfo":{"tags":["COLLECTION_DATA"],"mode":"matchingTag"}} []
[2024-07-08T03:27:42.872269+00:00] main.DEBUG: cache_invalidate:  {"method":"GET","url":"http:/","invalidateInfo":{"tags":["REFLECTION"],"mode":"matchingTag"}} []
[2024-07-08T03:27:42.875160+00:00] main.DEBUG: cache_invalidate:  {"method":"GET","url":"http:/","invalidateInfo":{"tags":["DB_DDL"],"mode":"matchingTag"}} []
[2024-07-08T03:27:42.876441+00:00] main.DEBUG: cache_invalidate:  {"method":"GET","url":"http:/","invalidateInfo":{"tags":["COMPILED_CONFIG"],"mode":"matchingTag"}} []
[2024-07-08T03:27:42.879094+00:00] main.DEBUG: cache_invalidate:  {"method":"GET","url":"http:/","invalidateInfo":{"tags":["EAV"],"mode":"matchingTag"}} []
[2024-07-08T03:27:42.879609+00:00] main.DEBUG: cache_invalidate:  {"method":"GET","url":"http:/","invalidateInfo":{"tags":["CUSTOMER_NOTIFICATION"],"mode":"matchingTag"}} []
[2024-07-08T03:27:42.880186+00:00] main.DEBUG: cache_invalidate:  {"method":"GET","url":"http:/","invalidateInfo":{"tags":["INTEGRATION"],"mode":"matchingTag"}} []
[2024-07-08T03:27:42.880718+00:00] main.DEBUG: cache_invalidate:  {"method":"GET","url":"http:/","invalidateInfo":{"tags":["INTEGRATION_API_CONFIG"],"mode":"matchingTag"}} []
[2024-07-08T03:27:42.881869+00:00] main.DEBUG: cache_invalidate:  {"method":"GET","url":"http:/","invalidateInfo":{"tags":["GRAPHQL_QUERY_RESOLVER_RESULT"],"mode":"matchingTag"}} []
[2024-07-08T03:27:42.883180+00:00] main.DEBUG: cache_invalidate:  {"method":"GET","url":"http:/","invalidateInfo":{"tags":["FPC"],"mode":"matchingTag"}} []
[2024-07-08T03:27:42.887167+00:00] main.DEBUG: cache_invalidate:  {"method":"GET","url":"http:/","invalidateInfo":{"tags":["WEBSERVICE"],"mode":"matchingTag"}} []
[2024-07-08T03:27:42.887839+00:00] main.DEBUG: cache_invalidate:  {"method":"GET","url":"http:/","invalidateInfo":{"tags":["TRANSLATE"],"mode":"matchingTag"}} []
[2024-07-08T03:27:50.467085+00:00] main.DEBUG: Source class "\Magento\ServiceProxy\Model" for "Magento\ServiceProxy\Model\Logger" generation does not exist. {"exception":"[object] (RuntimeException(code: 0): Source class \"\\Magento\\ServiceProxy\\Model\" for \"Magento\\ServiceProxy\\Model\\Logger\" generation does not exist. at /var/www/html/empyeorg/vendor/magento/framework/Code/Generator.php:223)"} []
[2024-07-08T03:27:55.048136+00:00] main.DEBUG: cache_invalidate:  {"method":"GET","url":"http:/","invalidateInfo":{"identifier":"INTEGRITY_base"}} []
[2024-07-08T03:27:55.048399+00:00] main.DEBUG: cache_invalidate:  {"method":"GET","url":"http:/","invalidateInfo":{"identifier":"INTEGRITY_frontend"}} []
[2024-07-08T03:27:55.048492+00:00] main.DEBUG: cache_invalidate:  {"method":"GET","url":"http:/","invalidateInfo":{"identifier":"INTEGRITY_adminhtml"}} []
[2024-07-08T03:29:22.328559+00:00] main.ERROR: Class "Empye\RestrictUsers\Observer\RestrictUsersObserver" does not exist [] []
[2024-07-08T03:30:13.128632+00:00] main.DEBUG: cache_invalidate:  {"method":"GET","url":"http:/","invalidateInfo":{"tags":[],"mode":"all"}} []
[2024-07-08T03:30:13.134377+00:00] main.DEBUG: cache_invalidate:  {"method":"GET","url":"http:/","invalidateInfo":{"tags":[],"mode":"all"}} []
[2024-07-08T03:30:16.949704+00:00] main.DEBUG: Source class "\Magento\ServiceProxy\Model" for "Magento\ServiceProxy\Model\Logger" generation does not exist. {"exception":"[object] (RuntimeException(code: 0): Source class \"\\Magento\\ServiceProxy\\Model\" for \"Magento\\ServiceProxy\\Model\\Logger\" generation does not exist. at /var/www/html/empyeorg/vendor/magento/framework/Code/Generator.php:223)"} []
[2024-07-08T03:30:49.062461+00:00] main.DEBUG: Source class "\Magento\ServiceProxy\Model" for "Magento\ServiceProxy\Model\Logger" generation does not exist. {"exception":"[object] (RuntimeException(code: 0): Source class \"\\Magento\\ServiceProxy\\Model\" for \"Magento\\ServiceProxy\\Model\\Logger\" generation does not exist. at /var/www/html/empyeorg/vendor/magento/framework/Code/Generator.php:223)"} []
[2024-07-08T03:30:53.868109+00:00] main.DEBUG: cache_invalidate:  {"method":"GET","url":"http:/","invalidateInfo":{"tags":[],"mode":"all"}} []
[2024-07-08T03:30:53.870651+00:00] main.DEBUG: cache_invalidate:  {"method":"GET","url":"http:/","invalidateInfo":{"tags":[],"mode":"all"}} []
[2024-07-08T03:33:55.602526+00:00] main.DEBUG: Source class "\Magento\ServiceProxy\Model" for "Magento\ServiceProxy\Model\Logger" generation does not exist. {"exception":"[object] (RuntimeException(code: 0): Source class \"\\Magento\\ServiceProxy\\Model\" for \"Magento\\ServiceProxy\\Model\\Logger\" generation does not exist. at /var/www/html/empyeorg/vendor/magento/framework/Code/Generator.php:223)"} []
[2024-07-08T03:34:00.630763+00:00] main.DEBUG: cache_invalidate:  {"method":"GET","url":"http:/","invalidateInfo":{"tags":[],"mode":"all"}} []
[2024-07-08T03:34:00.633208+00:00] main.DEBUG: cache_invalidate:  {"method":"GET","url":"http:/","invalidateInfo":{"tags":[],"mode":"all"}} []
[2024-07-08T03:35:08.484903+00:00] main.DEBUG: cache_invalidate:  {"method":"GET","url":"http:/","invalidateInfo":{"tags":["FPC"],"mode":"matchingTag"}} []
[2024-07-08T03:42:50.495023+00:00] main.ERROR: Requested path 'admin/javascript/hetong.js' is wrong. [] []
[2024-07-08T03:42:50.495373+00:00] main.CRITICAL: Requested path 'admin/javascript/hetong.js' is wrong. [] []
[2024-07-08T03:42:50.841487+00:00] main.ERROR: Requested path 'admin/javascript/hetong.js' is wrong. [] []
[2024-07-08T03:42:50.841796+00:00] main.CRITICAL: Requested path 'admin/javascript/hetong.js' is wrong. [] []
[2024-07-08T04:28:16.037149+00:00] main.INFO: Broken reference: the 'catalog.compare.sidebar' element cannot be added as child to 'sidebar.additional', because the latter doesn't exist [] []
[2024-07-08T04:28:16.037405+00:00] main.INFO: Broken reference: the 'sale.reorder.sidebar' element cannot be added as child to 'sidebar.additional', because the latter doesn't exist [] []
[2024-07-08T04:28:16.037533+00:00] main.INFO: Broken reference: the 'wishlist_sidebar' element cannot be added as child to 'sidebar.additional', because the latter doesn't exist [] []
[2024-07-08T04:28:16.037588+00:00] main.INFO: Broken reference: the 'paypal.partner.right.logo' element cannot be added as child to 'sidebar.additional', because the latter doesn't exist [] []
[2024-07-08T04:28:16.037630+00:00] main.INFO: Broken reference: the 'bml.right.logo' element cannot be added as child to 'sidebar.additional', because the latter doesn't exist [] []
[2024-07-08T04:28:16.037664+00:00] main.INFO: Broken reference: the 'sidebar.container.paylater' element cannot be added as child to 'sidebar.additional', because the latter doesn't exist [] []
[2024-07-08T04:28:18.318924+00:00] main.ERROR: Unable to resolve the source file for 'frontend/Magento/luma/en_US/underscore-umd.js.map' [] []
[2024-07-08T04:28:18.319199+00:00] main.CRITICAL: Unable to resolve the source file for 'frontend/Magento/luma/en_US/underscore-umd.js.map' [] []
[2024-07-08T04:28:28.468826+00:00] main.ERROR: Unable to resolve the source file for 'frontend/Magento/luma/en_US/underscore-umd.js.map' [] []
[2024-07-08T04:28:28.469101+00:00] main.CRITICAL: Unable to resolve the source file for 'frontend/Magento/luma/en_US/underscore-umd.js.map' [] []
[2024-07-08T04:28:32.496069+00:00] main.INFO: Broken reference: the 'catalog.compare.sidebar' element cannot be added as child to 'sidebar.additional', because the latter doesn't exist [] []
[2024-07-08T04:28:32.496391+00:00] main.INFO: Broken reference: the 'sale.reorder.sidebar' element cannot be added as child to 'sidebar.additional', because the latter doesn't exist [] []
[2024-07-08T04:28:32.496590+00:00] main.INFO: Broken reference: the 'wishlist_sidebar' element cannot be added as child to 'sidebar.additional', because the latter doesn't exist [] []
[2024-07-08T04:28:32.496657+00:00] main.INFO: Broken reference: the 'paypal.partner.right.logo' element cannot be added as child to 'sidebar.additional', because the latter doesn't exist [] []
[2024-07-08T04:28:32.496696+00:00] main.INFO: Broken reference: the 'bml.right.logo' element cannot be added as child to 'sidebar.additional', because the latter doesn't exist [] []
[2024-07-08T04:28:32.496741+00:00] main.INFO: Broken reference: the 'sidebar.container.paylater' element cannot be added as child to 'sidebar.additional', because the latter doesn't exist [] []
[2024-07-08T04:28:34.649062+00:00] main.ERROR: Unable to resolve the source file for 'frontend/Magento/luma/en_US/underscore-umd.js.map' [] []
[2024-07-08T04:28:34.649408+00:00] main.CRITICAL: Unable to resolve the source file for 'frontend/Magento/luma/en_US/underscore-umd.js.map' [] []
[2024-07-08T04:28:59.760707+00:00] main.ERROR: Unable to resolve the source file for 'frontend/Magento/luma/en_US/underscore-umd.js.map' [] []
[2024-07-08T04:28:59.760988+00:00] main.CRITICAL: Unable to resolve the source file for 'frontend/Magento/luma/en_US/underscore-umd.js.map' [] []
[2024-07-08T04:33:03.667025+00:00] main.CRITICAL: Type Error occurred when creating object: Empye\RestrictUsers\Observer\RestrictUsersObserver, Too few arguments to function Empye\RestrictUsers\Observer\RestrictUsersObserver::__construct(), 2 passed in /var/www/html/empyeorg/vendor/magento/framework/ObjectManager/Factory/AbstractFactory.php on line 121 and exactly 3 expected [] []
[2024-07-08T04:33:03.667738+00:00] main.ERROR: Type Error occurred when creating object: Empye\RestrictUsers\Observer\RestrictUsersObserver, Too few arguments to function Empye\RestrictUsers\Observer\RestrictUsersObserver::__construct(), 2 passed in /var/www/html/empyeorg/vendor/magento/framework/ObjectManager/Factory/AbstractFactory.php on line 121 and exactly 3 expected [] []
[2024-07-08T04:33:23.143928+00:00] main.DEBUG: Source class "\Magento\ServiceProxy\Model" for "Magento\ServiceProxy\Model\Logger" generation does not exist. {"exception":"[object] (RuntimeException(code: 0): Source class \"\\Magento\\ServiceProxy\\Model\" for \"Magento\\ServiceProxy\\Model\\Logger\" generation does not exist. at /var/www/html/empyeorg/vendor/magento/framework/Code/Generator.php:223)"} []
[2024-07-08T04:33:27.588412+00:00] main.DEBUG: cache_invalidate:  {"method":"GET","url":"http:/","invalidateInfo":{"tags":[],"mode":"all"}} []
[2024-07-08T04:33:27.592851+00:00] main.DEBUG: cache_invalidate:  {"method":"GET","url":"http:/","invalidateInfo":{"tags":[],"mode":"all"}} []
[2024-07-08T04:34:24.353389+00:00] main.DEBUG: cache_invalidate:  {"method":"GET","url":"http:/","invalidateInfo":{"tags":["FPC"],"mode":"matchingTag"}} []
[2024-07-08T04:34:57.880475+00:00] main.INFO: Broken reference: the 'catalog.compare.sidebar' element cannot be added as child to 'sidebar.additional', because the latter doesn't exist [] []
[2024-07-08T04:34:57.880865+00:00] main.INFO: Broken reference: the 'sale.reorder.sidebar' element cannot be added as child to 'sidebar.additional', because the latter doesn't exist [] []
[2024-07-08T04:34:57.881188+00:00] main.INFO: Broken reference: the 'wishlist_sidebar' element cannot be added as child to 'sidebar.additional', because the latter doesn't exist [] []
[2024-07-08T04:34:57.881339+00:00] main.INFO: Broken reference: the 'paypal.partner.right.logo' element cannot be added as child to 'sidebar.additional', because the latter doesn't exist [] []
[2024-07-08T04:34:57.881422+00:00] main.INFO: Broken reference: the 'bml.right.logo' element cannot be added as child to 'sidebar.additional', because the latter doesn't exist [] []
[2024-07-08T04:34:57.881508+00:00] main.INFO: Broken reference: the 'sidebar.container.paylater' element cannot be added as child to 'sidebar.additional', because the latter doesn't exist [] []
[2024-07-08T04:35:00.092035+00:00] main.ERROR: Unable to resolve the source file for 'frontend/Magento/luma/en_US/underscore-umd.js.map' [] []
[2024-07-08T04:35:00.092468+00:00] main.CRITICAL: Unable to resolve the source file for 'frontend/Magento/luma/en_US/underscore-umd.js.map' [] []
[2024-07-08T04:35:00.522608+00:00] main.INFO: Broken reference: the 'catalog.compare.sidebar' element cannot be added as child to 'sidebar.additional', because the latter doesn't exist [] []
[2024-07-08T04:35:00.522862+00:00] main.INFO: Broken reference: the 'sale.reorder.sidebar' element cannot be added as child to 'sidebar.additional', because the latter doesn't exist [] []
[2024-07-08T04:35:00.523100+00:00] main.INFO: Broken reference: the 'wishlist_sidebar' element cannot be added as child to 'sidebar.additional', because the latter doesn't exist [] []
[2024-07-08T04:35:00.523204+00:00] main.INFO: Broken reference: the 'paypal.partner.right.logo' element cannot be added as child to 'sidebar.additional', because the latter doesn't exist [] []
[2024-07-08T04:35:00.523264+00:00] main.INFO: Broken reference: the 'bml.right.logo' element cannot be added as child to 'sidebar.additional', because the latter doesn't exist [] []
[2024-07-08T04:35:00.523339+00:00] main.INFO: Broken reference: the 'sidebar.container.paylater' element cannot be added as child to 'sidebar.additional', because the latter doesn't exist [] []
[2024-07-08T04:35:02.640869+00:00] main.ERROR: Unable to resolve the source file for 'frontend/Magento/luma/en_US/underscore-umd.js.map' [] []
[2024-07-08T04:35:02.641146+00:00] main.CRITICAL: Unable to resolve the source file for 'frontend/Magento/luma/en_US/underscore-umd.js.map' [] []
[2024-07-08T04:35:27.473351+00:00] main.INFO: Broken reference: the 'catalog.compare.sidebar' element cannot be added as child to 'sidebar.additional', because the latter doesn't exist [] []
[2024-07-08T04:35:27.473614+00:00] main.INFO: Broken reference: the 'sale.reorder.sidebar' element cannot be added as child to 'sidebar.additional', because the latter doesn't exist [] []
[2024-07-08T04:35:27.473780+00:00] main.INFO: Broken reference: the 'wishlist_sidebar' element cannot be added as child to 'sidebar.additional', because the latter doesn't exist [] []
[2024-07-08T04:35:27.473871+00:00] main.INFO: Broken reference: the 'paypal.partner.right.logo' element cannot be added as child to 'sidebar.additional', because the latter doesn't exist [] []
[2024-07-08T04:35:27.473920+00:00] main.INFO: Broken reference: the 'bml.right.logo' element cannot be added as child to 'sidebar.additional', because the latter doesn't exist [] []
[2024-07-08T04:35:27.473988+00:00] main.INFO: Broken reference: the 'sidebar.container.paylater' element cannot be added as child to 'sidebar.additional', because the latter doesn't exist [] []
[2024-07-08T04:35:29.488125+00:00] main.ERROR: Unable to resolve the source file for 'frontend/Magento/luma/en_US/underscore-umd.js.map' [] []
[2024-07-08T04:35:29.488301+00:00] main.CRITICAL: Unable to resolve the source file for 'frontend/Magento/luma/en_US/underscore-umd.js.map' [] []
[2024-07-08T04:35:30.538348+00:00] main.INFO: Broken reference: the 'catalog.compare.sidebar' element cannot be added as child to 'sidebar.additional', because the latter doesn't exist [] []
[2024-07-08T04:35:30.538730+00:00] main.INFO: Broken reference: the 'sale.reorder.sidebar' element cannot be added as child to 'sidebar.additional', because the latter doesn't exist [] []
[2024-07-08T04:35:30.538981+00:00] main.INFO: Broken reference: the 'wishlist_sidebar' element cannot be added as child to 'sidebar.additional', because the latter doesn't exist [] []
[2024-07-08T04:35:30.539053+00:00] main.INFO: Broken reference: the 'paypal.partner.right.logo' element cannot be added as child to 'sidebar.additional', because the latter doesn't exist [] []
[2024-07-08T04:35:30.539113+00:00] main.INFO: Broken reference: the 'bml.right.logo' element cannot be added as child to 'sidebar.additional', because the latter doesn't exist [] []
[2024-07-08T04:35:30.539168+00:00] main.INFO: Broken reference: the 'sidebar.container.paylater' element cannot be added as child to 'sidebar.additional', because the latter doesn't exist [] []
[2024-07-08T04:35:32.717662+00:00] main.ERROR: Unable to resolve the source file for 'frontend/Magento/luma/en_US/underscore-umd.js.map' [] []
[2024-07-08T04:35:32.717936+00:00] main.CRITICAL: Unable to resolve the source file for 'frontend/Magento/luma/en_US/underscore-umd.js.map' [] []
[2024-07-08T04:55:15.660725+00:00] main.INFO: Broken reference: the 'catalog.compare.sidebar' element cannot be added as child to 'sidebar.additional', because the latter doesn't exist [] []
[2024-07-08T04:55:15.660979+00:00] main.INFO: Broken reference: the 'sale.reorder.sidebar' element cannot be added as child to 'sidebar.additional', because the latter doesn't exist [] []
[2024-07-08T04:55:15.661125+00:00] main.INFO: Broken reference: the 'wishlist_sidebar' element cannot be added as child to 'sidebar.additional', because the latter doesn't exist [] []
[2024-07-08T04:55:15.661208+00:00] main.INFO: Broken reference: the 'paypal.partner.right.logo' element cannot be added as child to 'sidebar.additional', because the latter doesn't exist [] []
[2024-07-08T04:55:15.661272+00:00] main.INFO: Broken reference: the 'bml.right.logo' element cannot be added as child to 'sidebar.additional', because the latter doesn't exist [] []
[2024-07-08T04:55:15.661308+00:00] main.INFO: Broken reference: the 'sidebar.container.paylater' element cannot be added as child to 'sidebar.additional', because the latter doesn't exist [] []
[2024-07-08T05:29:31.283541+00:00] main.INFO: Broken reference: the 'tracking' element cannot be added as child to 'header', because the latter doesn't exist [] []
[2024-07-08T05:29:31.283748+00:00] main.INFO: Broken reference: the 'notification_area' element cannot be added as child to 'notifications', because the latter doesn't exist [] []
[2024-07-08T05:29:31.283792+00:00] main.INFO: Broken reference: the 'unread_system_messages' element cannot be added as child to 'notifications', because the latter doesn't exist [] []
[2024-07-08T05:29:31.283829+00:00] main.INFO: Broken reference: the 'notification_window' element cannot be added as child to 'notifications', because the latter doesn't exist [] []
[2024-07-08T05:29:31.283874+00:00] main.INFO: Broken reference: the 'notification.messages' element cannot be added as child to 'header', because the latter doesn't exist [] []
[2024-07-08T05:29:31.283913+00:00] main.INFO: Broken reference: the 'global_notices' element cannot be added as child to 'global.notices', because the latter doesn't exist [] []
[2024-07-08T05:29:31.283946+00:00] main.INFO: Broken reference: the 'logo' element cannot be added as child to 'header', because the latter doesn't exist [] []
[2024-07-08T05:29:31.283981+00:00] main.INFO: Broken reference: the 'global.search' element cannot be added as child to 'header', because the latter doesn't exist [] []
[2024-07-08T05:29:31.284014+00:00] main.INFO: Broken reference: the 'user' element cannot be added as child to 'header', because the latter doesn't exist [] []
[2024-07-08T05:29:31.284046+00:00] main.INFO: Broken reference: the 'menu' element cannot be added as child to 'page.menu', because the latter doesn't exist [] []
[2024-07-08T05:29:31.284079+00:00] main.INFO: Broken reference: the 'breadcrumbs' element cannot be added as child to 'page.breadcrumbs', because the latter doesn't exist [] []
[2024-07-08T05:29:31.284110+00:00] main.INFO: Broken reference: the 'formkey' element cannot be added as child to 'page.formkey', because the latter doesn't exist [] []
[2024-07-08T05:29:31.284142+00:00] main.INFO: Broken reference: the 'page.title' element cannot be added as child to 'main.top', because the latter doesn't exist [] []
[2024-07-08T05:29:31.284174+00:00] main.INFO: Broken reference: the 'messages' element cannot be added as child to 'page.messages', because the latter doesn't exist [] []
[2024-07-08T05:29:31.284206+00:00] main.INFO: Broken reference: the 'page.actions.toolbar' element cannot be added as child to 'page.main.actions', because the latter doesn't exist [] []
[2024-07-08T05:29:31.284239+00:00] main.INFO: Broken reference: the 'legal' element cannot be added as child to 'footer', because the latter doesn't exist [] []
[2024-07-08T05:29:31.284319+00:00] main.INFO: Broken reference: the 'header.inner.left' element cannot be added as child to 'header', because the latter doesn't exist [] []
[2024-07-08T05:29:31.284356+00:00] main.INFO: Broken reference: the 'header.inner.right' element cannot be added as child to 'header', because the latter doesn't exist [] []
[2024-07-08T05:29:31.284427+00:00] main.INFO: Broken reference: the 'user' tries to reorder itself towards '', but their parents are different: 'header' and '' respectively. [] []
[2024-07-08T05:29:31.284468+00:00] main.INFO: Broken reference: the 'notification.messages' tries to reorder itself towards 'user', but their parents are different: 'header' and '' respectively. [] []
[2024-07-08T05:29:31.284503+00:00] main.INFO: Broken reference: the 'logo' tries to reorder itself towards '', but their parents are different: 'header' and '' respectively. [] []
[2024-07-08T05:29:31.284542+00:00] main.INFO: Broken reference: the 'global.search' tries to reorder itself towards 'logo', but their parents are different: 'header' and '' respectively. [] []
[2024-07-08T05:29:31.284575+00:00] main.INFO: Broken reference: the 'page.actions.toolbar' tries to reorder itself towards '', but their parents are different: 'page.main.actions' and '' respectively. [] []
[2024-07-08T05:29:31.284622+00:00] main.INFO: Broken reference: the 'header.inner.left' tries to reorder itself towards '', but their parents are different: 'header' and '' respectively. [] []
[2024-07-08T05:29:31.284659+00:00] main.INFO: Broken reference: the 'header.inner.right' tries to reorder itself towards 'header.inner.left', but their parents are different: 'header' and '' respectively. [] []
[2024-07-08T05:29:31.284701+00:00] main.INFO: Broken reference: the 'notification.messages' tries to reorder itself towards 'user', but their parents are different: 'header.inner.right' and '' respectively. [] []
[2024-07-08T05:29:41.449525+00:00] main.INFO: Broken reference: the 'tracking' element cannot be added as child to 'header', because the latter doesn't exist [] []
[2024-07-08T05:29:41.449828+00:00] main.INFO: Broken reference: the 'notification_area' element cannot be added as child to 'notifications', because the latter doesn't exist [] []
[2024-07-08T05:29:41.449892+00:00] main.INFO: Broken reference: the 'unread_system_messages' element cannot be added as child to 'notifications', because the latter doesn't exist [] []
[2024-07-08T05:29:41.449986+00:00] main.INFO: Broken reference: the 'notification_window' element cannot be added as child to 'notifications', because the latter doesn't exist [] []
[2024-07-08T05:29:41.450041+00:00] main.INFO: Broken reference: the 'notification.messages' element cannot be added as child to 'header', because the latter doesn't exist [] []
[2024-07-08T05:29:41.450106+00:00] main.INFO: Broken reference: the 'global_notices' element cannot be added as child to 'global.notices', because the latter doesn't exist [] []
[2024-07-08T05:29:41.450165+00:00] main.INFO: Broken reference: the 'logo' element cannot be added as child to 'header', because the latter doesn't exist [] []
[2024-07-08T05:29:41.450221+00:00] main.INFO: Broken reference: the 'global.search' element cannot be added as child to 'header', because the latter doesn't exist [] []
[2024-07-08T05:29:41.450272+00:00] main.INFO: Broken reference: the 'user' element cannot be added as child to 'header', because the latter doesn't exist [] []
[2024-07-08T05:29:41.450330+00:00] main.INFO: Broken reference: the 'menu' element cannot be added as child to 'page.menu', because the latter doesn't exist [] []
[2024-07-08T05:29:41.450381+00:00] main.INFO: Broken reference: the 'breadcrumbs' element cannot be added as child to 'page.breadcrumbs', because the latter doesn't exist [] []
[2024-07-08T05:29:41.450427+00:00] main.INFO: Broken reference: the 'formkey' element cannot be added as child to 'page.formkey', because the latter doesn't exist [] []
[2024-07-08T05:29:41.450472+00:00] main.INFO: Broken reference: the 'page.title' element cannot be added as child to 'main.top', because the latter doesn't exist [] []
[2024-07-08T05:29:41.450520+00:00] main.INFO: Broken reference: the 'messages' element cannot be added as child to 'page.messages', because the latter doesn't exist [] []
[2024-07-08T05:29:41.450567+00:00] main.INFO: Broken reference: the 'page.actions.toolbar' element cannot be added as child to 'page.main.actions', because the latter doesn't exist [] []
[2024-07-08T05:29:41.450617+00:00] main.INFO: Broken reference: the 'legal' element cannot be added as child to 'footer', because the latter doesn't exist [] []
[2024-07-08T05:29:41.450755+00:00] main.INFO: Broken reference: the 'header.inner.left' element cannot be added as child to 'header', because the latter doesn't exist [] []
[2024-07-08T05:29:41.450812+00:00] main.INFO: Broken reference: the 'header.inner.right' element cannot be added as child to 'header', because the latter doesn't exist [] []
[2024-07-08T05:29:41.450947+00:00] main.INFO: Broken reference: the 'user' tries to reorder itself towards '', but their parents are different: 'header' and '' respectively. [] []
[2024-07-08T05:29:41.450997+00:00] main.INFO: Broken reference: the 'notification.messages' tries to reorder itself towards 'user', but their parents are different: 'header' and '' respectively. [] []
[2024-07-08T05:29:41.451033+00:00] main.INFO: Broken reference: the 'logo' tries to reorder itself towards '', but their parents are different: 'header' and '' respectively. [] []
[2024-07-08T05:29:41.451066+00:00] main.INFO: Broken reference: the 'global.search' tries to reorder itself towards 'logo', but their parents are different: 'header' and '' respectively. [] []
[2024-07-08T05:29:41.451099+00:00] main.INFO: Broken reference: the 'page.actions.toolbar' tries to reorder itself towards '', but their parents are different: 'page.main.actions' and '' respectively. [] []
[2024-07-08T05:29:41.451152+00:00] main.INFO: Broken reference: the 'header.inner.left' tries to reorder itself towards '', but their parents are different: 'header' and '' respectively. [] []
[2024-07-08T05:29:41.451212+00:00] main.INFO: Broken reference: the 'header.inner.right' tries to reorder itself towards 'header.inner.left', but their parents are different: 'header' and '' respectively. [] []
[2024-07-08T05:29:41.451267+00:00] main.INFO: Broken reference: the 'notification.messages' tries to reorder itself towards 'user', but their parents are different: 'header.inner.right' and '' respectively. [] []
[2024-07-08T05:32:36.494993+00:00] main.DEBUG: cache_invalidate:  {"method":"POST","url":"https://www.empye.org/admin_7dem37w","invalidateInfo":{"tags":["BACKEND_MAINMENU"],"mode":"matchingAnyTag"}} []
[2024-07-08T05:32:36.586209+00:00] main.DEBUG: cache_invalidate:  {"method":"POST","url":"https://www.empye.org/admin_7dem37w","invalidateInfo":{"tags":["PB_EDITOR_CONFIG","CONFIG"],"mode":"matchingTag"}} []
[2024-07-08T05:32:36.602659+00:00] main.DEBUG: Item Magento_Backend::system_currency was removed [] []
[2024-07-08T05:32:36.609080+00:00] main.DEBUG: Add of item with id Magento_Config::system_config was processed [] []
[2024-07-08T05:32:36.609256+00:00] main.DEBUG: Add of item with id Magento_AdminNotification::system_adminnotification was processed [] []
[2024-07-08T05:32:36.609322+00:00] main.DEBUG: Add of item with id Magento_Theme::design_config was processed [] []
[2024-07-08T05:32:36.609367+00:00] main.DEBUG: Add of item with id Magento_Theme::system_design_theme was processed [] []
[2024-07-08T05:32:36.609404+00:00] main.DEBUG: Add of item with id Magento_Backend::system_design_schedule was processed [] []
[2024-07-08T05:32:36.609441+00:00] main.DEBUG: Add of item with id Magento_Backend::system_store was processed [] []
[2024-07-08T05:32:36.609482+00:00] main.DEBUG: Add of item with id Magento_Backend::dashboard was processed [] []
[2024-07-08T05:32:36.609525+00:00] main.DEBUG: Add of item with id Magento_Backend::system was processed [] []
[2024-07-08T05:32:36.609578+00:00] main.DEBUG: Add of item with id Magento_Backend::system_tools was processed [] []
[2024-07-08T05:32:36.609628+00:00] main.DEBUG: Add of item with id Magento_Backend::system_design was processed [] []
[2024-07-08T05:32:36.609676+00:00] main.DEBUG: Add of item with id Magento_Backend::system_convert was processed [] []
[2024-07-08T05:32:36.609721+00:00] main.DEBUG: Add of item with id Magento_Backend::system_cache was processed [] []
[2024-07-08T05:32:36.609761+00:00] main.DEBUG: Add of item with id Magento_Backend::marketing was processed [] []
[2024-07-08T05:32:36.609809+00:00] main.DEBUG: Add of item with id Magento_Backend::marketing_communications was processed [] []
[2024-07-08T05:32:36.609852+00:00] main.DEBUG: Add of item with id Magento_Backend::marketing_seo was processed [] []
[2024-07-08T05:32:36.609880+00:00] main.DEBUG: Add of item with id Magento_Backend::marketing_user_content was processed [] []
[2024-07-08T05:32:36.609908+00:00] main.DEBUG: Add of item with id Magento_Backend::content was processed [] []
[2024-07-08T05:32:36.610021+00:00] main.DEBUG: Add of item with id Magento_Backend::content_elements was processed [] []
[2024-07-08T05:32:36.610070+00:00] main.DEBUG: Add of item with id Magento_Backend::stores was processed [] []
[2024-07-08T05:32:36.610122+00:00] main.DEBUG: Add of item with id Magento_Backend::stores_settings was processed [] []
[2024-07-08T05:32:36.610162+00:00] main.DEBUG: Add of item with id Magento_Backend::stores_attributes was processed [] []
[2024-07-08T05:32:36.610207+00:00] main.DEBUG: Add of item with id Magento_Backend::other_settings was processed [] []
[2024-07-08T05:32:36.610243+00:00] main.DEBUG: Add of item with id Magento_Backend::system_other_settings was processed [] []
[2024-07-08T05:32:36.610279+00:00] main.DEBUG: Add of item with id Magento_User::system_acl was processed [] []
[2024-07-08T05:32:36.610329+00:00] main.DEBUG: Add of item with id Magento_User::system_acl_users was processed [] []
[2024-07-08T05:32:36.610370+00:00] main.DEBUG: Add of item with id Magento_User::system_acl_roles was processed [] []
[2024-07-08T05:32:36.610405+00:00] main.DEBUG: Add of item with id Magento_User::system_acl_locks was processed [] []
[2024-07-08T05:32:36.610442+00:00] main.DEBUG: Add of item with id Magento_Customer::customer was processed [] []
[2024-07-08T05:32:36.610509+00:00] main.DEBUG: Add of item with id Magento_Customer::customer_manage was processed [] []
[2024-07-08T05:32:36.610552+00:00] main.DEBUG: Add of item with id Magento_Customer::customer_online was processed [] []
[2024-07-08T05:32:36.610590+00:00] main.DEBUG: Add of item with id Magento_Customer::customer_group was processed [] []
[2024-07-08T05:32:36.610625+00:00] main.DEBUG: Add of item with id Magento_Backup::system_tools_backup was processed [] []
[2024-07-08T05:32:36.610660+00:00] main.DEBUG: Add of item with id Magento_Indexer::system_index was processed [] []
[2024-07-08T05:32:36.610706+00:00] main.DEBUG: Add of item with id Magento_Variable::system_variable was processed [] []
[2024-07-08T05:32:36.610756+00:00] main.DEBUG: Add of item with id Magento_Cms::cms_page was processed [] []
[2024-07-08T05:32:36.610796+00:00] main.DEBUG: Add of item with id Magento_Cms::cms_block was processed [] []
[2024-07-08T05:32:36.610833+00:00] main.DEBUG: Add of item with id Magento_Integration::system_extensions was processed [] []
[2024-07-08T05:32:36.610886+00:00] main.DEBUG: Add of item with id Magento_Integration::system_integrations was processed [] []
[2024-07-08T05:32:36.610933+00:00] main.DEBUG: Add of item with id Magento_Search::search_terms was processed [] []
[2024-07-08T05:32:36.610982+00:00] main.DEBUG: Add of item with id Magento_Search::search_synonyms was processed [] []
[2024-07-08T05:32:36.611025+00:00] main.DEBUG: Add of item with id Magento_Catalog::catalog was processed [] []
[2024-07-08T05:32:36.611086+00:00] main.DEBUG: Add of item with id Magento_Catalog::catalog_products was processed [] []
[2024-07-08T05:32:36.611143+00:00] main.DEBUG: Add of item with id Magento_Catalog::catalog_categories was processed [] []
[2024-07-08T05:32:36.611211+00:00] main.DEBUG: Add of item with id Magento_Catalog::catalog_attributes_attributes was processed [] []
[2024-07-08T05:32:36.611264+00:00] main.DEBUG: Add of item with id Magento_Catalog::catalog_attributes_sets was processed [] []
[2024-07-08T05:32:36.611331+00:00] main.DEBUG: Add of item with id Magento_Catalog::inventory was processed [] []
[2024-07-08T05:32:36.611388+00:00] main.DEBUG: Add of item with id Magento_CatalogRule::promo was processed [] []
[2024-07-08T05:32:36.611449+00:00] main.DEBUG: Add of item with id Magento_CatalogRule::promo_catalog was processed [] []
[2024-07-08T05:32:36.611501+00:00] main.DEBUG: Add of item with id Magento_MediaGalleryUi::media was processed [] []
[2024-07-08T05:32:36.611567+00:00] main.DEBUG: Add of item with id Magento_MediaGalleryUi::media_gallery was processed [] []
[2024-07-08T05:32:36.611614+00:00] main.DEBUG: Add of item with id Magento_Sales::sales was processed [] []
[2024-07-08T05:32:36.611717+00:00] main.DEBUG: Add of item with id Magento_Sales::sales_operation was processed [] []
[2024-07-08T05:32:36.611776+00:00] main.DEBUG: Add of item with id Magento_Sales::sales_order was processed [] []
[2024-07-08T05:32:36.611832+00:00] main.DEBUG: Add of item with id Magento_Sales::sales_invoice was processed [] []
[2024-07-08T05:32:36.611889+00:00] main.DEBUG: Add of item with id Magento_Sales::sales_shipment was processed [] []
[2024-07-08T05:32:36.611936+00:00] main.DEBUG: Add of item with id Magento_Sales::sales_creditmemo was processed [] []
[2024-07-08T05:32:36.611993+00:00] main.DEBUG: Add of item with id Magento_Sales::sales_transactions was processed [] []
[2024-07-08T05:32:36.612040+00:00] main.DEBUG: Add of item with id Magento_Sales::system_order_statuses was processed [] []
[2024-07-08T05:32:36.612098+00:00] main.DEBUG: Add of item with id Magento_Widget::cms_widget_instance was processed [] []
[2024-07-08T05:32:36.612174+00:00] main.DEBUG: Add of item with id Magento_Analytics::business_intelligence was processed [] []
[2024-07-08T05:32:36.612236+00:00] main.DEBUG: Add of item with id Magento_Analytics::advanced_reporting was processed [] []
[2024-07-08T05:32:36.612289+00:00] main.DEBUG: Add of item with id Magento_Analytics::bi_essentials was processed [] []
[2024-07-08T05:32:36.612357+00:00] main.DEBUG: Add of item with id Magento_Downloadable::report_products_downloads was processed [] []
[2024-07-08T05:32:36.612423+00:00] main.DEBUG: Add of item with id Magento_Newsletter::newsletter_template was processed [] []
[2024-07-08T05:32:36.612477+00:00] main.DEBUG: Add of item with id Magento_Newsletter::newsletter_queue was processed [] []
[2024-07-08T05:32:36.612529+00:00] main.DEBUG: Add of item with id Magento_Newsletter::newsletter_subscriber was processed [] []
[2024-07-08T05:32:36.612655+00:00] main.DEBUG: Add of item with id Magento_Newsletter::newsletter_problem was processed [] []
[2024-07-08T05:32:36.612733+00:00] main.DEBUG: Add of item with id Magento_ImportExport::system_convert_import was processed [] []
[2024-07-08T05:32:36.612786+00:00] main.DEBUG: Add of item with id Magento_ImportExport::system_convert_export was processed [] []
[2024-07-08T05:32:36.612835+00:00] main.DEBUG: Add of item with id Magento_ImportExport::system_convert_history was processed [] []
[2024-07-08T05:32:36.612888+00:00] main.DEBUG: Add of item with id Magento_Email::template was processed [] []
[2024-07-08T05:32:36.612942+00:00] main.DEBUG: Add of item with id Magento_EncryptionKey::system_crypt_key was processed [] []
[2024-07-08T05:32:36.612977+00:00] main.DEBUG: Add of item with id Magento_InventoryAdminUi::inventory was processed [] []
[2024-07-08T05:32:36.613023+00:00] main.DEBUG: Add of item with id Magento_InventoryAdminUi::source was processed [] []
[2024-07-08T05:32:36.613059+00:00] main.DEBUG: Add of item with id Magento_InventoryAdminUi::stock was processed [] []
[2024-07-08T05:32:36.613097+00:00] main.DEBUG: Add of item with id Magento_Reports::report was processed [] []
[2024-07-08T05:32:36.613132+00:00] main.DEBUG: Add of item with id Magento_Reports::report_marketing was processed [] []
[2024-07-08T05:32:36.613165+00:00] main.DEBUG: Add of item with id Magento_Reports::report_salesroot was processed [] []
[2024-07-08T05:32:36.613225+00:00] main.DEBUG: Add of item with id Magento_Reports::report_salesroot_sales was processed [] []
[2024-07-08T05:32:36.613257+00:00] main.DEBUG: Add of item with id Magento_Reports::report_salesroot_tax was processed [] []
[2024-07-08T05:32:36.613288+00:00] main.DEBUG: Add of item with id Magento_Reports::report_salesroot_invoiced was processed [] []
[2024-07-08T05:32:36.613316+00:00] main.DEBUG: Add of item with id Magento_Reports::report_salesroot_shipping was processed [] []
[2024-07-08T05:32:36.613333+00:00] main.DEBUG: Add of item with id Magento_Reports::report_salesroot_refunded was processed [] []
[2024-07-08T05:32:36.613350+00:00] main.DEBUG: Add of item with id Magento_Reports::report_salesroot_coupons was processed [] []
[2024-07-08T05:32:36.613399+00:00] main.DEBUG: Add of item with id Magento_Reports::report_shopcart_product was processed [] []
[2024-07-08T05:32:36.613434+00:00] main.DEBUG: Add of item with id Magento_Reports::report_shopcart_abandoned was processed [] []
[2024-07-08T05:32:36.613465+00:00] main.DEBUG: Add of item with id Magento_Reports::report_products was processed [] []
[2024-07-08T05:32:36.613503+00:00] main.DEBUG: Add of item with id Magento_Reports::report_products_bestsellers was processed [] []
[2024-07-08T05:32:36.613533+00:00] main.DEBUG: Add of item with id Magento_Reports::report_products_sold was processed [] []
[2024-07-08T05:32:36.613566+00:00] main.DEBUG: Add of item with id Magento_Reports::report_products_viewed was processed [] []
[2024-07-08T05:32:36.613605+00:00] main.DEBUG: Add of item with id Magento_Reports::report_products_lowstock was processed [] []
[2024-07-08T05:32:36.613648+00:00] main.DEBUG: Add of item with id Magento_Reports::report_customers was processed [] []
[2024-07-08T05:32:36.613694+00:00] main.DEBUG: Add of item with id Magento_Reports::report_customers_accounts was processed [] []
[2024-07-08T05:32:36.613727+00:00] main.DEBUG: Add of item with id Magento_Reports::report_customers_totals was processed [] []
[2024-07-08T05:32:36.613756+00:00] main.DEBUG: Add of item with id Magento_Reports::report_customers_orders was processed [] []
[2024-07-08T05:32:36.613782+00:00] main.DEBUG: Add of item with id Magento_Reports::report_statistics was processed [] []
[2024-07-08T05:32:36.613821+00:00] main.DEBUG: Add of item with id Magento_Reports::report_statistics_refresh was processed [] []
[2024-07-08T05:32:36.613855+00:00] main.DEBUG: Add of item with id Magento_Search::report_search_term was processed [] []
[2024-07-08T05:32:36.613884+00:00] main.DEBUG: Add of item with id Magento_LoginAsCustomerLog::login_log was processed [] []
[2024-07-08T05:32:36.613914+00:00] main.DEBUG: Add of item with id Magento_Marketplace::partners was processed [] []
[2024-07-08T05:32:36.613995+00:00] main.DEBUG: Add of item with id Magento_SalesRule::promo_quote was processed [] []
[2024-07-08T05:32:36.614038+00:00] main.DEBUG: Add of item with id Magento_Sitemap::catalog_sitemap was processed [] []
[2024-07-08T05:32:36.614068+00:00] main.DEBUG: Add of item with id Magento_PageBuilder::templates was processed [] []
[2024-07-08T05:32:36.614103+00:00] main.DEBUG: Add of item with id Magento_Paypal::report_salesroot_paypal_settlement_reports was processed [] []
[2024-07-08T05:32:36.614138+00:00] main.DEBUG: Add of item with id Magento_Paypal::paypal_billing_agreement was processed [] []
[2024-07-08T05:32:36.614164+00:00] main.DEBUG: Add of item with id Magento_CheckoutAgreements::sales_checkoutagreement was processed [] []
[2024-07-08T05:32:36.614190+00:00] main.DEBUG: Add of item with id Magento_Review::catalog_reviews_ratings_ratings was processed [] []
[2024-07-08T05:32:36.614242+00:00] main.DEBUG: Add of item with id Magento_Review::catalog_reviews_ratings_pending was processed [] []
[2024-07-08T05:32:36.614282+00:00] main.DEBUG: Add of item with id Magento_Review::catalog_reviews_ratings_reviews_all was processed [] []
[2024-07-08T05:32:36.614324+00:00] main.DEBUG: Add of item with id Magento_Review::report_review was processed [] []
[2024-07-08T05:32:36.614367+00:00] main.DEBUG: Add of item with id Magento_Review::report_review_customer was processed [] []
[2024-07-08T05:32:36.614404+00:00] main.DEBUG: Add of item with id Magento_Review::report_review_product was processed [] []
[2024-07-08T05:32:36.614445+00:00] main.DEBUG: Add of item with id Magento_UrlRewrite::urlrewrite was processed [] []
[2024-07-08T05:32:36.614477+00:00] main.DEBUG: Add of item with id Magento_PaymentServicesDashboard::paymentservicesdashboard was processed [] []
[2024-07-08T05:32:36.614509+00:00] main.DEBUG: Add of item with id Magento_ServicesId::configuration was processed [] []
[2024-07-08T05:32:36.614549+00:00] main.DEBUG: Add of item with id Magento_ServicesId::services_id was processed [] []
[2024-07-08T05:32:36.614585+00:00] main.DEBUG: Add of item with id Magento_Tax::sales_tax was processed [] []
[2024-07-08T05:32:36.614662+00:00] main.DEBUG: Add of item with id Magento_Tax::sales_tax_rules was processed [] []
[2024-07-08T05:32:36.614715+00:00] main.DEBUG: Add of item with id Magento_Tax::sales_tax_rates was processed [] []
[2024-07-08T05:32:36.614749+00:00] main.DEBUG: Add of item with id Magento_TaxImportExport::system_convert_tax was processed [] []
[2024-07-08T05:32:36.614785+00:00] main.DEBUG: Add of item with id Magento_AsynchronousOperations::system_magento_logging was processed [] []
[2024-07-08T05:32:36.614825+00:00] main.DEBUG: Add of item with id Magento_AsynchronousOperations::system_magento_logging_bulk_operations was processed [] []
[2024-07-08T05:32:36.614866+00:00] main.DEBUG: Add of item with id Magento_CurrencySymbol::system_currency was processed [] []
[2024-07-08T05:32:36.614906+00:00] main.DEBUG: Add of item with id Magento_CurrencySymbol::system_currency_rates was processed [] []
[2024-07-08T05:32:36.614943+00:00] main.DEBUG: Add of item with id Magento_CurrencySymbol::system_currency_symbols was processed [] []
[2024-07-08T05:32:36.614974+00:00] main.DEBUG: Add of item with id PayPal_Braintree::settlement_report was processed [] []
[2024-07-08T05:32:36.614998+00:00] main.DEBUG: Add of item with id PayPal_Braintree::virtual_terminal was processed [] []
[2024-07-08T05:32:38.067393+00:00] main.ERROR: Laminas\Mail\Transport\Exception\RuntimeException: Unable to send mail: Unknown error in /var/www/html/empyeorg/vendor/laminas/laminas-mail/src/Transport/Sendmail.php:313
Stack trace:
#0 /var/www/html/empyeorg/vendor/laminas/laminas-mail/src/Transport/Sendmail.php(150): Laminas\Mail\Transport\Sendmail->mailHandler()
#1 /var/www/html/empyeorg/vendor/magento/module-email/Model/Transport.php(183): Laminas\Mail\Transport\Sendmail->send()
#2 /var/www/html/empyeorg/vendor/magento/framework/Interception/Interceptor.php(58): Magento\Email\Model\Transport->sendMessage()
#3 /var/www/html/empyeorg/vendor/magento/framework/Interception/Interceptor.php(138): Magento\Email\Model\Transport\Interceptor->___callParent()
#4 /var/www/html/empyeorg/vendor/magento/module-email/Model/Mail/TransportInterfacePlugin.php(48): Magento\Email\Model\Transport\Interceptor->Magento\Framework\Interception\{closure}()
#5 /var/www/html/empyeorg/vendor/magento/framework/Interception/Interceptor.php(135): Magento\Email\Model\Mail\TransportInterfacePlugin->aroundSendMessage()
#6 /var/www/html/empyeorg/vendor/magento/framework/Interception/Interceptor.php(153): Magento\Email\Model\Transport\Interceptor->Magento\Framework\Interception\{closure}()
#7 /var/www/html/empyeorg/generated/code/Magento/Email/Model/Transport/Interceptor.php(23): Magento\Email\Model\Transport\Interceptor->___callPlugins()
#8 /var/www/html/empyeorg/vendor/magento/module-two-factor-auth/Model/EmailUserNotifier.php(106): Magento\Email\Model\Transport\Interceptor->sendMessage()
#9 /var/www/html/empyeorg/vendor/magento/module-two-factor-auth/Model/EmailUserNotifier.php(131): Magento\TwoFactorAuth\Model\EmailUserNotifier->sendConfigRequired()
#10 /var/www/html/empyeorg/vendor/magento/module-two-factor-auth/Model/UserConfig/UserConfigRequestManager.php(82): Magento\TwoFactorAuth\Model\EmailUserNotifier->sendAppConfigRequestMessage()
#11 /var/www/html/empyeorg/vendor/magento/module-two-factor-auth/Controller/Adminhtml/Tfa/Requestconfig.php(95): Magento\TwoFactorAuth\Model\UserConfig\UserConfigRequestManager->sendConfigRequestTo()
#12 /var/www/html/empyeorg/vendor/magento/framework/Interception/Interceptor.php(58): Magento\TwoFactorAuth\Controller\Adminhtml\Tfa\Requestconfig->execute()
#13 /var/www/html/empyeorg/vendor/magento/framework/Interception/Interceptor.php(138): Magento\TwoFactorAuth\Controller\Adminhtml\Tfa\Requestconfig\Interceptor->___callParent()
#14 /var/www/html/empyeorg/vendor/magento/framework/Interception/Interceptor.php(153): Magento\TwoFactorAuth\Controller\Adminhtml\Tfa\Requestconfig\Interceptor->Magento\Framework\Interception\{closure}()
#15 /var/www/html/empyeorg/generated/code/Magento/TwoFactorAuth/Controller/Adminhtml/Tfa/Requestconfig/Interceptor.php(23): Magento\TwoFactorAuth\Controller\Adminhtml\Tfa\Requestconfig\Interceptor->___callPlugins()
#16 /var/www/html/empyeorg/vendor/magento/framework/App/Action/Action.php(111): Magento\TwoFactorAuth\Controller\Adminhtml\Tfa\Requestconfig\Interceptor->execute()
#17 /var/www/html/empyeorg/vendor/magento/module-backend/App/AbstractAction.php(151): Magento\Framework\App\Action\Action->dispatch()
#18 /var/www/html/empyeorg/vendor/magento/module-two-factor-auth/Controller/Adminhtml/AbstractAction.php(30): Magento\Backend\App\AbstractAction->dispatch()
#19 /var/www/html/empyeorg/vendor/magento/framework/Interception/Interceptor.php(58): Magento\TwoFactorAuth\Controller\Adminhtml\AbstractAction->dispatch()
#20 /var/www/html/empyeorg/vendor/magento/framework/Interception/Interceptor.php(138): Magento\TwoFactorAuth\Controller\Adminhtml\Tfa\Requestconfig\Interceptor->___callParent()
#21 /var/www/html/empyeorg/vendor/magento/module-backend/App/Action/Plugin/Authentication.php(145): Magento\TwoFactorAuth\Controller\Adminhtml\Tfa\Requestconfig\Interceptor->Magento\Framework\Interception\{closure}()
#22 /var/www/html/empyeorg/vendor/magento/framework/Interception/Interceptor.php(135): Magento\Backend\App\Action\Plugin\Authentication->aroundDispatch()
#23 /var/www/html/empyeorg/vendor/magento/framework/Interception/Interceptor.php(153): Magento\TwoFactorAuth\Controller\Adminhtml\Tfa\Requestconfig\Interceptor->Magento\Framework\Interception\{closure}()
#24 /var/www/html/empyeorg/generated/code/Magento/TwoFactorAuth/Controller/Adminhtml/Tfa/Requestconfig/Interceptor.php(32): Magento\TwoFactorAuth\Controller\Adminhtml\Tfa\Requestconfig\Interceptor->___callPlugins()
#25 /var/www/html/empyeorg/vendor/magento/framework/App/FrontController.php(245): Magento\TwoFactorAuth\Controller\Adminhtml\Tfa\Requestconfig\Interceptor->dispatch()
#26 /var/www/html/empyeorg/vendor/magento/framework/App/FrontController.php(212): Magento\Framework\App\FrontController->getActionResponse()
#27 /var/www/html/empyeorg/vendor/magento/framework/App/FrontController.php(146): Magento\Framework\App\FrontController->processRequest()
#28 /var/www/html/empyeorg/vendor/magento/framework/Interception/Interceptor.php(58): Magento\Framework\App\FrontController->dispatch()
#29 /var/www/html/empyeorg/vendor/magento/framework/Interception/Interceptor.php(138): Magento\Framework\App\FrontController\Interceptor->___callParent()
#30 /var/www/html/empyeorg/vendor/magento/framework/Interception/Interceptor.php(153): Magento\Framework\App\FrontController\Interceptor->Magento\Framework\Interception\{closure}()
#31 /var/www/html/empyeorg/generated/code/Magento/Framework/App/FrontController/Interceptor.php(23): Magento\Framework\App\FrontController\Interceptor->___callPlugins()
#32 /var/www/html/empyeorg/vendor/magento/framework/App/Http.php(116): Magento\Framework\App\FrontController\Interceptor->dispatch()
#33 /var/www/html/empyeorg/vendor/magento/framework/Interception/Interceptor.php(58): Magento\Framework\App\Http->launch()
#34 /var/www/html/empyeorg/vendor/magento/framework/Interception/Interceptor.php(138): Magento\Framework\App\Http\Interceptor->___callParent()
#35 /var/www/html/empyeorg/vendor/magento/module-application-performance-monitor/Plugin/ApplicationPerformanceMonitor.php(38): Magento\Framework\App\Http\Interceptor->Magento\Framework\Interception\{closure}()
#36 /var/www/html/empyeorg/vendor/magento/framework/Interception/Interceptor.php(135): Magento\ApplicationPerformanceMonitor\Plugin\ApplicationPerformanceMonitor->aroundLaunch()
#37 /var/www/html/empyeorg/vendor/magento/framework/Interception/Interceptor.php(153): Magento\Framework\App\Http\Interceptor->Magento\Framework\Interception\{closure}()
#38 /var/www/html/empyeorg/generated/code/Magento/Framework/App/Http/Interceptor.php(23): Magento\Framework\App\Http\Interceptor->___callPlugins()
#39 /var/www/html/empyeorg/vendor/magento/framework/App/Bootstrap.php(264): Magento\Framework\App\Http\Interceptor->launch()
#40 /var/www/html/empyeorg/pub/index.php(42): Magento\Framework\App\Bootstrap->run()
#41 {main} {"exception":"[object] (Laminas\\Mail\\Transport\\Exception\\RuntimeException(code: 0): Unable to send mail: Unknown error at /var/www/html/empyeorg/vendor/laminas/laminas-mail/src/Transport/Sendmail.php:313)"} []
[2024-07-08T05:32:38.068007+00:00] main.CRITICAL: Laminas\Mail\Transport\Exception\RuntimeException: Unable to send mail: Unknown error in /var/www/html/empyeorg/vendor/laminas/laminas-mail/src/Transport/Sendmail.php:313
Stack trace:
#0 /var/www/html/empyeorg/vendor/laminas/laminas-mail/src/Transport/Sendmail.php(150): Laminas\Mail\Transport\Sendmail->mailHandler()
#1 /var/www/html/empyeorg/vendor/magento/module-email/Model/Transport.php(183): Laminas\Mail\Transport\Sendmail->send()
#2 /var/www/html/empyeorg/vendor/magento/framework/Interception/Interceptor.php(58): Magento\Email\Model\Transport->sendMessage()
#3 /var/www/html/empyeorg/vendor/magento/framework/Interception/Interceptor.php(138): Magento\Email\Model\Transport\Interceptor->___callParent()
#4 /var/www/html/empyeorg/vendor/magento/module-email/Model/Mail/TransportInterfacePlugin.php(48): Magento\Email\Model\Transport\Interceptor->Magento\Framework\Interception\{closure}()
#5 /var/www/html/empyeorg/vendor/magento/framework/Interception/Interceptor.php(135): Magento\Email\Model\Mail\TransportInterfacePlugin->aroundSendMessage()
#6 /var/www/html/empyeorg/vendor/magento/framework/Interception/Interceptor.php(153): Magento\Email\Model\Transport\Interceptor->Magento\Framework\Interception\{closure}()
#7 /var/www/html/empyeorg/generated/code/Magento/Email/Model/Transport/Interceptor.php(23): Magento\Email\Model\Transport\Interceptor->___callPlugins()
#8 /var/www/html/empyeorg/vendor/magento/module-two-factor-auth/Model/EmailUserNotifier.php(106): Magento\Email\Model\Transport\Interceptor->sendMessage()
#9 /var/www/html/empyeorg/vendor/magento/module-two-factor-auth/Model/EmailUserNotifier.php(131): Magento\TwoFactorAuth\Model\EmailUserNotifier->sendConfigRequired()
#10 /var/www/html/empyeorg/vendor/magento/module-two-factor-auth/Model/UserConfig/UserConfigRequestManager.php(82): Magento\TwoFactorAuth\Model\EmailUserNotifier->sendAppConfigRequestMessage()
#11 /var/www/html/empyeorg/vendor/magento/module-two-factor-auth/Controller/Adminhtml/Tfa/Requestconfig.php(95): Magento\TwoFactorAuth\Model\UserConfig\UserConfigRequestManager->sendConfigRequestTo()
#12 /var/www/html/empyeorg/vendor/magento/framework/Interception/Interceptor.php(58): Magento\TwoFactorAuth\Controller\Adminhtml\Tfa\Requestconfig->execute()
#13 /var/www/html/empyeorg/vendor/magento/framework/Interception/Interceptor.php(138): Magento\TwoFactorAuth\Controller\Adminhtml\Tfa\Requestconfig\Interceptor->___callParent()
#14 /var/www/html/empyeorg/vendor/magento/framework/Interception/Interceptor.php(153): Magento\TwoFactorAuth\Controller\Adminhtml\Tfa\Requestconfig\Interceptor->Magento\Framework\Interception\{closure}()
#15 /var/www/html/empyeorg/generated/code/Magento/TwoFactorAuth/Controller/Adminhtml/Tfa/Requestconfig/Interceptor.php(23): Magento\TwoFactorAuth\Controller\Adminhtml\Tfa\Requestconfig\Interceptor->___callPlugins()
#16 /var/www/html/empyeorg/vendor/magento/framework/App/Action/Action.php(111): Magento\TwoFactorAuth\Controller\Adminhtml\Tfa\Requestconfig\Interceptor->execute()
#17 /var/www/html/empyeorg/vendor/magento/module-backend/App/AbstractAction.php(151): Magento\Framework\App\Action\Action->dispatch()
#18 /var/www/html/empyeorg/vendor/magento/module-two-factor-auth/Controller/Adminhtml/AbstractAction.php(30): Magento\Backend\App\AbstractAction->dispatch()
#19 /var/www/html/empyeorg/vendor/magento/framework/Interception/Interceptor.php(58): Magento\TwoFactorAuth\Controller\Adminhtml\AbstractAction->dispatch()
#20 /var/www/html/empyeorg/vendor/magento/framework/Interception/Interceptor.php(138): Magento\TwoFactorAuth\Controller\Adminhtml\Tfa\Requestconfig\Interceptor->___callParent()
#21 /var/www/html/empyeorg/vendor/magento/module-backend/App/Action/Plugin/Authentication.php(145): Magento\TwoFactorAuth\Controller\Adminhtml\Tfa\Requestconfig\Interceptor->Magento\Framework\Interception\{closure}()
#22 /var/www/html/empyeorg/vendor/magento/framework/Interception/Interceptor.php(135): Magento\Backend\App\Action\Plugin\Authentication->aroundDispatch()
#23 /var/www/html/empyeorg/vendor/magento/framework/Interception/Interceptor.php(153): Magento\TwoFactorAuth\Controller\Adminhtml\Tfa\Requestconfig\Interceptor->Magento\Framework\Interception\{closure}()
#24 /var/www/html/empyeorg/generated/code/Magento/TwoFactorAuth/Controller/Adminhtml/Tfa/Requestconfig/Interceptor.php(32): Magento\TwoFactorAuth\Controller\Adminhtml\Tfa\Requestconfig\Interceptor->___callPlugins()
#25 /var/www/html/empyeorg/vendor/magento/framework/App/FrontController.php(245): Magento\TwoFactorAuth\Controller\Adminhtml\Tfa\Requestconfig\Interceptor->dispatch()
#26 /var/www/html/empyeorg/vendor/magento/framework/App/FrontController.php(212): Magento\Framework\App\FrontController->getActionResponse()
#27 /var/www/html/empyeorg/vendor/magento/framework/App/FrontController.php(146): Magento\Framework\App\FrontController->processRequest()
#28 /var/www/html/empyeorg/vendor/magento/framework/Interception/Interceptor.php(58): Magento\Framework\App\FrontController->dispatch()
#29 /var/www/html/empyeorg/vendor/magento/framework/Interception/Interceptor.php(138): Magento\Framework\App\FrontController\Interceptor->___callParent()
#30 /var/www/html/empyeorg/vendor/magento/framework/Interception/Interceptor.php(153): Magento\Framework\App\FrontController\Interceptor->Magento\Framework\Interception\{closure}()
#31 /var/www/html/empyeorg/generated/code/Magento/Framework/App/FrontController/Interceptor.php(23): Magento\Framework\App\FrontController\Interceptor->___callPlugins()
#32 /var/www/html/empyeorg/vendor/magento/framework/App/Http.php(116): Magento\Framework\App\FrontController\Interceptor->dispatch()
#33 /var/www/html/empyeorg/vendor/magento/framework/Interception/Interceptor.php(58): Magento\Framework\App\Http->launch()
#34 /var/www/html/empyeorg/vendor/magento/framework/Interception/Interceptor.php(138): Magento\Framework\App\Http\Interceptor->___callParent()
#35 /var/www/html/empyeorg/vendor/magento/module-application-performance-monitor/Plugin/ApplicationPerformanceMonitor.php(38): Magento\Framework\App\Http\Interceptor->Magento\Framework\Interception\{closure}()
#36 /var/www/html/empyeorg/vendor/magento/framework/Interception/Interceptor.php(135): Magento\ApplicationPerformanceMonitor\Plugin\ApplicationPerformanceMonitor->aroundLaunch()
#37 /var/www/html/empyeorg/vendor/magento/framework/Interception/Interceptor.php(153): Magento\Framework\App\Http\Interceptor->Magento\Framework\Interception\{closure}()
#38 /var/www/html/empyeorg/generated/code/Magento/Framework/App/Http/Interceptor.php(23): Magento\Framework\App\Http\Interceptor->___callPlugins()
#39 /var/www/html/empyeorg/vendor/magento/framework/App/Bootstrap.php(264): Magento\Framework\App\Http\Interceptor->launch()
#40 /var/www/html/empyeorg/pub/index.php(42): Magento\Framework\App\Bootstrap->run()
#41 {main}

Next Magento\Framework\Exception\MailException: Unable to send mail. Please try again later. in /var/www/html/empyeorg/vendor/magento/module-email/Model/Transport.php:186
Stack trace:
#0 /var/www/html/empyeorg/vendor/magento/framework/Interception/Interceptor.php(58): Magento\Email\Model\Transport->sendMessage()
#1 /var/www/html/empyeorg/vendor/magento/framework/Interception/Interceptor.php(138): Magento\Email\Model\Transport\Interceptor->___callParent()
#2 /var/www/html/empyeorg/vendor/magento/module-email/Model/Mail/TransportInterfacePlugin.php(48): Magento\Email\Model\Transport\Interceptor->Magento\Framework\Interception\{closure}()
#3 /var/www/html/empyeorg/vendor/magento/framework/Interception/Interceptor.php(135): Magento\Email\Model\Mail\TransportInterfacePlugin->aroundSendMessage()
#4 /var/www/html/empyeorg/vendor/magento/framework/Interception/Interceptor.php(153): Magento\Email\Model\Transport\Interceptor->Magento\Framework\Interception\{closure}()
#5 /var/www/html/empyeorg/generated/code/Magento/Email/Model/Transport/Interceptor.php(23): Magento\Email\Model\Transport\Interceptor->___callPlugins()
#6 /var/www/html/empyeorg/vendor/magento/module-two-factor-auth/Model/EmailUserNotifier.php(106): Magento\Email\Model\Transport\Interceptor->sendMessage()
#7 /var/www/html/empyeorg/vendor/magento/module-two-factor-auth/Model/EmailUserNotifier.php(131): Magento\TwoFactorAuth\Model\EmailUserNotifier->sendConfigRequired()
#8 /var/www/html/empyeorg/vendor/magento/module-two-factor-auth/Model/UserConfig/UserConfigRequestManager.php(82): Magento\TwoFactorAuth\Model\EmailUserNotifier->sendAppConfigRequestMessage()
#9 /var/www/html/empyeorg/vendor/magento/module-two-factor-auth/Controller/Adminhtml/Tfa/Requestconfig.php(95): Magento\TwoFactorAuth\Model\UserConfig\UserConfigRequestManager->sendConfigRequestTo()
#10 /var/www/html/empyeorg/vendor/magento/framework/Interception/Interceptor.php(58): Magento\TwoFactorAuth\Controller\Adminhtml\Tfa\Requestconfig->execute()
#11 /var/www/html/empyeorg/vendor/magento/framework/Interception/Interceptor.php(138): Magento\TwoFactorAuth\Controller\Adminhtml\Tfa\Requestconfig\Interceptor->___callParent()
#12 /var/www/html/empyeorg/vendor/magento/framework/Interception/Interceptor.php(153): Magento\TwoFactorAuth\Controller\Adminhtml\Tfa\Requestconfig\Interceptor->Magento\Framework\Interception\{closure}()
#13 /var/www/html/empyeorg/generated/code/Magento/TwoFactorAuth/Controller/Adminhtml/Tfa/Requestconfig/Interceptor.php(23): Magento\TwoFactorAuth\Controller\Adminhtml\Tfa\Requestconfig\Interceptor->___callPlugins()
#14 /var/www/html/empyeorg/vendor/magento/framework/App/Action/Action.php(111): Magento\TwoFactorAuth\Controller\Adminhtml\Tfa\Requestconfig\Interceptor->execute()
#15 /var/www/html/empyeorg/vendor/magento/module-backend/App/AbstractAction.php(151): Magento\Framework\App\Action\Action->dispatch()
#16 /var/www/html/empyeorg/vendor/magento/module-two-factor-auth/Controller/Adminhtml/AbstractAction.php(30): Magento\Backend\App\AbstractAction->dispatch()
#17 /var/www/html/empyeorg/vendor/magento/framework/Interception/Interceptor.php(58): Magento\TwoFactorAuth\Controller\Adminhtml\AbstractAction->dispatch()
#18 /var/www/html/empyeorg/vendor/magento/framework/Interception/Interceptor.php(138): Magento\TwoFactorAuth\Controller\Adminhtml\Tfa\Requestconfig\Interceptor->___callParent()
#19 /var/www/html/empyeorg/vendor/magento/module-backend/App/Action/Plugin/Authentication.php(145): Magento\TwoFactorAuth\Controller\Adminhtml\Tfa\Requestconfig\Interceptor->Magento\Framework\Interception\{closure}()
#20 /var/www/html/empyeorg/vendor/magento/framework/Interception/Interceptor.php(135): Magento\Backend\App\Action\Plugin\Authentication->aroundDispatch()
#21 /var/www/html/empyeorg/vendor/magento/framework/Interception/Interceptor.php(153): Magento\TwoFactorAuth\Controller\Adminhtml\Tfa\Requestconfig\Interceptor->Magento\Framework\Interception\{closure}()
#22 /var/www/html/empyeorg/generated/code/Magento/TwoFactorAuth/Controller/Adminhtml/Tfa/Requestconfig/Interceptor.php(32): Magento\TwoFactorAuth\Controller\Adminhtml\Tfa\Requestconfig\Interceptor->___callPlugins()
#23 /var/www/html/empyeorg/vendor/magento/framework/App/FrontController.php(245): Magento\TwoFactorAuth\Controller\Adminhtml\Tfa\Requestconfig\Interceptor->dispatch()
#24 /var/www/html/empyeorg/vendor/magento/framework/App/FrontController.php(212): Magento\Framework\App\FrontController->getActionResponse()
#25 /var/www/html/empyeorg/vendor/magento/framework/App/FrontController.php(146): Magento\Framework\App\FrontController->processRequest()
#26 /var/www/html/empyeorg/vendor/magento/framework/Interception/Interceptor.php(58): Magento\Framework\App\FrontController->dispatch()
#27 /var/www/html/empyeorg/vendor/magento/framework/Interception/Interceptor.php(138): Magento\Framework\App\FrontController\Interceptor->___callParent()
#28 /var/www/html/empyeorg/vendor/magento/framework/Interception/Interceptor.php(153): Magento\Framework\App\FrontController\Interceptor->Magento\Framework\Interception\{closure}()
#29 /var/www/html/empyeorg/generated/code/Magento/Framework/App/FrontController/Interceptor.php(23): Magento\Framework\App\FrontController\Interceptor->___callPlugins()
#30 /var/www/html/empyeorg/vendor/magento/framework/App/Http.php(116): Magento\Framework\App\FrontController\Interceptor->dispatch()
#31 /var/www/html/empyeorg/vendor/magento/framework/Interception/Interceptor.php(58): Magento\Framework\App\Http->launch()
#32 /var/www/html/empyeorg/vendor/magento/framework/Interception/Interceptor.php(138): Magento\Framework\App\Http\Interceptor->___callParent()
#33 /var/www/html/empyeorg/vendor/magento/module-application-performance-monitor/Plugin/ApplicationPerformanceMonitor.php(38): Magento\Framework\App\Http\Interceptor->Magento\Framework\Interception\{closure}()
#34 /var/www/html/empyeorg/vendor/magento/framework/Interception/Interceptor.php(135): Magento\ApplicationPerformanceMonitor\Plugin\ApplicationPerformanceMonitor->aroundLaunch()
#35 /var/www/html/empyeorg/vendor/magento/framework/Interception/Interceptor.php(153): Magento\Framework\App\Http\Interceptor->Magento\Framework\Interception\{closure}()
#36 /var/www/html/empyeorg/generated/code/Magento/Framework/App/Http/Interceptor.php(23): Magento\Framework\App\Http\Interceptor->___callPlugins()
#37 /var/www/html/empyeorg/vendor/magento/framework/App/Bootstrap.php(264): Magento\Framework\App\Http\Interceptor->launch()
#38 /var/www/html/empyeorg/pub/index.php(42): Magento\Framework\App\Bootstrap->run()
#39 {main} {"exception":"[object] (Magento\\Framework\\Exception\\MailException(code: 0): Unable to send mail. Please try again later. at /var/www/html/empyeorg/vendor/magento/module-email/Model/Transport.php:186)
[previous exception] [object] (Laminas\\Mail\\Transport\\Exception\\RuntimeException(code: 0): Unable to send mail: Unknown error at /var/www/html/empyeorg/vendor/laminas/laminas-mail/src/Transport/Sendmail.php:313)"} []
[2024-07-08T05:32:38.090592+00:00] main.INFO: Broken reference: the 'tracking' element cannot be added as child to 'header', because the latter doesn't exist [] []
[2024-07-08T05:32:38.090739+00:00] main.INFO: Broken reference: the 'notification_area' element cannot be added as child to 'notifications', because the latter doesn't exist [] []
[2024-07-08T05:32:38.090802+00:00] main.INFO: Broken reference: the 'unread_system_messages' element cannot be added as child to 'notifications', because the latter doesn't exist [] []
[2024-07-08T05:32:38.090844+00:00] main.INFO: Broken reference: the 'notification_window' element cannot be added as child to 'notifications', because the latter doesn't exist [] []
[2024-07-08T05:32:38.090881+00:00] main.INFO: Broken reference: the 'notification.messages' element cannot be added as child to 'header', because the latter doesn't exist [] []
[2024-07-08T05:32:38.090920+00:00] main.INFO: Broken reference: the 'global_notices' element cannot be added as child to 'global.notices', because the latter doesn't exist [] []
[2024-07-08T05:32:38.090955+00:00] main.INFO: Broken reference: the 'logo' element cannot be added as child to 'header', because the latter doesn't exist [] []
[2024-07-08T05:32:38.090990+00:00] main.INFO: Broken reference: the 'global.search' element cannot be added as child to 'header', because the latter doesn't exist [] []
[2024-07-08T05:32:38.091024+00:00] main.INFO: Broken reference: the 'user' element cannot be added as child to 'header', because the latter doesn't exist [] []
[2024-07-08T05:32:38.091058+00:00] main.INFO: Broken reference: the 'menu' element cannot be added as child to 'page.menu', because the latter doesn't exist [] []
[2024-07-08T05:32:38.091091+00:00] main.INFO: Broken reference: the 'breadcrumbs' element cannot be added as child to 'page.breadcrumbs', because the latter doesn't exist [] []
[2024-07-08T05:32:38.091124+00:00] main.INFO: Broken reference: the 'formkey' element cannot be added as child to 'page.formkey', because the latter doesn't exist [] []
[2024-07-08T05:32:38.091157+00:00] main.INFO: Broken reference: the 'page.title' element cannot be added as child to 'main.top', because the latter doesn't exist [] []
[2024-07-08T05:32:38.091201+00:00] main.INFO: Broken reference: the 'messages' element cannot be added as child to 'page.messages', because the latter doesn't exist [] []
[2024-07-08T05:32:38.091252+00:00] main.INFO: Broken reference: the 'page.actions.toolbar' element cannot be added as child to 'page.main.actions', because the latter doesn't exist [] []
[2024-07-08T05:32:38.091309+00:00] main.INFO: Broken reference: the 'legal' element cannot be added as child to 'footer', because the latter doesn't exist [] []
[2024-07-08T05:32:38.091430+00:00] main.INFO: Broken reference: the 'header.inner.left' element cannot be added as child to 'header', because the latter doesn't exist [] []
[2024-07-08T05:32:38.091492+00:00] main.INFO: Broken reference: the 'header.inner.right' element cannot be added as child to 'header', because the latter doesn't exist [] []
[2024-07-08T05:32:38.091579+00:00] main.INFO: Broken reference: the 'user' tries to reorder itself towards '', but their parents are different: 'header' and '' respectively. [] []
[2024-07-08T05:32:38.091632+00:00] main.INFO: Broken reference: the 'notification.messages' tries to reorder itself towards 'user', but their parents are different: 'header' and '' respectively. [] []
[2024-07-08T05:32:38.091684+00:00] main.INFO: Broken reference: the 'logo' tries to reorder itself towards '', but their parents are different: 'header' and '' respectively. [] []
[2024-07-08T05:32:38.091731+00:00] main.INFO: Broken reference: the 'global.search' tries to reorder itself towards 'logo', but their parents are different: 'header' and '' respectively. [] []
[2024-07-08T05:32:38.091766+00:00] main.INFO: Broken reference: the 'page.actions.toolbar' tries to reorder itself towards '', but their parents are different: 'page.main.actions' and '' respectively. [] []
[2024-07-08T05:32:38.091816+00:00] main.INFO: Broken reference: the 'header.inner.left' tries to reorder itself towards '', but their parents are different: 'header' and '' respectively. [] []
[2024-07-08T05:32:38.091852+00:00] main.INFO: Broken reference: the 'header.inner.right' tries to reorder itself towards 'header.inner.left', but their parents are different: 'header' and '' respectively. [] []
[2024-07-08T05:32:38.091905+00:00] main.INFO: Broken reference: the 'notification.messages' tries to reorder itself towards 'user', but their parents are different: 'header.inner.right' and '' respectively. [] []
[2024-07-08T06:53:15.491639+00:00] main.ERROR: The path is not allowed: media/wp-includes/wlwmanifest.xml [] []
[2024-07-08T11:10:00.676136+00:00] main.DEBUG: cache_invalidate:  {"method":"GET","url":"http:/","invalidateInfo":{"tags":["gql_store_config_1","FPC"],"mode":"matchingTag"}} []
[2024-07-08T11:10:01.454398+00:00] main.DEBUG: cache_invalidate:  {"method":"GET","url":"http:/","invalidateInfo":{"tags":["gql_store_config_1","FPC"],"mode":"matchingTag"}} []
[2024-07-08T16:04:09.230792+00:00] main.INFO: Broken reference: the 'tracking' element cannot be added as child to 'header', because the latter doesn't exist [] []
[2024-07-08T16:04:09.231078+00:00] main.INFO: Broken reference: the 'notification_area' element cannot be added as child to 'notifications', because the latter doesn't exist [] []
[2024-07-08T16:04:09.231139+00:00] main.INFO: Broken reference: the 'unread_system_messages' element cannot be added as child to 'notifications', because the latter doesn't exist [] []
[2024-07-08T16:04:09.231189+00:00] main.INFO: Broken reference: the 'notification_window' element cannot be added as child to 'notifications', because the latter doesn't exist [] []
[2024-07-08T16:04:09.231237+00:00] main.INFO: Broken reference: the 'notification.messages' element cannot be added as child to 'header', because the latter doesn't exist [] []
[2024-07-08T16:04:09.231291+00:00] main.INFO: Broken reference: the 'global_notices' element cannot be added as child to 'global.notices', because the latter doesn't exist [] []
[2024-07-08T16:04:09.231338+00:00] main.INFO: Broken reference: the 'logo' element cannot be added as child to 'header', because the latter doesn't exist [] []
[2024-07-08T16:04:09.231409+00:00] main.INFO: Broken reference: the 'global.search' element cannot be added as child to 'header', because the latter doesn't exist [] []
[2024-07-08T16:04:09.231462+00:00] main.INFO: Broken reference: the 'user' element cannot be added as child to 'header', because the latter doesn't exist [] []
[2024-07-08T16:04:09.231511+00:00] main.INFO: Broken reference: the 'menu' element cannot be added as child to 'page.menu', because the latter doesn't exist [] []
[2024-07-08T16:04:09.231560+00:00] main.INFO: Broken reference: the 'breadcrumbs' element cannot be added as child to 'page.breadcrumbs', because the latter doesn't exist [] []
[2024-07-08T16:04:09.231604+00:00] main.INFO: Broken reference: the 'formkey' element cannot be added as child to 'page.formkey', because the latter doesn't exist [] []
[2024-07-08T16:04:09.231648+00:00] main.INFO: Broken reference: the 'page.title' element cannot be added as child to 'main.top', because the latter doesn't exist [] []
[2024-07-08T16:04:09.231692+00:00] main.INFO: Broken reference: the 'messages' element cannot be added as child to 'page.messages', because the latter doesn't exist [] []
[2024-07-08T16:04:09.231736+00:00] main.INFO: Broken reference: the 'page.actions.toolbar' element cannot be added as child to 'page.main.actions', because the latter doesn't exist [] []
[2024-07-08T16:04:09.231781+00:00] main.INFO: Broken reference: the 'legal' element cannot be added as child to 'footer', because the latter doesn't exist [] []
[2024-07-08T16:04:09.231913+00:00] main.INFO: Broken reference: the 'header.inner.left' element cannot be added as child to 'header', because the latter doesn't exist [] []
[2024-07-08T16:04:09.231985+00:00] main.INFO: Broken reference: the 'header.inner.right' element cannot be added as child to 'header', because the latter doesn't exist [] []
[2024-07-08T16:04:09.232113+00:00] main.INFO: Broken reference: the 'user' tries to reorder itself towards '', but their parents are different: 'header' and '' respectively. [] []
[2024-07-08T16:04:09.232170+00:00] main.INFO: Broken reference: the 'notification.messages' tries to reorder itself towards 'user', but their parents are different: 'header' and '' respectively. [] []
[2024-07-08T16:04:09.232215+00:00] main.INFO: Broken reference: the 'logo' tries to reorder itself towards '', but their parents are different: 'header' and '' respectively. [] []
[2024-07-08T16:04:09.232260+00:00] main.INFO: Broken reference: the 'global.search' tries to reorder itself towards 'logo', but their parents are different: 'header' and '' respectively. [] []
[2024-07-08T16:04:09.232308+00:00] main.INFO: Broken reference: the 'page.actions.toolbar' tries to reorder itself towards '', but their parents are different: 'page.main.actions' and '' respectively. [] []
[2024-07-08T16:04:09.232370+00:00] main.INFO: Broken reference: the 'header.inner.left' tries to reorder itself towards '', but their parents are different: 'header' and '' respectively. [] []
[2024-07-08T16:04:09.232416+00:00] main.INFO: Broken reference: the 'header.inner.right' tries to reorder itself towards 'header.inner.left', but their parents are different: 'header' and '' respectively. [] []
[2024-07-08T16:04:09.232477+00:00] main.INFO: Broken reference: the 'notification.messages' tries to reorder itself towards 'user', but their parents are different: 'header.inner.right' and '' respectively. [] []
[2024-07-08T16:04:13.924796+00:00] main.DEBUG: cache_invalidate:  {"method":"POST","url":"https://www.empye.org/admin_7dem37w","invalidateInfo":{"tags":["BACKEND_MAINMENU"],"mode":"matchingAnyTag"}} []
[2024-07-08T16:04:13.933207+00:00] main.DEBUG: cache_invalidate:  {"method":"POST","url":"https://www.empye.org/admin_7dem37w","invalidateInfo":{"tags":["PB_EDITOR_CONFIG","CONFIG"],"mode":"matchingTag"}} []
[2024-07-08T16:04:18.425148+00:00] main.ERROR: Laminas\Mail\Transport\Exception\RuntimeException: Unable to send mail: Unknown error in /var/www/html/empyeorg/vendor/laminas/laminas-mail/src/Transport/Sendmail.php:313
Stack trace:
#0 /var/www/html/empyeorg/vendor/laminas/laminas-mail/src/Transport/Sendmail.php(150): Laminas\Mail\Transport\Sendmail->mailHandler()
#1 /var/www/html/empyeorg/vendor/magento/module-email/Model/Transport.php(183): Laminas\Mail\Transport\Sendmail->send()
#2 /var/www/html/empyeorg/vendor/magento/framework/Interception/Interceptor.php(58): Magento\Email\Model\Transport->sendMessage()
#3 /var/www/html/empyeorg/vendor/magento/framework/Interception/Interceptor.php(138): Magento\Email\Model\Transport\Interceptor->___callParent()
#4 /var/www/html/empyeorg/vendor/magento/module-email/Model/Mail/TransportInterfacePlugin.php(48): Magento\Email\Model\Transport\Interceptor->Magento\Framework\Interception\{closure}()
#5 /var/www/html/empyeorg/vendor/magento/framework/Interception/Interceptor.php(135): Magento\Email\Model\Mail\TransportInterfacePlugin->aroundSendMessage()
#6 /var/www/html/empyeorg/vendor/magento/framework/Interception/Interceptor.php(153): Magento\Email\Model\Transport\Interceptor->Magento\Framework\Interception\{closure}()
#7 /var/www/html/empyeorg/generated/code/Magento/Email/Model/Transport/Interceptor.php(23): Magento\Email\Model\Transport\Interceptor->___callPlugins()
#8 /var/www/html/empyeorg/vendor/magento/module-two-factor-auth/Model/EmailUserNotifier.php(106): Magento\Email\Model\Transport\Interceptor->sendMessage()
#9 /var/www/html/empyeorg/vendor/magento/module-two-factor-auth/Model/EmailUserNotifier.php(118): Magento\TwoFactorAuth\Model\EmailUserNotifier->sendConfigRequired()
#10 /var/www/html/empyeorg/vendor/magento/module-two-factor-auth/Model/UserConfig/UserConfigRequestManager.php(85): Magento\TwoFactorAuth\Model\EmailUserNotifier->sendUserConfigRequestMessage()
#11 /var/www/html/empyeorg/vendor/magento/module-two-factor-auth/Controller/Adminhtml/Tfa/Requestconfig.php(95): Magento\TwoFactorAuth\Model\UserConfig\UserConfigRequestManager->sendConfigRequestTo()
#12 /var/www/html/empyeorg/vendor/magento/framework/Interception/Interceptor.php(58): Magento\TwoFactorAuth\Controller\Adminhtml\Tfa\Requestconfig->execute()
#13 /var/www/html/empyeorg/vendor/magento/framework/Interception/Interceptor.php(138): Magento\TwoFactorAuth\Controller\Adminhtml\Tfa\Requestconfig\Interceptor->___callParent()
#14 /var/www/html/empyeorg/vendor/magento/framework/Interception/Interceptor.php(153): Magento\TwoFactorAuth\Controller\Adminhtml\Tfa\Requestconfig\Interceptor->Magento\Framework\Interception\{closure}()
#15 /var/www/html/empyeorg/generated/code/Magento/TwoFactorAuth/Controller/Adminhtml/Tfa/Requestconfig/Interceptor.php(23): Magento\TwoFactorAuth\Controller\Adminhtml\Tfa\Requestconfig\Interceptor->___callPlugins()
#16 /var/www/html/empyeorg/vendor/magento/framework/App/Action/Action.php(111): Magento\TwoFactorAuth\Controller\Adminhtml\Tfa\Requestconfig\Interceptor->execute()
#17 /var/www/html/empyeorg/vendor/magento/module-backend/App/AbstractAction.php(151): Magento\Framework\App\Action\Action->dispatch()
#18 /var/www/html/empyeorg/vendor/magento/module-two-factor-auth/Controller/Adminhtml/AbstractAction.php(30): Magento\Backend\App\AbstractAction->dispatch()
#19 /var/www/html/empyeorg/vendor/magento/framework/Interception/Interceptor.php(58): Magento\TwoFactorAuth\Controller\Adminhtml\AbstractAction->dispatch()
#20 /var/www/html/empyeorg/vendor/magento/framework/Interception/Interceptor.php(138): Magento\TwoFactorAuth\Controller\Adminhtml\Tfa\Requestconfig\Interceptor->___callParent()
#21 /var/www/html/empyeorg/vendor/magento/module-backend/App/Action/Plugin/Authentication.php(145): Magento\TwoFactorAuth\Controller\Adminhtml\Tfa\Requestconfig\Interceptor->Magento\Framework\Interception\{closure}()
#22 /var/www/html/empyeorg/vendor/magento/framework/Interception/Interceptor.php(135): Magento\Backend\App\Action\Plugin\Authentication->aroundDispatch()
#23 /var/www/html/empyeorg/vendor/magento/framework/Interception/Interceptor.php(153): Magento\TwoFactorAuth\Controller\Adminhtml\Tfa\Requestconfig\Interceptor->Magento\Framework\Interception\{closure}()
#24 /var/www/html/empyeorg/generated/code/Magento/TwoFactorAuth/Controller/Adminhtml/Tfa/Requestconfig/Interceptor.php(32): Magento\TwoFactorAuth\Controller\Adminhtml\Tfa\Requestconfig\Interceptor->___callPlugins()
#25 /var/www/html/empyeorg/vendor/magento/framework/App/FrontController.php(245): Magento\TwoFactorAuth\Controller\Adminhtml\Tfa\Requestconfig\Interceptor->dispatch()
#26 /var/www/html/empyeorg/vendor/magento/framework/App/FrontController.php(212): Magento\Framework\App\FrontController->getActionResponse()
#27 /var/www/html/empyeorg/vendor/magento/framework/App/FrontController.php(146): Magento\Framework\App\FrontController->processRequest()
#28 /var/www/html/empyeorg/vendor/magento/framework/Interception/Interceptor.php(58): Magento\Framework\App\FrontController->dispatch()
#29 /var/www/html/empyeorg/vendor/magento/framework/Interception/Interceptor.php(138): Magento\Framework\App\FrontController\Interceptor->___callParent()
#30 /var/www/html/empyeorg/vendor/magento/framework/Interception/Interceptor.php(153): Magento\Framework\App\FrontController\Interceptor->Magento\Framework\Interception\{closure}()
#31 /var/www/html/empyeorg/generated/code/Magento/Framework/App/FrontController/Interceptor.php(23): Magento\Framework\App\FrontController\Interceptor->___callPlugins()
#32 /var/www/html/empyeorg/vendor/magento/framework/App/Http.php(116): Magento\Framework\App\FrontController\Interceptor->dispatch()
#33 /var/www/html/empyeorg/vendor/magento/framework/Interception/Interceptor.php(58): Magento\Framework\App\Http->launch()
#34 /var/www/html/empyeorg/vendor/magento/framework/Interception/Interceptor.php(138): Magento\Framework\App\Http\Interceptor->___callParent()
#35 /var/www/html/empyeorg/vendor/magento/module-application-performance-monitor/Plugin/ApplicationPerformanceMonitor.php(38): Magento\Framework\App\Http\Interceptor->Magento\Framework\Interception\{closure}()
#36 /var/www/html/empyeorg/vendor/magento/framework/Interception/Interceptor.php(135): Magento\ApplicationPerformanceMonitor\Plugin\ApplicationPerformanceMonitor->aroundLaunch()
#37 /var/www/html/empyeorg/vendor/magento/framework/Interception/Interceptor.php(153): Magento\Framework\App\Http\Interceptor->Magento\Framework\Interception\{closure}()
#38 /var/www/html/empyeorg/generated/code/Magento/Framework/App/Http/Interceptor.php(23): Magento\Framework\App\Http\Interceptor->___callPlugins()
#39 /var/www/html/empyeorg/vendor/magento/framework/App/Bootstrap.php(264): Magento\Framework\App\Http\Interceptor->launch()
#40 /var/www/html/empyeorg/pub/index.php(42): Magento\Framework\App\Bootstrap->run()
#41 {main} {"exception":"[object] (Laminas\\Mail\\Transport\\Exception\\RuntimeException(code: 0): Unable to send mail: Unknown error at /var/www/html/empyeorg/vendor/laminas/laminas-mail/src/Transport/Sendmail.php:313)"} []
[2024-07-08T16:04:18.426035+00:00] main.CRITICAL: Laminas\Mail\Transport\Exception\RuntimeException: Unable to send mail: Unknown error in /var/www/html/empyeorg/vendor/laminas/laminas-mail/src/Transport/Sendmail.php:313
Stack trace:
#0 /var/www/html/empyeorg/vendor/laminas/laminas-mail/src/Transport/Sendmail.php(150): Laminas\Mail\Transport\Sendmail->mailHandler()
#1 /var/www/html/empyeorg/vendor/magento/module-email/Model/Transport.php(183): Laminas\Mail\Transport\Sendmail->send()
#2 /var/www/html/empyeorg/vendor/magento/framework/Interception/Interceptor.php(58): Magento\Email\Model\Transport->sendMessage()
#3 /var/www/html/empyeorg/vendor/magento/framework/Interception/Interceptor.php(138): Magento\Email\Model\Transport\Interceptor->___callParent()
#4 /var/www/html/empyeorg/vendor/magento/module-email/Model/Mail/TransportInterfacePlugin.php(48): Magento\Email\Model\Transport\Interceptor->Magento\Framework\Interception\{closure}()
#5 /var/www/html/empyeorg/vendor/magento/framework/Interception/Interceptor.php(135): Magento\Email\Model\Mail\TransportInterfacePlugin->aroundSendMessage()
#6 /var/www/html/empyeorg/vendor/magento/framework/Interception/Interceptor.php(153): Magento\Email\Model\Transport\Interceptor->Magento\Framework\Interception\{closure}()
#7 /var/www/html/empyeorg/generated/code/Magento/Email/Model/Transport/Interceptor.php(23): Magento\Email\Model\Transport\Interceptor->___callPlugins()
#8 /var/www/html/empyeorg/vendor/magento/module-two-factor-auth/Model/EmailUserNotifier.php(106): Magento\Email\Model\Transport\Interceptor->sendMessage()
#9 /var/www/html/empyeorg/vendor/magento/module-two-factor-auth/Model/EmailUserNotifier.php(118): Magento\TwoFactorAuth\Model\EmailUserNotifier->sendConfigRequired()
#10 /var/www/html/empyeorg/vendor/magento/module-two-factor-auth/Model/UserConfig/UserConfigRequestManager.php(85): Magento\TwoFactorAuth\Model\EmailUserNotifier->sendUserConfigRequestMessage()
#11 /var/www/html/empyeorg/vendor/magento/module-two-factor-auth/Controller/Adminhtml/Tfa/Requestconfig.php(95): Magento\TwoFactorAuth\Model\UserConfig\UserConfigRequestManager->sendConfigRequestTo()
#12 /var/www/html/empyeorg/vendor/magento/framework/Interception/Interceptor.php(58): Magento\TwoFactorAuth\Controller\Adminhtml\Tfa\Requestconfig->execute()
#13 /var/www/html/empyeorg/vendor/magento/framework/Interception/Interceptor.php(138): Magento\TwoFactorAuth\Controller\Adminhtml\Tfa\Requestconfig\Interceptor->___callParent()
#14 /var/www/html/empyeorg/vendor/magento/framework/Interception/Interceptor.php(153): Magento\TwoFactorAuth\Controller\Adminhtml\Tfa\Requestconfig\Interceptor->Magento\Framework\Interception\{closure}()
#15 /var/www/html/empyeorg/generated/code/Magento/TwoFactorAuth/Controller/Adminhtml/Tfa/Requestconfig/Interceptor.php(23): Magento\TwoFactorAuth\Controller\Adminhtml\Tfa\Requestconfig\Interceptor->___callPlugins()
#16 /var/www/html/empyeorg/vendor/magento/framework/App/Action/Action.php(111): Magento\TwoFactorAuth\Controller\Adminhtml\Tfa\Requestconfig\Interceptor->execute()
#17 /var/www/html/empyeorg/vendor/magento/module-backend/App/AbstractAction.php(151): Magento\Framework\App\Action\Action->dispatch()
#18 /var/www/html/empyeorg/vendor/magento/module-two-factor-auth/Controller/Adminhtml/AbstractAction.php(30): Magento\Backend\App\AbstractAction->dispatch()
#19 /var/www/html/empyeorg/vendor/magento/framework/Interception/Interceptor.php(58): Magento\TwoFactorAuth\Controller\Adminhtml\AbstractAction->dispatch()
#20 /var/www/html/empyeorg/vendor/magento/framework/Interception/Interceptor.php(138): Magento\TwoFactorAuth\Controller\Adminhtml\Tfa\Requestconfig\Interceptor->___callParent()
#21 /var/www/html/empyeorg/vendor/magento/module-backend/App/Action/Plugin/Authentication.php(145): Magento\TwoFactorAuth\Controller\Adminhtml\Tfa\Requestconfig\Interceptor->Magento\Framework\Interception\{closure}()
#22 /var/www/html/empyeorg/vendor/magento/framework/Interception/Interceptor.php(135): Magento\Backend\App\Action\Plugin\Authentication->aroundDispatch()
#23 /var/www/html/empyeorg/vendor/magento/framework/Interception/Interceptor.php(153): Magento\TwoFactorAuth\Controller\Adminhtml\Tfa\Requestconfig\Interceptor->Magento\Framework\Interception\{closure}()
#24 /var/www/html/empyeorg/generated/code/Magento/TwoFactorAuth/Controller/Adminhtml/Tfa/Requestconfig/Interceptor.php(32): Magento\TwoFactorAuth\Controller\Adminhtml\Tfa\Requestconfig\Interceptor->___callPlugins()
#25 /var/www/html/empyeorg/vendor/magento/framework/App/FrontController.php(245): Magento\TwoFactorAuth\Controller\Adminhtml\Tfa\Requestconfig\Interceptor->dispatch()
#26 /var/www/html/empyeorg/vendor/magento/framework/App/FrontController.php(212): Magento\Framework\App\FrontController->getActionResponse()
#27 /var/www/html/empyeorg/vendor/magento/framework/App/FrontController.php(146): Magento\Framework\App\FrontController->processRequest()
#28 /var/www/html/empyeorg/vendor/magento/framework/Interception/Interceptor.php(58): Magento\Framework\App\FrontController->dispatch()
#29 /var/www/html/empyeorg/vendor/magento/framework/Interception/Interceptor.php(138): Magento\Framework\App\FrontController\Interceptor->___callParent()
#30 /var/www/html/empyeorg/vendor/magento/framework/Interception/Interceptor.php(153): Magento\Framework\App\FrontController\Interceptor->Magento\Framework\Interception\{closure}()
#31 /var/www/html/empyeorg/generated/code/Magento/Framework/App/FrontController/Interceptor.php(23): Magento\Framework\App\FrontController\Interceptor->___callPlugins()
#32 /var/www/html/empyeorg/vendor/magento/framework/App/Http.php(116): Magento\Framework\App\FrontController\Interceptor->dispatch()
#33 /var/www/html/empyeorg/vendor/magento/framework/Interception/Interceptor.php(58): Magento\Framework\App\Http->launch()
#34 /var/www/html/empyeorg/vendor/magento/framework/Interception/Interceptor.php(138): Magento\Framework\App\Http\Interceptor->___callParent()
#35 /var/www/html/empyeorg/vendor/magento/module-application-performance-monitor/Plugin/ApplicationPerformanceMonitor.php(38): Magento\Framework\App\Http\Interceptor->Magento\Framework\Interception\{closure}()
#36 /var/www/html/empyeorg/vendor/magento/framework/Interception/Interceptor.php(135): Magento\ApplicationPerformanceMonitor\Plugin\ApplicationPerformanceMonitor->aroundLaunch()
#37 /var/www/html/empyeorg/vendor/magento/framework/Interception/Interceptor.php(153): Magento\Framework\App\Http\Interceptor->Magento\Framework\Interception\{closure}()
#38 /var/www/html/empyeorg/generated/code/Magento/Framework/App/Http/Interceptor.php(23): Magento\Framework\App\Http\Interceptor->___callPlugins()
#39 /var/www/html/empyeorg/vendor/magento/framework/App/Bootstrap.php(264): Magento\Framework\App\Http\Interceptor->launch()
#40 /var/www/html/empyeorg/pub/index.php(42): Magento\Framework\App\Bootstrap->run()
#41 {main}

Next Magento\Framework\Exception\MailException: Unable to send mail. Please try again later. in /var/www/html/empyeorg/vendor/magento/module-email/Model/Transport.php:186
Stack trace:
#0 /var/www/html/empyeorg/vendor/magento/framework/Interception/Interceptor.php(58): Magento\Email\Model\Transport->sendMessage()
#1 /var/www/html/empyeorg/vendor/magento/framework/Interception/Interceptor.php(138): Magento\Email\Model\Transport\Interceptor->___callParent()
#2 /var/www/html/empyeorg/vendor/magento/module-email/Model/Mail/TransportInterfacePlugin.php(48): Magento\Email\Model\Transport\Interceptor->Magento\Framework\Interception\{closure}()
#3 /var/www/html/empyeorg/vendor/magento/framework/Interception/Interceptor.php(135): Magento\Email\Model\Mail\TransportInterfacePlugin->aroundSendMessage()
#4 /var/www/html/empyeorg/vendor/magento/framework/Interception/Interceptor.php(153): Magento\Email\Model\Transport\Interceptor->Magento\Framework\Interception\{closure}()
#5 /var/www/html/empyeorg/generated/code/Magento/Email/Model/Transport/Interceptor.php(23): Magento\Email\Model\Transport\Interceptor->___callPlugins()
#6 /var/www/html/empyeorg/vendor/magento/module-two-factor-auth/Model/EmailUserNotifier.php(106): Magento\Email\Model\Transport\Interceptor->sendMessage()
#7 /var/www/html/empyeorg/vendor/magento/module-two-factor-auth/Model/EmailUserNotifier.php(118): Magento\TwoFactorAuth\Model\EmailUserNotifier->sendConfigRequired()
#8 /var/www/html/empyeorg/vendor/magento/module-two-factor-auth/Model/UserConfig/UserConfigRequestManager.php(85): Magento\TwoFactorAuth\Model\EmailUserNotifier->sendUserConfigRequestMessage()
#9 /var/www/html/empyeorg/vendor/magento/module-two-factor-auth/Controller/Adminhtml/Tfa/Requestconfig.php(95): Magento\TwoFactorAuth\Model\UserConfig\UserConfigRequestManager->sendConfigRequestTo()
#10 /var/www/html/empyeorg/vendor/magento/framework/Interception/Interceptor.php(58): Magento\TwoFactorAuth\Controller\Adminhtml\Tfa\Requestconfig->execute()
#11 /var/www/html/empyeorg/vendor/magento/framework/Interception/Interceptor.php(138): Magento\TwoFactorAuth\Controller\Adminhtml\Tfa\Requestconfig\Interceptor->___callParent()
#12 /var/www/html/empyeorg/vendor/magento/framework/Interception/Interceptor.php(153): Magento\TwoFactorAuth\Controller\Adminhtml\Tfa\Requestconfig\Interceptor->Magento\Framework\Interception\{closure}()
#13 /var/www/html/empyeorg/generated/code/Magento/TwoFactorAuth/Controller/Adminhtml/Tfa/Requestconfig/Interceptor.php(23): Magento\TwoFactorAuth\Controller\Adminhtml\Tfa\Requestconfig\Interceptor->___callPlugins()
#14 /var/www/html/empyeorg/vendor/magento/framework/App/Action/Action.php(111): Magento\TwoFactorAuth\Controller\Adminhtml\Tfa\Requestconfig\Interceptor->execute()
#15 /var/www/html/empyeorg/vendor/magento/module-backend/App/AbstractAction.php(151): Magento\Framework\App\Action\Action->dispatch()
#16 /var/www/html/empyeorg/vendor/magento/module-two-factor-auth/Controller/Adminhtml/AbstractAction.php(30): Magento\Backend\App\AbstractAction->dispatch()
#17 /var/www/html/empyeorg/vendor/magento/framework/Interception/Interceptor.php(58): Magento\TwoFactorAuth\Controller\Adminhtml\AbstractAction->dispatch()
#18 /var/www/html/empyeorg/vendor/magento/framework/Interception/Interceptor.php(138): Magento\TwoFactorAuth\Controller\Adminhtml\Tfa\Requestconfig\Interceptor->___callParent()
#19 /var/www/html/empyeorg/vendor/magento/module-backend/App/Action/Plugin/Authentication.php(145): Magento\TwoFactorAuth\Controller\Adminhtml\Tfa\Requestconfig\Interceptor->Magento\Framework\Interception\{closure}()
#20 /var/www/html/empyeorg/vendor/magento/framework/Interception/Interceptor.php(135): Magento\Backend\App\Action\Plugin\Authentication->aroundDispatch()
#21 /var/www/html/empyeorg/vendor/magento/framework/Interception/Interceptor.php(153): Magento\TwoFactorAuth\Controller\Adminhtml\Tfa\Requestconfig\Interceptor->Magento\Framework\Interception\{closure}()
#22 /var/www/html/empyeorg/generated/code/Magento/TwoFactorAuth/Controller/Adminhtml/Tfa/Requestconfig/Interceptor.php(32): Magento\TwoFactorAuth\Controller\Adminhtml\Tfa\Requestconfig\Interceptor->___callPlugins()
#23 /var/www/html/empyeorg/vendor/magento/framework/App/FrontController.php(245): Magento\TwoFactorAuth\Controller\Adminhtml\Tfa\Requestconfig\Interceptor->dispatch()
#24 /var/www/html/empyeorg/vendor/magento/framework/App/FrontController.php(212): Magento\Framework\App\FrontController->getActionResponse()
#25 /var/www/html/empyeorg/vendor/magento/framework/App/FrontController.php(146): Magento\Framework\App\FrontController->processRequest()
#26 /var/www/html/empyeorg/vendor/magento/framework/Interception/Interceptor.php(58): Magento\Framework\App\FrontController->dispatch()
#27 /var/www/html/empyeorg/vendor/magento/framework/Interception/Interceptor.php(138): Magento\Framework\App\FrontController\Interceptor->___callParent()
#28 /var/www/html/empyeorg/vendor/magento/framework/Interception/Interceptor.php(153): Magento\Framework\App\FrontController\Interceptor->Magento\Framework\Interception\{closure}()
#29 /var/www/html/empyeorg/generated/code/Magento/Framework/App/FrontController/Interceptor.php(23): Magento\Framework\App\FrontController\Interceptor->___callPlugins()
#30 /var/www/html/empyeorg/vendor/magento/framework/App/Http.php(116): Magento\Framework\App\FrontController\Interceptor->dispatch()
#31 /var/www/html/empyeorg/vendor/magento/framework/Interception/Interceptor.php(58): Magento\Framework\App\Http->launch()
#32 /var/www/html/empyeorg/vendor/magento/framework/Interception/Interceptor.php(138): Magento\Framework\App\Http\Interceptor->___callParent()
#33 /var/www/html/empyeorg/vendor/magento/module-application-performance-monitor/Plugin/ApplicationPerformanceMonitor.php(38): Magento\Framework\App\Http\Interceptor->Magento\Framework\Interception\{closure}()
#34 /var/www/html/empyeorg/vendor/magento/framework/Interception/Interceptor.php(135): Magento\ApplicationPerformanceMonitor\Plugin\ApplicationPerformanceMonitor->aroundLaunch()
#35 /var/www/html/empyeorg/vendor/magento/framework/Interception/Interceptor.php(153): Magento\Framework\App\Http\Interceptor->Magento\Framework\Interception\{closure}()
#36 /var/www/html/empyeorg/generated/code/Magento/Framework/App/Http/Interceptor.php(23): Magento\Framework\App\Http\Interceptor->___callPlugins()
#37 /var/www/html/empyeorg/vendor/magento/framework/App/Bootstrap.php(264): Magento\Framework\App\Http\Interceptor->launch()
#38 /var/www/html/empyeorg/pub/index.php(42): Magento\Framework\App\Bootstrap->run()
#39 {main} {"exception":"[object] (Magento\\Framework\\Exception\\MailException(code: 0): Unable to send mail. Please try again later. at /var/www/html/empyeorg/vendor/magento/module-email/Model/Transport.php:186)
[previous exception] [object] (Laminas\\Mail\\Transport\\Exception\\RuntimeException(code: 0): Unable to send mail: Unknown error at /var/www/html/empyeorg/vendor/laminas/laminas-mail/src/Transport/Sendmail.php:313)"} []
[2024-07-08T16:04:18.430069+00:00] main.INFO: Broken reference: the 'tracking' element cannot be added as child to 'header', because the latter doesn't exist [] []
[2024-07-08T16:04:18.430291+00:00] main.INFO: Broken reference: the 'notification_area' element cannot be added as child to 'notifications', because the latter doesn't exist [] []
[2024-07-08T16:04:18.430358+00:00] main.INFO: Broken reference: the 'unread_system_messages' element cannot be added as child to 'notifications', because the latter doesn't exist [] []
[2024-07-08T16:04:18.430406+00:00] main.INFO: Broken reference: the 'notification_window' element cannot be added as child to 'notifications', because the latter doesn't exist [] []
[2024-07-08T16:04:18.430444+00:00] main.INFO: Broken reference: the 'notification.messages' element cannot be added as child to 'header', because the latter doesn't exist [] []
[2024-07-08T16:04:18.430486+00:00] main.INFO: Broken reference: the 'global_notices' element cannot be added as child to 'global.notices', because the latter doesn't exist [] []
[2024-07-08T16:04:18.430526+00:00] main.INFO: Broken reference: the 'logo' element cannot be added as child to 'header', because the latter doesn't exist [] []
[2024-07-08T16:04:18.430582+00:00] main.INFO: Broken reference: the 'global.search' element cannot be added as child to 'header', because the latter doesn't exist [] []
[2024-07-08T16:04:18.430631+00:00] main.INFO: Broken reference: the 'user' element cannot be added as child to 'header', because the latter doesn't exist [] []
[2024-07-08T16:04:18.430665+00:00] main.INFO: Broken reference: the 'menu' element cannot be added as child to 'page.menu', because the latter doesn't exist [] []
[2024-07-08T16:04:18.430700+00:00] main.INFO: Broken reference: the 'breadcrumbs' element cannot be added as child to 'page.breadcrumbs', because the latter doesn't exist [] []
[2024-07-08T16:04:18.430749+00:00] main.INFO: Broken reference: the 'formkey' element cannot be added as child to 'page.formkey', because the latter doesn't exist [] []
[2024-07-08T16:04:18.430786+00:00] main.INFO: Broken reference: the 'page.title' element cannot be added as child to 'main.top', because the latter doesn't exist [] []
[2024-07-08T16:04:18.430836+00:00] main.INFO: Broken reference: the 'messages' element cannot be added as child to 'page.messages', because the latter doesn't exist [] []
[2024-07-08T16:04:18.430869+00:00] main.INFO: Broken reference: the 'page.actions.toolbar' element cannot be added as child to 'page.main.actions', because the latter doesn't exist [] []
[2024-07-08T16:04:18.430903+00:00] main.INFO: Broken reference: the 'legal' element cannot be added as child to 'footer', because the latter doesn't exist [] []
[2024-07-08T16:04:18.430989+00:00] main.INFO: Broken reference: the 'header.inner.left' element cannot be added as child to 'header', because the latter doesn't exist [] []
[2024-07-08T16:04:18.431028+00:00] main.INFO: Broken reference: the 'header.inner.right' element cannot be added as child to 'header', because the latter doesn't exist [] []
[2024-07-08T16:04:18.431104+00:00] main.INFO: Broken reference: the 'user' tries to reorder itself towards '', but their parents are different: 'header' and '' respectively. [] []
[2024-07-08T16:04:18.431142+00:00] main.INFO: Broken reference: the 'notification.messages' tries to reorder itself towards 'user', but their parents are different: 'header' and '' respectively. [] []
[2024-07-08T16:04:18.431179+00:00] main.INFO: Broken reference: the 'logo' tries to reorder itself towards '', but their parents are different: 'header' and '' respectively. [] []
[2024-07-08T16:04:18.431212+00:00] main.INFO: Broken reference: the 'global.search' tries to reorder itself towards 'logo', but their parents are different: 'header' and '' respectively. [] []
[2024-07-08T16:04:18.431251+00:00] main.INFO: Broken reference: the 'page.actions.toolbar' tries to reorder itself towards '', but their parents are different: 'page.main.actions' and '' respectively. [] []
[2024-07-08T16:04:18.431300+00:00] main.INFO: Broken reference: the 'header.inner.left' tries to reorder itself towards '', but their parents are different: 'header' and '' respectively. [] []
[2024-07-08T16:04:18.431337+00:00] main.INFO: Broken reference: the 'header.inner.right' tries to reorder itself towards 'header.inner.left', but their parents are different: 'header' and '' respectively. [] []
[2024-07-08T16:04:18.431380+00:00] main.INFO: Broken reference: the 'notification.messages' tries to reorder itself towards 'user', but their parents are different: 'header.inner.right' and '' respectively. [] []
[2024-07-08T16:04:50.557466+00:00] main.DEBUG: Source class "\Magento\ServiceProxy\Model" for "Magento\ServiceProxy\Model\Logger" generation does not exist. {"exception":"[object] (RuntimeException(code: 0): Source class \"\\Magento\\ServiceProxy\\Model\" for \"Magento\\ServiceProxy\\Model\\Logger\" generation does not exist. at /var/www/html/empyeorg/vendor/magento/framework/Code/Generator.php:223)"} []
[2024-07-08T16:05:04.333668+00:00] main.DEBUG: cache_invalidate:  {"method":"GET","url":"http:/","invalidateInfo":{"tags":[],"mode":"all"}} []
[2024-07-08T16:05:04.343242+00:00] main.DEBUG: cache_invalidate:  {"method":"GET","url":"http:/","invalidateInfo":{"tags":[],"mode":"all"}} []
[2024-07-08T16:05:15.992302+00:00] main.DEBUG: Source class "\Magento\ServiceProxy\Model" for "Magento\ServiceProxy\Model\Logger" generation does not exist. {"exception":"[object] (RuntimeException(code: 0): Source class \"\\Magento\\ServiceProxy\\Model\" for \"Magento\\ServiceProxy\\Model\\Logger\" generation does not exist. at /var/www/html/empyeorg/vendor/magento/framework/Code/Generator.php:223)"} []
[2024-07-08T16:05:20.393688+00:00] main.DEBUG: cache_invalidate:  {"method":"GET","url":"http:/","invalidateInfo":{"tags":["FPC"],"mode":"matchingTag"}} []
[2024-07-08T16:05:27.256178+00:00] main.DEBUG: Source class "\Magento\ServiceProxy\Model" for "Magento\ServiceProxy\Model\Logger" generation does not exist. {"exception":"[object] (RuntimeException(code: 0): Source class \"\\Magento\\ServiceProxy\\Model\" for \"Magento\\ServiceProxy\\Model\\Logger\" generation does not exist. at /var/www/html/empyeorg/vendor/magento/framework/Code/Generator.php:223)"} []
[2024-07-08T16:05:31.339156+00:00] main.INFO: Broken reference: the 'notification.messages' tries to reorder itself towards 'user', but their parents are different: 'header.inner.right' and 'header' respectively. [] []
[2024-07-08T16:05:31.416845+00:00] main.DEBUG: Item Magento_Backend::system_currency was removed [] []
[2024-07-08T16:05:31.419493+00:00] main.DEBUG: Add of item with id Magento_Config::system_config was processed [] []
[2024-07-08T16:05:31.419622+00:00] main.DEBUG: Add of item with id Magento_AdminNotification::system_adminnotification was processed [] []
[2024-07-08T16:05:31.419661+00:00] main.DEBUG: Add of item with id Magento_Theme::design_config was processed [] []
[2024-07-08T16:05:31.419685+00:00] main.DEBUG: Add of item with id Magento_Theme::system_design_theme was processed [] []
[2024-07-08T16:05:31.419706+00:00] main.DEBUG: Add of item with id Magento_Backend::system_design_schedule was processed [] []
[2024-07-08T16:05:31.419738+00:00] main.DEBUG: Add of item with id Magento_Backend::system_store was processed [] []
[2024-07-08T16:05:31.419762+00:00] main.DEBUG: Add of item with id Magento_Backend::dashboard was processed [] []
[2024-07-08T16:05:31.419782+00:00] main.DEBUG: Add of item with id Magento_Backend::system was processed [] []
[2024-07-08T16:05:31.419814+00:00] main.DEBUG: Add of item with id Magento_Backend::system_tools was processed [] []
[2024-07-08T16:05:31.419845+00:00] main.DEBUG: Add of item with id Magento_Backend::system_design was processed [] []
[2024-07-08T16:05:31.419881+00:00] main.DEBUG: Add of item with id Magento_Backend::system_convert was processed [] []
[2024-07-08T16:05:31.419911+00:00] main.DEBUG: Add of item with id Magento_Backend::system_cache was processed [] []
[2024-07-08T16:05:31.419932+00:00] main.DEBUG: Add of item with id Magento_Backend::marketing was processed [] []
[2024-07-08T16:05:31.419961+00:00] main.DEBUG: Add of item with id Magento_Backend::marketing_communications was processed [] []
[2024-07-08T16:05:31.419983+00:00] main.DEBUG: Add of item with id Magento_Backend::marketing_seo was processed [] []
[2024-07-08T16:05:31.420003+00:00] main.DEBUG: Add of item with id Magento_Backend::marketing_user_content was processed [] []
[2024-07-08T16:05:31.420034+00:00] main.DEBUG: Add of item with id Magento_Backend::content was processed [] []
[2024-07-08T16:05:31.420054+00:00] main.DEBUG: Add of item with id Magento_Backend::content_elements was processed [] []
[2024-07-08T16:05:31.420073+00:00] main.DEBUG: Add of item with id Magento_Backend::stores was processed [] []
[2024-07-08T16:05:31.420102+00:00] main.DEBUG: Add of item with id Magento_Backend::stores_settings was processed [] []
[2024-07-08T16:05:31.420131+00:00] main.DEBUG: Add of item with id Magento_Backend::stores_attributes was processed [] []
[2024-07-08T16:05:31.420158+00:00] main.DEBUG: Add of item with id Magento_Backend::other_settings was processed [] []
[2024-07-08T16:05:31.420177+00:00] main.DEBUG: Add of item with id Magento_Backend::system_other_settings was processed [] []
[2024-07-08T16:05:31.420196+00:00] main.DEBUG: Add of item with id Magento_User::system_acl was processed [] []
[2024-07-08T16:05:31.420228+00:00] main.DEBUG: Add of item with id Magento_User::system_acl_users was processed [] []
[2024-07-08T16:05:31.420258+00:00] main.DEBUG: Add of item with id Magento_User::system_acl_roles was processed [] []
[2024-07-08T16:05:31.420317+00:00] main.DEBUG: Add of item with id Magento_User::system_acl_locks was processed [] []
[2024-07-08T16:05:31.420353+00:00] main.DEBUG: Add of item with id Magento_Customer::customer was processed [] []
[2024-07-08T16:05:31.420402+00:00] main.DEBUG: Add of item with id Magento_Customer::customer_manage was processed [] []
[2024-07-08T16:05:31.420434+00:00] main.DEBUG: Add of item with id Magento_Customer::customer_online was processed [] []
[2024-07-08T16:05:31.420465+00:00] main.DEBUG: Add of item with id Magento_Customer::customer_group was processed [] []
[2024-07-08T16:05:31.420489+00:00] main.DEBUG: Add of item with id Magento_Backup::system_tools_backup was processed [] []
[2024-07-08T16:05:31.420509+00:00] main.DEBUG: Add of item with id Magento_Indexer::system_index was processed [] []
[2024-07-08T16:05:31.420529+00:00] main.DEBUG: Add of item with id Magento_Variable::system_variable was processed [] []
[2024-07-08T16:05:31.420561+00:00] main.DEBUG: Add of item with id Magento_Cms::cms_page was processed [] []
[2024-07-08T16:05:31.420584+00:00] main.DEBUG: Add of item with id Magento_Cms::cms_block was processed [] []
[2024-07-08T16:05:31.420605+00:00] main.DEBUG: Add of item with id Magento_Integration::system_extensions was processed [] []
[2024-07-08T16:05:31.420634+00:00] main.DEBUG: Add of item with id Magento_Integration::system_integrations was processed [] []
[2024-07-08T16:05:31.420665+00:00] main.DEBUG: Add of item with id Magento_Search::search_terms was processed [] []
[2024-07-08T16:05:31.420687+00:00] main.DEBUG: Add of item with id Magento_Search::search_synonyms was processed [] []
[2024-07-08T16:05:31.420707+00:00] main.DEBUG: Add of item with id Magento_Catalog::catalog was processed [] []
[2024-07-08T16:05:31.420735+00:00] main.DEBUG: Add of item with id Magento_Catalog::catalog_products was processed [] []
[2024-07-08T16:05:31.420756+00:00] main.DEBUG: Add of item with id Magento_Catalog::catalog_categories was processed [] []
[2024-07-08T16:05:31.420785+00:00] main.DEBUG: Add of item with id Magento_Catalog::catalog_attributes_attributes was processed [] []
[2024-07-08T16:05:31.420806+00:00] main.DEBUG: Add of item with id Magento_Catalog::catalog_attributes_sets was processed [] []
[2024-07-08T16:05:31.420846+00:00] main.DEBUG: Add of item with id Magento_Catalog::inventory was processed [] []
[2024-07-08T16:05:31.420868+00:00] main.DEBUG: Add of item with id Magento_CatalogRule::promo was processed [] []
[2024-07-08T16:05:31.420897+00:00] main.DEBUG: Add of item with id Magento_CatalogRule::promo_catalog was processed [] []
[2024-07-08T16:05:31.420917+00:00] main.DEBUG: Add of item with id Magento_MediaGalleryUi::media was processed [] []
[2024-07-08T16:05:31.420946+00:00] main.DEBUG: Add of item with id Magento_MediaGalleryUi::media_gallery was processed [] []
[2024-07-08T16:05:31.420968+00:00] main.DEBUG: Add of item with id Magento_Sales::sales was processed [] []
[2024-07-08T16:05:31.420999+00:00] main.DEBUG: Add of item with id Magento_Sales::sales_operation was processed [] []
[2024-07-08T16:05:31.421029+00:00] main.DEBUG: Add of item with id Magento_Sales::sales_order was processed [] []
[2024-07-08T16:05:31.421050+00:00] main.DEBUG: Add of item with id Magento_Sales::sales_invoice was processed [] []
[2024-07-08T16:05:31.421070+00:00] main.DEBUG: Add of item with id Magento_Sales::sales_shipment was processed [] []
[2024-07-08T16:05:31.421090+00:00] main.DEBUG: Add of item with id Magento_Sales::sales_creditmemo was processed [] []
[2024-07-08T16:05:31.421109+00:00] main.DEBUG: Add of item with id Magento_Sales::sales_transactions was processed [] []
[2024-07-08T16:05:31.421138+00:00] main.DEBUG: Add of item with id Magento_Sales::system_order_statuses was processed [] []
[2024-07-08T16:05:31.421170+00:00] main.DEBUG: Add of item with id Magento_Widget::cms_widget_instance was processed [] []
[2024-07-08T16:05:31.421212+00:00] main.DEBUG: Add of item with id Magento_Analytics::business_intelligence was processed [] []
[2024-07-08T16:05:31.421252+00:00] main.DEBUG: Add of item with id Magento_Analytics::advanced_reporting was processed [] []
[2024-07-08T16:05:31.421285+00:00] main.DEBUG: Add of item with id Magento_Analytics::bi_essentials was processed [] []
[2024-07-08T16:05:31.421330+00:00] main.DEBUG: Add of item with id Magento_Downloadable::report_products_downloads was processed [] []
[2024-07-08T16:05:31.421376+00:00] main.DEBUG: Add of item with id Magento_Newsletter::newsletter_template was processed [] []
[2024-07-08T16:05:31.421414+00:00] main.DEBUG: Add of item with id Magento_Newsletter::newsletter_queue was processed [] []
[2024-07-08T16:05:31.421446+00:00] main.DEBUG: Add of item with id Magento_Newsletter::newsletter_subscriber was processed [] []
[2024-07-08T16:05:31.421494+00:00] main.DEBUG: Add of item with id Magento_Newsletter::newsletter_problem was processed [] []
[2024-07-08T16:05:31.421540+00:00] main.DEBUG: Add of item with id Magento_ImportExport::system_convert_import was processed [] []
[2024-07-08T16:05:31.421572+00:00] main.DEBUG: Add of item with id Magento_ImportExport::system_convert_export was processed [] []
[2024-07-08T16:05:31.421597+00:00] main.DEBUG: Add of item with id Magento_ImportExport::system_convert_history was processed [] []
[2024-07-08T16:05:31.421617+00:00] main.DEBUG: Add of item with id Magento_Email::template was processed [] []
[2024-07-08T16:05:31.421638+00:00] main.DEBUG: Add of item with id Magento_EncryptionKey::system_crypt_key was processed [] []
[2024-07-08T16:05:31.421658+00:00] main.DEBUG: Add of item with id Magento_InventoryAdminUi::inventory was processed [] []
[2024-07-08T16:05:31.421690+00:00] main.DEBUG: Add of item with id Magento_InventoryAdminUi::source was processed [] []
[2024-07-08T16:05:31.421713+00:00] main.DEBUG: Add of item with id Magento_InventoryAdminUi::stock was processed [] []
[2024-07-08T16:05:31.421733+00:00] main.DEBUG: Add of item with id Magento_Reports::report was processed [] []
[2024-07-08T16:05:31.421752+00:00] main.DEBUG: Add of item with id Magento_Reports::report_marketing was processed [] []
[2024-07-08T16:05:31.421771+00:00] main.DEBUG: Add of item with id Magento_Reports::report_salesroot was processed [] []
[2024-07-08T16:05:31.421810+00:00] main.DEBUG: Add of item with id Magento_Reports::report_salesroot_sales was processed [] []
[2024-07-08T16:05:31.421831+00:00] main.DEBUG: Add of item with id Magento_Reports::report_salesroot_tax was processed [] []
[2024-07-08T16:05:31.421855+00:00] main.DEBUG: Add of item with id Magento_Reports::report_salesroot_invoiced was processed [] []
[2024-07-08T16:05:31.421882+00:00] main.DEBUG: Add of item with id Magento_Reports::report_salesroot_shipping was processed [] []
[2024-07-08T16:05:31.421911+00:00] main.DEBUG: Add of item with id Magento_Reports::report_salesroot_refunded was processed [] []
[2024-07-08T16:05:31.421990+00:00] main.DEBUG: Add of item with id Magento_Reports::report_salesroot_coupons was processed [] []
[2024-07-08T16:05:31.422035+00:00] main.DEBUG: Add of item with id Magento_Reports::report_shopcart_product was processed [] []
[2024-07-08T16:05:31.422069+00:00] main.DEBUG: Add of item with id Magento_Reports::report_shopcart_abandoned was processed [] []
[2024-07-08T16:05:31.422098+00:00] main.DEBUG: Add of item with id Magento_Reports::report_products was processed [] []
[2024-07-08T16:05:31.422126+00:00] main.DEBUG: Add of item with id Magento_Reports::report_products_bestsellers was processed [] []
[2024-07-08T16:05:31.422157+00:00] main.DEBUG: Add of item with id Magento_Reports::report_products_sold was processed [] []
[2024-07-08T16:05:31.422185+00:00] main.DEBUG: Add of item with id Magento_Reports::report_products_viewed was processed [] []
[2024-07-08T16:05:31.422219+00:00] main.DEBUG: Add of item with id Magento_Reports::report_products_lowstock was processed [] []
[2024-07-08T16:05:31.422247+00:00] main.DEBUG: Add of item with id Magento_Reports::report_customers was processed [] []
[2024-07-08T16:05:31.422316+00:00] main.DEBUG: Add of item with id Magento_Reports::report_customers_accounts was processed [] []
[2024-07-08T16:05:31.422352+00:00] main.DEBUG: Add of item with id Magento_Reports::report_customers_totals was processed [] []
[2024-07-08T16:05:31.422383+00:00] main.DEBUG: Add of item with id Magento_Reports::report_customers_orders was processed [] []
[2024-07-08T16:05:31.422415+00:00] main.DEBUG: Add of item with id Magento_Reports::report_statistics was processed [] []
[2024-07-08T16:05:31.422468+00:00] main.DEBUG: Add of item with id Magento_Reports::report_statistics_refresh was processed [] []
[2024-07-08T16:05:31.422506+00:00] main.DEBUG: Add of item with id Magento_Search::report_search_term was processed [] []
[2024-07-08T16:05:31.422541+00:00] main.DEBUG: Add of item with id Magento_LoginAsCustomerLog::login_log was processed [] []
[2024-07-08T16:05:31.422573+00:00] main.DEBUG: Add of item with id Magento_Marketplace::partners was processed [] []
[2024-07-08T16:05:31.422607+00:00] main.DEBUG: Add of item with id Magento_SalesRule::promo_quote was processed [] []
[2024-07-08T16:05:31.422641+00:00] main.DEBUG: Add of item with id Magento_Sitemap::catalog_sitemap was processed [] []
[2024-07-08T16:05:31.422672+00:00] main.DEBUG: Add of item with id Magento_PageBuilder::templates was processed [] []
[2024-07-08T16:05:31.422704+00:00] main.DEBUG: Add of item with id Magento_Paypal::report_salesroot_paypal_settlement_reports was processed [] []
[2024-07-08T16:05:31.422741+00:00] main.DEBUG: Add of item with id Magento_Paypal::paypal_billing_agreement was processed [] []
[2024-07-08T16:05:31.422779+00:00] main.DEBUG: Add of item with id Magento_CheckoutAgreements::sales_checkoutagreement was processed [] []
[2024-07-08T16:05:31.422815+00:00] main.DEBUG: Add of item with id Magento_Review::catalog_reviews_ratings_ratings was processed [] []
[2024-07-08T16:05:31.422871+00:00] main.DEBUG: Add of item with id Magento_Review::catalog_reviews_ratings_pending was processed [] []
[2024-07-08T16:05:31.422904+00:00] main.DEBUG: Add of item with id Magento_Review::catalog_reviews_ratings_reviews_all was processed [] []
[2024-07-08T16:05:31.422935+00:00] main.DEBUG: Add of item with id Magento_Review::report_review was processed [] []
[2024-07-08T16:05:31.422995+00:00] main.DEBUG: Add of item with id Magento_Review::report_review_customer was processed [] []
[2024-07-08T16:05:31.423039+00:00] main.DEBUG: Add of item with id Magento_Review::report_review_product was processed [] []
[2024-07-08T16:05:31.423066+00:00] main.DEBUG: Add of item with id Magento_UrlRewrite::urlrewrite was processed [] []
[2024-07-08T16:05:31.423087+00:00] main.DEBUG: Add of item with id Magento_PaymentServicesDashboard::paymentservicesdashboard was processed [] []
[2024-07-08T16:05:31.423107+00:00] main.DEBUG: Add of item with id Magento_ServicesId::configuration was processed [] []
[2024-07-08T16:05:31.423139+00:00] main.DEBUG: Add of item with id Magento_ServicesId::services_id was processed [] []
[2024-07-08T16:05:31.423162+00:00] main.DEBUG: Add of item with id Magento_Tax::sales_tax was processed [] []
[2024-07-08T16:05:31.423192+00:00] main.DEBUG: Add of item with id Magento_Tax::sales_tax_rules was processed [] []
[2024-07-08T16:05:31.423214+00:00] main.DEBUG: Add of item with id Magento_Tax::sales_tax_rates was processed [] []
[2024-07-08T16:05:31.423236+00:00] main.DEBUG: Add of item with id Magento_TaxImportExport::system_convert_tax was processed [] []
[2024-07-08T16:05:31.423255+00:00] main.DEBUG: Add of item with id Magento_AsynchronousOperations::system_magento_logging was processed [] []
[2024-07-08T16:05:31.423284+00:00] main.DEBUG: Add of item with id Magento_AsynchronousOperations::system_magento_logging_bulk_operations was processed [] []
[2024-07-08T16:05:31.423306+00:00] main.DEBUG: Add of item with id Magento_CurrencySymbol::system_currency was processed [] []
[2024-07-08T16:05:31.423334+00:00] main.DEBUG: Add of item with id Magento_CurrencySymbol::system_currency_rates was processed [] []
[2024-07-08T16:05:31.423355+00:00] main.DEBUG: Add of item with id Magento_CurrencySymbol::system_currency_symbols was processed [] []
[2024-07-08T16:05:31.423374+00:00] main.DEBUG: Add of item with id PayPal_Braintree::settlement_report was processed [] []
[2024-07-08T16:05:31.423394+00:00] main.DEBUG: Add of item with id PayPal_Braintree::virtual_terminal was processed [] []
[2024-07-08T16:05:39.021307+00:00] main.INFO: Broken reference: the 'notification.messages' tries to reorder itself towards 'user', but their parents are different: 'header.inner.right' and 'header' respectively. [] []
[2024-07-08T16:05:51.976636+00:00] main.ERROR: Unable to resolve the source file for 'adminhtml/Magento/backend/en_US/underscore-umd.js.map' [] []
[2024-07-08T16:05:51.976876+00:00] main.CRITICAL: Unable to resolve the source file for 'adminhtml/Magento/backend/en_US/underscore-umd.js.map' [] []
[2024-07-08T16:05:53.672058+00:00] main.INFO: Broken reference: the 'notification.messages' tries to reorder itself towards 'user', but their parents are different: 'header.inner.right' and 'header' respectively. [] []
[2024-07-08T16:05:54.436870+00:00] main.INFO: Broken reference: the 'notification.messages' tries to reorder itself towards 'user', but their parents are different: 'header.inner.right' and 'header' respectively. [] []
[2024-07-08T16:05:57.457174+00:00] main.ERROR: Unable to resolve the source file for 'adminhtml/Magento/backend/en_US/underscore-umd.js.map' [] []
[2024-07-08T16:05:57.457421+00:00] main.CRITICAL: Unable to resolve the source file for 'adminhtml/Magento/backend/en_US/underscore-umd.js.map' [] []
[2024-07-08T16:06:15.121134+00:00] main.INFO: Broken reference: the 'notification.messages' tries to reorder itself towards 'user', but their parents are different: 'header.inner.right' and 'header' respectively. [] []
[2024-07-08T17:26:27.010213+00:00] main.INFO: Broken reference: the 'catalog.compare.sidebar' element cannot be added as child to 'sidebar.additional', because the latter doesn't exist [] []
[2024-07-08T17:26:27.010435+00:00] main.INFO: Broken reference: the 'sale.reorder.sidebar' element cannot be added as child to 'sidebar.additional', because the latter doesn't exist [] []
[2024-07-08T17:26:27.010572+00:00] main.INFO: Broken reference: the 'wishlist_sidebar' element cannot be added as child to 'sidebar.additional', because the latter doesn't exist [] []
[2024-07-08T17:26:27.010638+00:00] main.INFO: Broken reference: the 'paypal.partner.right.logo' element cannot be added as child to 'sidebar.additional', because the latter doesn't exist [] []
[2024-07-08T17:26:27.010689+00:00] main.INFO: Broken reference: the 'bml.right.logo' element cannot be added as child to 'sidebar.additional', because the latter doesn't exist [] []
[2024-07-08T17:26:27.010740+00:00] main.INFO: Broken reference: the 'sidebar.container.paylater' element cannot be added as child to 'sidebar.additional', because the latter doesn't exist [] []
[2024-07-09T01:23:31.866491+00:00] main.DEBUG: cache_invalidate:  {"method":"GET","url":"http:/","invalidateInfo":{"tags":["FPC"],"mode":"matchingTag"}} []
[2024-07-09T01:23:38.855679+00:00] main.DEBUG: Source class "\Magento\ServiceProxy\Model" for "Magento\ServiceProxy\Model\Logger" generation does not exist. {"exception":"[object] (RuntimeException(code: 0): Source class \"\\Magento\\ServiceProxy\\Model\" for \"Magento\\ServiceProxy\\Model\\Logger\" generation does not exist. at /var/www/html/empyeorg/vendor/magento/framework/Code/Generator.php:223)"} []
[2024-07-09T01:24:13.993931+00:00] main.DEBUG: cache_invalidate:  {"method":"GET","url":"http:/","invalidateInfo":{"tags":["FPC"],"mode":"matchingTag"}} []
[2024-07-09T01:24:20.342486+00:00] main.DEBUG: Source class "\Magento\ServiceProxy\Model" for "Magento\ServiceProxy\Model\Logger" generation does not exist. {"exception":"[object] (RuntimeException(code: 0): Source class \"\\Magento\\ServiceProxy\\Model\" for \"Magento\\ServiceProxy\\Model\\Logger\" generation does not exist. at /var/www/html/empyeorg/vendor/magento/framework/Code/Generator.php:223)"} []
[2024-07-09T01:25:03.975107+00:00] main.DEBUG: cache_invalidate:  {"method":"GET","url":"http:/","invalidateInfo":{"tags":["FPC"],"mode":"matchingTag"}} []
[2024-07-09T01:25:10.458417+00:00] main.DEBUG: Source class "\Magento\ServiceProxy\Model" for "Magento\ServiceProxy\Model\Logger" generation does not exist. {"exception":"[object] (RuntimeException(code: 0): Source class \"\\Magento\\ServiceProxy\\Model\" for \"Magento\\ServiceProxy\\Model\\Logger\" generation does not exist. at /var/www/html/empyeorg/vendor/magento/framework/Code/Generator.php:223)"} []
[2024-07-09T01:25:14.332720+00:00] main.INFO: Broken reference: the 'catalog.compare.sidebar' element cannot be added as child to 'sidebar.additional', because the latter doesn't exist [] []
[2024-07-09T01:25:14.332910+00:00] main.INFO: Broken reference: the 'sale.reorder.sidebar' element cannot be added as child to 'sidebar.additional', because the latter doesn't exist [] []
[2024-07-09T01:25:14.333061+00:00] main.INFO: Broken reference: the 'wishlist_sidebar' element cannot be added as child to 'sidebar.additional', because the latter doesn't exist [] []
[2024-07-09T01:25:14.333141+00:00] main.INFO: Broken reference: the 'paypal.partner.right.logo' element cannot be added as child to 'sidebar.additional', because the latter doesn't exist [] []
[2024-07-09T01:25:14.333181+00:00] main.INFO: Broken reference: the 'bml.right.logo' element cannot be added as child to 'sidebar.additional', because the latter doesn't exist [] []
[2024-07-09T01:25:14.333217+00:00] main.INFO: Broken reference: the 'sidebar.container.paylater' element cannot be added as child to 'sidebar.additional', because the latter doesn't exist [] []
[2024-07-09T01:25:23.191973+00:00] main.INFO: Broken reference: the 'catalog.compare.sidebar' element cannot be added as child to 'sidebar.additional', because the latter doesn't exist [] []
[2024-07-09T01:25:23.192311+00:00] main.INFO: Broken reference: the 'sale.reorder.sidebar' element cannot be added as child to 'sidebar.additional', because the latter doesn't exist [] []
[2024-07-09T01:25:23.192544+00:00] main.INFO: Broken reference: the 'wishlist_sidebar' element cannot be added as child to 'sidebar.additional', because the latter doesn't exist [] []
[2024-07-09T01:25:23.192639+00:00] main.INFO: Broken reference: the 'paypal.partner.right.logo' element cannot be added as child to 'sidebar.additional', because the latter doesn't exist [] []
[2024-07-09T01:25:23.192715+00:00] main.INFO: Broken reference: the 'bml.right.logo' element cannot be added as child to 'sidebar.additional', because the latter doesn't exist [] []
[2024-07-09T01:25:23.192752+00:00] main.INFO: Broken reference: the 'sidebar.container.paylater' element cannot be added as child to 'sidebar.additional', because the latter doesn't exist [] []
[2024-07-09T01:38:56.243297+00:00] main.ERROR: Unable to resolve the source file for 'frontend/Magento/luma/en_US/underscore-umd.js.map' [] []
[2024-07-09T01:38:56.243561+00:00] main.CRITICAL: Unable to resolve the source file for 'frontend/Magento/luma/en_US/underscore-umd.js.map' [] []
[2024-07-09T01:42:51.176954+00:00] main.INFO: Broken reference: the 'tracking' element cannot be added as child to 'header', because the latter doesn't exist [] []
[2024-07-09T01:42:51.177145+00:00] main.INFO: Broken reference: the 'notification_area' element cannot be added as child to 'notifications', because the latter doesn't exist [] []
[2024-07-09T01:42:51.177190+00:00] main.INFO: Broken reference: the 'unread_system_messages' element cannot be added as child to 'notifications', because the latter doesn't exist [] []
[2024-07-09T01:42:51.177260+00:00] main.INFO: Broken reference: the 'notification_window' element cannot be added as child to 'notifications', because the latter doesn't exist [] []
[2024-07-09T01:42:51.177297+00:00] main.INFO: Broken reference: the 'notification.messages' element cannot be added as child to 'header', because the latter doesn't exist [] []
[2024-07-09T01:42:51.177336+00:00] main.INFO: Broken reference: the 'global_notices' element cannot be added as child to 'global.notices', because the latter doesn't exist [] []
[2024-07-09T01:42:51.177372+00:00] main.INFO: Broken reference: the 'logo' element cannot be added as child to 'header', because the latter doesn't exist [] []
[2024-07-09T01:42:51.177406+00:00] main.INFO: Broken reference: the 'global.search' element cannot be added as child to 'header', because the latter doesn't exist [] []
[2024-07-09T01:42:51.177441+00:00] main.INFO: Broken reference: the 'user' element cannot be added as child to 'header', because the latter doesn't exist [] []
[2024-07-09T01:42:51.177475+00:00] main.INFO: Broken reference: the 'menu' element cannot be added as child to 'page.menu', because the latter doesn't exist [] []
[2024-07-09T01:42:51.177509+00:00] main.INFO: Broken reference: the 'breadcrumbs' element cannot be added as child to 'page.breadcrumbs', because the latter doesn't exist [] []
[2024-07-09T01:42:51.177541+00:00] main.INFO: Broken reference: the 'formkey' element cannot be added as child to 'page.formkey', because the latter doesn't exist [] []
[2024-07-09T01:42:51.177574+00:00] main.INFO: Broken reference: the 'page.title' element cannot be added as child to 'main.top', because the latter doesn't exist [] []
[2024-07-09T01:42:51.177607+00:00] main.INFO: Broken reference: the 'messages' element cannot be added as child to 'page.messages', because the latter doesn't exist [] []
[2024-07-09T01:42:51.177639+00:00] main.INFO: Broken reference: the 'page.actions.toolbar' element cannot be added as child to 'page.main.actions', because the latter doesn't exist [] []
[2024-07-09T01:42:51.177673+00:00] main.INFO: Broken reference: the 'legal' element cannot be added as child to 'footer', because the latter doesn't exist [] []
[2024-07-09T01:42:51.177751+00:00] main.INFO: Broken reference: the 'header.inner.left' element cannot be added as child to 'header', because the latter doesn't exist [] []
[2024-07-09T01:42:51.177790+00:00] main.INFO: Broken reference: the 'header.inner.right' element cannot be added as child to 'header', because the latter doesn't exist [] []
[2024-07-09T01:42:51.177858+00:00] main.INFO: Broken reference: the 'user' tries to reorder itself towards '', but their parents are different: 'header' and '' respectively. [] []
[2024-07-09T01:42:51.177902+00:00] main.INFO: Broken reference: the 'notification.messages' tries to reorder itself towards 'user', but their parents are different: 'header' and '' respectively. [] []
[2024-07-09T01:42:51.177937+00:00] main.INFO: Broken reference: the 'logo' tries to reorder itself towards '', but their parents are different: 'header' and '' respectively. [] []
[2024-07-09T01:42:51.177992+00:00] main.INFO: Broken reference: the 'global.search' tries to reorder itself towards 'logo', but their parents are different: 'header' and '' respectively. [] []
[2024-07-09T01:42:51.178026+00:00] main.INFO: Broken reference: the 'page.actions.toolbar' tries to reorder itself towards '', but their parents are different: 'page.main.actions' and '' respectively. [] []
[2024-07-09T01:42:51.178076+00:00] main.INFO: Broken reference: the 'header.inner.left' tries to reorder itself towards '', but their parents are different: 'header' and '' respectively. [] []
[2024-07-09T01:42:51.178113+00:00] main.INFO: Broken reference: the 'header.inner.right' tries to reorder itself towards 'header.inner.left', but their parents are different: 'header' and '' respectively. [] []
[2024-07-09T01:42:51.178160+00:00] main.INFO: Broken reference: the 'notification.messages' tries to reorder itself towards 'user', but their parents are different: 'header.inner.right' and '' respectively. [] []
[2024-07-09T01:42:55.983406+00:00] main.DEBUG: cache_invalidate:  {"method":"POST","url":"https://www.empye.org/admin_7dem37w","invalidateInfo":{"tags":["BACKEND_MAINMENU"],"mode":"matchingAnyTag"}} []
[2024-07-09T01:42:56.055854+00:00] main.DEBUG: cache_invalidate:  {"method":"POST","url":"https://www.empye.org/admin_7dem37w","invalidateInfo":{"tags":["PB_EDITOR_CONFIG","CONFIG"],"mode":"matchingTag"}} []
[2024-07-09T01:42:56.070000+00:00] main.DEBUG: Item Magento_Backend::system_currency was removed [] []
[2024-07-09T01:42:56.076347+00:00] main.DEBUG: Add of item with id Magento_Config::system_config was processed [] []
[2024-07-09T01:42:56.076472+00:00] main.DEBUG: Add of item with id Magento_AdminNotification::system_adminnotification was processed [] []
[2024-07-09T01:42:56.076511+00:00] main.DEBUG: Add of item with id Magento_Theme::design_config was processed [] []
[2024-07-09T01:42:56.076535+00:00] main.DEBUG: Add of item with id Magento_Theme::system_design_theme was processed [] []
[2024-07-09T01:42:56.076555+00:00] main.DEBUG: Add of item with id Magento_Backend::system_design_schedule was processed [] []
[2024-07-09T01:42:56.076579+00:00] main.DEBUG: Add of item with id Magento_Backend::system_store was processed [] []
[2024-07-09T01:42:56.076598+00:00] main.DEBUG: Add of item with id Magento_Backend::dashboard was processed [] []
[2024-07-09T01:42:56.076617+00:00] main.DEBUG: Add of item with id Magento_Backend::system was processed [] []
[2024-07-09T01:42:56.076646+00:00] main.DEBUG: Add of item with id Magento_Backend::system_tools was processed [] []
[2024-07-09T01:42:56.076676+00:00] main.DEBUG: Add of item with id Magento_Backend::system_design was processed [] []
[2024-07-09T01:42:56.076698+00:00] main.DEBUG: Add of item with id Magento_Backend::system_convert was processed [] []
[2024-07-09T01:42:56.076726+00:00] main.DEBUG: Add of item with id Magento_Backend::system_cache was processed [] []
[2024-07-09T01:42:56.076748+00:00] main.DEBUG: Add of item with id Magento_Backend::marketing was processed [] []
[2024-07-09T01:42:56.076776+00:00] main.DEBUG: Add of item with id Magento_Backend::marketing_communications was processed [] []
[2024-07-09T01:42:56.076796+00:00] main.DEBUG: Add of item with id Magento_Backend::marketing_seo was processed [] []
[2024-07-09T01:42:56.076815+00:00] main.DEBUG: Add of item with id Magento_Backend::marketing_user_content was processed [] []
[2024-07-09T01:42:56.076837+00:00] main.DEBUG: Add of item with id Magento_Backend::content was processed [] []
[2024-07-09T01:42:56.076863+00:00] main.DEBUG: Add of item with id Magento_Backend::content_elements was processed [] []
[2024-07-09T01:42:56.076883+00:00] main.DEBUG: Add of item with id Magento_Backend::stores was processed [] []
[2024-07-09T01:42:56.076933+00:00] main.DEBUG: Add of item with id Magento_Backend::stores_settings was processed [] []
[2024-07-09T01:42:56.076954+00:00] main.DEBUG: Add of item with id Magento_Backend::stores_attributes was processed [] []
[2024-07-09T01:42:56.076975+00:00] main.DEBUG: Add of item with id Magento_Backend::other_settings was processed [] []
[2024-07-09T01:42:56.077000+00:00] main.DEBUG: Add of item with id Magento_Backend::system_other_settings was processed [] []
[2024-07-09T01:42:56.077019+00:00] main.DEBUG: Add of item with id Magento_User::system_acl was processed [] []
[2024-07-09T01:42:56.077048+00:00] main.DEBUG: Add of item with id Magento_User::system_acl_users was processed [] []
[2024-07-09T01:42:56.077068+00:00] main.DEBUG: Add of item with id Magento_User::system_acl_roles was processed [] []
[2024-07-09T01:42:56.077087+00:00] main.DEBUG: Add of item with id Magento_User::system_acl_locks was processed [] []
[2024-07-09T01:42:56.077105+00:00] main.DEBUG: Add of item with id Magento_Customer::customer was processed [] []
[2024-07-09T01:42:56.077147+00:00] main.DEBUG: Add of item with id Magento_Customer::customer_manage was processed [] []
[2024-07-09T01:42:56.077182+00:00] main.DEBUG: Add of item with id Magento_Customer::customer_online was processed [] []
[2024-07-09T01:42:56.077212+00:00] main.DEBUG: Add of item with id Magento_Customer::customer_group was processed [] []
[2024-07-09T01:42:56.077237+00:00] main.DEBUG: Add of item with id Magento_Backup::system_tools_backup was processed [] []
[2024-07-09T01:42:56.077268+00:00] main.DEBUG: Add of item with id Magento_Indexer::system_index was processed [] []
[2024-07-09T01:42:56.077297+00:00] main.DEBUG: Add of item with id Magento_Variable::system_variable was processed [] []
[2024-07-09T01:42:56.077347+00:00] main.DEBUG: Add of item with id Magento_Cms::cms_page was processed [] []
[2024-07-09T01:42:56.077386+00:00] main.DEBUG: Add of item with id Magento_Cms::cms_block was processed [] []
[2024-07-09T01:42:56.077421+00:00] main.DEBUG: Add of item with id Magento_Integration::system_extensions was processed [] []
[2024-07-09T01:42:56.077468+00:00] main.DEBUG: Add of item with id Magento_Integration::system_integrations was processed [] []
[2024-07-09T01:42:56.077501+00:00] main.DEBUG: Add of item with id Magento_Search::search_terms was processed [] []
[2024-07-09T01:42:56.077522+00:00] main.DEBUG: Add of item with id Magento_Search::search_synonyms was processed [] []
[2024-07-09T01:42:56.077542+00:00] main.DEBUG: Add of item with id Magento_Catalog::catalog was processed [] []
[2024-07-09T01:42:56.077571+00:00] main.DEBUG: Add of item with id Magento_Catalog::catalog_products was processed [] []
[2024-07-09T01:42:56.077592+00:00] main.DEBUG: Add of item with id Magento_Catalog::catalog_categories was processed [] []
[2024-07-09T01:42:56.077621+00:00] main.DEBUG: Add of item with id Magento_Catalog::catalog_attributes_attributes was processed [] []
[2024-07-09T01:42:56.077646+00:00] main.DEBUG: Add of item with id Magento_Catalog::catalog_attributes_sets was processed [] []
[2024-07-09T01:42:56.077690+00:00] main.DEBUG: Add of item with id Magento_Catalog::inventory was processed [] []
[2024-07-09T01:42:56.077726+00:00] main.DEBUG: Add of item with id Magento_CatalogRule::promo was processed [] []
[2024-07-09T01:42:56.077771+00:00] main.DEBUG: Add of item with id Magento_CatalogRule::promo_catalog was processed [] []
[2024-07-09T01:42:56.077806+00:00] main.DEBUG: Add of item with id Magento_MediaGalleryUi::media was processed [] []
[2024-07-09T01:42:56.077856+00:00] main.DEBUG: Add of item with id Magento_MediaGalleryUi::media_gallery was processed [] []
[2024-07-09T01:42:56.077898+00:00] main.DEBUG: Add of item with id Magento_Sales::sales was processed [] []
[2024-07-09T01:42:56.077971+00:00] main.DEBUG: Add of item with id Magento_Sales::sales_operation was processed [] []
[2024-07-09T01:42:56.078005+00:00] main.DEBUG: Add of item with id Magento_Sales::sales_order was processed [] []
[2024-07-09T01:42:56.078038+00:00] main.DEBUG: Add of item with id Magento_Sales::sales_invoice was processed [] []
[2024-07-09T01:42:56.078059+00:00] main.DEBUG: Add of item with id Magento_Sales::sales_shipment was processed [] []
[2024-07-09T01:42:56.078089+00:00] main.DEBUG: Add of item with id Magento_Sales::sales_creditmemo was processed [] []
[2024-07-09T01:42:56.078124+00:00] main.DEBUG: Add of item with id Magento_Sales::sales_transactions was processed [] []
[2024-07-09T01:42:56.078157+00:00] main.DEBUG: Add of item with id Magento_Sales::system_order_statuses was processed [] []
[2024-07-09T01:42:56.078181+00:00] main.DEBUG: Add of item with id Magento_Widget::cms_widget_instance was processed [] []
[2024-07-09T01:42:56.078234+00:00] main.DEBUG: Add of item with id Magento_Analytics::business_intelligence was processed [] []
[2024-07-09T01:42:56.078273+00:00] main.DEBUG: Add of item with id Magento_Analytics::advanced_reporting was processed [] []
[2024-07-09T01:42:56.078298+00:00] main.DEBUG: Add of item with id Magento_Analytics::bi_essentials was processed [] []
[2024-07-09T01:42:56.078328+00:00] main.DEBUG: Add of item with id Magento_Downloadable::report_products_downloads was processed [] []
[2024-07-09T01:42:56.078358+00:00] main.DEBUG: Add of item with id Magento_Newsletter::newsletter_template was processed [] []
[2024-07-09T01:42:56.078391+00:00] main.DEBUG: Add of item with id Magento_Newsletter::newsletter_queue was processed [] []
[2024-07-09T01:42:56.078421+00:00] main.DEBUG: Add of item with id Magento_Newsletter::newsletter_subscriber was processed [] []
[2024-07-09T01:42:56.078465+00:00] main.DEBUG: Add of item with id Magento_Newsletter::newsletter_problem was processed [] []
[2024-07-09T01:42:56.078504+00:00] main.DEBUG: Add of item with id Magento_ImportExport::system_convert_import was processed [] []
[2024-07-09T01:42:56.078526+00:00] main.DEBUG: Add of item with id Magento_ImportExport::system_convert_export was processed [] []
[2024-07-09T01:42:56.078544+00:00] main.DEBUG: Add of item with id Magento_ImportExport::system_convert_history was processed [] []
[2024-07-09T01:42:56.078563+00:00] main.DEBUG: Add of item with id Magento_Email::template was processed [] []
[2024-07-09T01:42:56.078582+00:00] main.DEBUG: Add of item with id Magento_EncryptionKey::system_crypt_key was processed [] []
[2024-07-09T01:42:56.078610+00:00] main.DEBUG: Add of item with id Magento_InventoryAdminUi::inventory was processed [] []
[2024-07-09T01:42:56.078652+00:00] main.DEBUG: Add of item with id Magento_InventoryAdminUi::source was processed [] []
[2024-07-09T01:42:56.078675+00:00] main.DEBUG: Add of item with id Magento_InventoryAdminUi::stock was processed [] []
[2024-07-09T01:42:56.078700+00:00] main.DEBUG: Add of item with id Magento_Reports::report was processed [] []
[2024-07-09T01:42:56.078728+00:00] main.DEBUG: Add of item with id Magento_Reports::report_marketing was processed [] []
[2024-07-09T01:42:56.078748+00:00] main.DEBUG: Add of item with id Magento_Reports::report_salesroot was processed [] []
[2024-07-09T01:42:56.078779+00:00] main.DEBUG: Add of item with id Magento_Reports::report_salesroot_sales was processed [] []
[2024-07-09T01:42:56.078803+00:00] main.DEBUG: Add of item with id Magento_Reports::report_salesroot_tax was processed [] []
[2024-07-09T01:42:56.078823+00:00] main.DEBUG: Add of item with id Magento_Reports::report_salesroot_invoiced was processed [] []
[2024-07-09T01:42:56.078841+00:00] main.DEBUG: Add of item with id Magento_Reports::report_salesroot_shipping was processed [] []
[2024-07-09T01:42:56.078860+00:00] main.DEBUG: Add of item with id Magento_Reports::report_salesroot_refunded was processed [] []
[2024-07-09T01:42:56.078878+00:00] main.DEBUG: Add of item with id Magento_Reports::report_salesroot_coupons was processed [] []
[2024-07-09T01:42:56.078896+00:00] main.DEBUG: Add of item with id Magento_Reports::report_shopcart_product was processed [] []
[2024-07-09T01:42:56.078913+00:00] main.DEBUG: Add of item with id Magento_Reports::report_shopcart_abandoned was processed [] []
[2024-07-09T01:42:56.078940+00:00] main.DEBUG: Add of item with id Magento_Reports::report_products was processed [] []
[2024-07-09T01:42:56.078959+00:00] main.DEBUG: Add of item with id Magento_Reports::report_products_bestsellers was processed [] []
[2024-07-09T01:42:56.078978+00:00] main.DEBUG: Add of item with id Magento_Reports::report_products_sold was processed [] []
[2024-07-09T01:42:56.078995+00:00] main.DEBUG: Add of item with id Magento_Reports::report_products_viewed was processed [] []
[2024-07-09T01:42:56.079020+00:00] main.DEBUG: Add of item with id Magento_Reports::report_products_lowstock was processed [] []
[2024-07-09T01:42:56.079047+00:00] main.DEBUG: Add of item with id Magento_Reports::report_customers was processed [] []
[2024-07-09T01:42:56.079094+00:00] main.DEBUG: Add of item with id Magento_Reports::report_customers_accounts was processed [] []
[2024-07-09T01:42:56.079137+00:00] main.DEBUG: Add of item with id Magento_Reports::report_customers_totals was processed [] []
[2024-07-09T01:42:56.079170+00:00] main.DEBUG: Add of item with id Magento_Reports::report_customers_orders was processed [] []
[2024-07-09T01:42:56.079190+00:00] main.DEBUG: Add of item with id Magento_Reports::report_statistics was processed [] []
[2024-07-09T01:42:56.079223+00:00] main.DEBUG: Add of item with id Magento_Reports::report_statistics_refresh was processed [] []
[2024-07-09T01:42:56.079244+00:00] main.DEBUG: Add of item with id Magento_Search::report_search_term was processed [] []
[2024-07-09T01:42:56.079270+00:00] main.DEBUG: Add of item with id Magento_LoginAsCustomerLog::login_log was processed [] []
[2024-07-09T01:42:56.079302+00:00] main.DEBUG: Add of item with id Magento_Marketplace::partners was processed [] []
[2024-07-09T01:42:56.079334+00:00] main.DEBUG: Add of item with id Magento_SalesRule::promo_quote was processed [] []
[2024-07-09T01:42:56.079366+00:00] main.DEBUG: Add of item with id Magento_Sitemap::catalog_sitemap was processed [] []
[2024-07-09T01:42:56.079393+00:00] main.DEBUG: Add of item with id Magento_PageBuilder::templates was processed [] []
[2024-07-09T01:42:56.079416+00:00] main.DEBUG: Add of item with id Magento_Paypal::report_salesroot_paypal_settlement_reports was processed [] []
[2024-07-09T01:42:56.079456+00:00] main.DEBUG: Add of item with id Magento_Paypal::paypal_billing_agreement was processed [] []
[2024-07-09T01:42:56.079480+00:00] main.DEBUG: Add of item with id Magento_CheckoutAgreements::sales_checkoutagreement was processed [] []
[2024-07-09T01:42:56.079499+00:00] main.DEBUG: Add of item with id Magento_Review::catalog_reviews_ratings_ratings was processed [] []
[2024-07-09T01:42:56.079536+00:00] main.DEBUG: Add of item with id Magento_Review::catalog_reviews_ratings_pending was processed [] []
[2024-07-09T01:42:56.079558+00:00] main.DEBUG: Add of item with id Magento_Review::catalog_reviews_ratings_reviews_all was processed [] []
[2024-07-09T01:42:56.079578+00:00] main.DEBUG: Add of item with id Magento_Review::report_review was processed [] []
[2024-07-09T01:42:56.079608+00:00] main.DEBUG: Add of item with id Magento_Review::report_review_customer was processed [] []
[2024-07-09T01:42:56.079641+00:00] main.DEBUG: Add of item with id Magento_Review::report_review_product was processed [] []
[2024-07-09T01:42:56.079677+00:00] main.DEBUG: Add of item with id Magento_UrlRewrite::urlrewrite was processed [] []
[2024-07-09T01:42:56.079708+00:00] main.DEBUG: Add of item with id Magento_PaymentServicesDashboard::paymentservicesdashboard was processed [] []
[2024-07-09T01:42:56.079740+00:00] main.DEBUG: Add of item with id Magento_ServicesId::configuration was processed [] []
[2024-07-09T01:42:56.079779+00:00] main.DEBUG: Add of item with id Magento_ServicesId::services_id was processed [] []
[2024-07-09T01:42:56.079801+00:00] main.DEBUG: Add of item with id Magento_Tax::sales_tax was processed [] []
[2024-07-09T01:42:56.079833+00:00] main.DEBUG: Add of item with id Magento_Tax::sales_tax_rules was processed [] []
[2024-07-09T01:42:56.079854+00:00] main.DEBUG: Add of item with id Magento_Tax::sales_tax_rates was processed [] []
[2024-07-09T01:42:56.079883+00:00] main.DEBUG: Add of item with id Magento_TaxImportExport::system_convert_tax was processed [] []
[2024-07-09T01:42:56.079903+00:00] main.DEBUG: Add of item with id Magento_AsynchronousOperations::system_magento_logging was processed [] []
[2024-07-09T01:42:56.079932+00:00] main.DEBUG: Add of item with id Magento_AsynchronousOperations::system_magento_logging_bulk_operations was processed [] []
[2024-07-09T01:42:56.079954+00:00] main.DEBUG: Add of item with id Magento_CurrencySymbol::system_currency was processed [] []
[2024-07-09T01:42:56.079985+00:00] main.DEBUG: Add of item with id Magento_CurrencySymbol::system_currency_rates was processed [] []
[2024-07-09T01:42:56.080007+00:00] main.DEBUG: Add of item with id Magento_CurrencySymbol::system_currency_symbols was processed [] []
[2024-07-09T01:42:56.080026+00:00] main.DEBUG: Add of item with id PayPal_Braintree::settlement_report was processed [] []
[2024-07-09T01:42:56.080045+00:00] main.DEBUG: Add of item with id PayPal_Braintree::virtual_terminal was processed [] []
[2024-07-09T01:42:57.846751+00:00] main.INFO: Broken reference: the 'notification.messages' tries to reorder itself towards 'user', but their parents are different: 'header.inner.right' and 'header' respectively. [] []
[2024-07-09T01:43:11.005795+00:00] main.DEBUG: cache_invalidate:  {"method":"POST","url":"https://www.empye.org/admin_7dem37w/adminAnalytics/config/disableAdminUsage/key/3a68fd19b4259f4572171cfe7314a45b90249e234a07d32ef420b48697795c50/?isAjax=true","invalidateInfo":{"tags":["gql_store_config_1","FPC"],"mode":"matchingTag"}} []
[2024-07-09T01:43:11.329286+00:00] main.DEBUG: cache_invalidate:  {"method":"POST","url":"https://www.empye.org/admin_7dem37w/adminAnalytics/config/disableAdminUsage/key/3a68fd19b4259f4572171cfe7314a45b90249e234a07d32ef420b48697795c50/?isAjax=true","invalidateInfo":{"tags":["gql_store_config_1","FPC"],"mode":"matchingTag"}} []
[2024-07-09T01:43:16.314074+00:00] main.INFO: Broken reference: the 'notification.messages' tries to reorder itself towards 'user', but their parents are different: 'header.inner.right' and 'header' respectively. [] []
[2024-07-09T02:40:51.146222+00:00] main.INFO: Broken reference: the 'tracking' element cannot be added as child to 'header', because the latter doesn't exist [] []
[2024-07-09T02:40:51.146936+00:00] main.INFO: Broken reference: the 'notification_area' element cannot be added as child to 'notifications', because the latter doesn't exist [] []
[2024-07-09T02:40:51.147017+00:00] main.INFO: Broken reference: the 'unread_system_messages' element cannot be added as child to 'notifications', because the latter doesn't exist [] []
[2024-07-09T02:40:51.147078+00:00] main.INFO: Broken reference: the 'notification_window' element cannot be added as child to 'notifications', because the latter doesn't exist [] []
[2024-07-09T02:40:51.147137+00:00] main.INFO: Broken reference: the 'notification.messages' element cannot be added as child to 'header', because the latter doesn't exist [] []
[2024-07-09T02:40:51.147206+00:00] main.INFO: Broken reference: the 'global_notices' element cannot be added as child to 'global.notices', because the latter doesn't exist [] []
[2024-07-09T02:40:51.147261+00:00] main.INFO: Broken reference: the 'logo' element cannot be added as child to 'header', because the latter doesn't exist [] []
[2024-07-09T02:40:51.147318+00:00] main.INFO: Broken reference: the 'global.search' element cannot be added as child to 'header', because the latter doesn't exist [] []
[2024-07-09T02:40:51.147375+00:00] main.INFO: Broken reference: the 'user' element cannot be added as child to 'header', because the latter doesn't exist [] []
[2024-07-09T02:40:51.147429+00:00] main.INFO: Broken reference: the 'menu' element cannot be added as child to 'page.menu', because the latter doesn't exist [] []
[2024-07-09T02:40:51.147490+00:00] main.INFO: Broken reference: the 'breadcrumbs' element cannot be added as child to 'page.breadcrumbs', because the latter doesn't exist [] []
[2024-07-09T02:40:51.147569+00:00] main.INFO: Broken reference: the 'formkey' element cannot be added as child to 'page.formkey', because the latter doesn't exist [] []
[2024-07-09T02:40:51.147619+00:00] main.INFO: Broken reference: the 'page.title' element cannot be added as child to 'main.top', because the latter doesn't exist [] []
[2024-07-09T02:40:51.147673+00:00] main.INFO: Broken reference: the 'messages' element cannot be added as child to 'page.messages', because the latter doesn't exist [] []
[2024-07-09T02:40:51.147728+00:00] main.INFO: Broken reference: the 'page.actions.toolbar' element cannot be added as child to 'page.main.actions', because the latter doesn't exist [] []
[2024-07-09T02:40:51.147793+00:00] main.INFO: Broken reference: the 'legal' element cannot be added as child to 'footer', because the latter doesn't exist [] []
[2024-07-09T02:40:51.147944+00:00] main.INFO: Broken reference: the 'header.inner.left' element cannot be added as child to 'header', because the latter doesn't exist [] []
[2024-07-09T02:40:51.148005+00:00] main.INFO: Broken reference: the 'header.inner.right' element cannot be added as child to 'header', because the latter doesn't exist [] []
[2024-07-09T02:40:51.148127+00:00] main.INFO: Broken reference: the 'user' tries to reorder itself towards '', but their parents are different: 'header' and '' respectively. [] []
[2024-07-09T02:40:51.148192+00:00] main.INFO: Broken reference: the 'notification.messages' tries to reorder itself towards 'user', but their parents are different: 'header' and '' respectively. [] []
[2024-07-09T02:40:51.148270+00:00] main.INFO: Broken reference: the 'logo' tries to reorder itself towards '', but their parents are different: 'header' and '' respectively. [] []
[2024-07-09T02:40:51.148324+00:00] main.INFO: Broken reference: the 'global.search' tries to reorder itself towards 'logo', but their parents are different: 'header' and '' respectively. [] []
[2024-07-09T02:40:51.148378+00:00] main.INFO: Broken reference: the 'page.actions.toolbar' tries to reorder itself towards '', but their parents are different: 'page.main.actions' and '' respectively. [] []
[2024-07-09T02:40:51.148454+00:00] main.INFO: Broken reference: the 'header.inner.left' tries to reorder itself towards '', but their parents are different: 'header' and '' respectively. [] []
[2024-07-09T02:40:51.148505+00:00] main.INFO: Broken reference: the 'header.inner.right' tries to reorder itself towards 'header.inner.left', but their parents are different: 'header' and '' respectively. [] []
[2024-07-09T02:40:51.148575+00:00] main.INFO: Broken reference: the 'notification.messages' tries to reorder itself towards 'user', but their parents are different: 'header.inner.right' and '' respectively. [] []
[2024-07-09T02:40:53.907414+00:00] main.DEBUG: cache_invalidate:  {"method":"POST","url":"https://www.empye.org/admin_7dem37w/theme/design_config/index/key/a59399d212428a3e9ef138fed022b2bd2d3c38b9dd51c668449f946fcf0d468a/","invalidateInfo":{"tags":["BACKEND_MAINMENU"],"mode":"matchingAnyTag"}} []
[2024-07-09T02:40:53.927838+00:00] main.DEBUG: cache_invalidate:  {"method":"POST","url":"https://www.empye.org/admin_7dem37w/theme/design_config/index/key/a59399d212428a3e9ef138fed022b2bd2d3c38b9dd51c668449f946fcf0d468a/","invalidateInfo":{"tags":["PB_EDITOR_CONFIG","CONFIG"],"mode":"matchingTag"}} []
[2024-07-09T02:40:54.269455+00:00] main.INFO: Broken reference: the 'notification.messages' tries to reorder itself towards 'user', but their parents are different: 'header.inner.right' and 'header' respectively. [] []
[2024-07-09T02:41:01.112297+00:00] main.INFO: Broken reference: the 'notification.messages' tries to reorder itself towards 'user', but their parents are different: 'header.inner.right' and 'header' respectively. [] []
[2024-07-09T02:41:05.252854+00:00] main.INFO: Broken reference: the 'notification.messages' tries to reorder itself towards 'user', but their parents are different: 'header.inner.right' and 'header' respectively. [] []
[2024-07-09T02:41:11.127057+00:00] main.DEBUG: cache_invalidate:  {"method":"POST","url":"https://www.empye.org/admin_7dem37w/theme/design_config/save/key/9a2e9499423d266b3d38acdc09041f7ae5c37705ce8d9da3d75ecaa9aa2dfd2d/","invalidateInfo":{"tags":["gql_store_config_1","FPC"],"mode":"matchingTag"}} []
[2024-07-09T02:41:11.168842+00:00] main.DEBUG: cache_invalidate:  {"method":"POST","url":"https://www.empye.org/admin_7dem37w/theme/design_config/save/key/9a2e9499423d266b3d38acdc09041f7ae5c37705ce8d9da3d75ecaa9aa2dfd2d/","invalidateInfo":{"tags":["gql_store_config_1","FPC"],"mode":"matchingTag"}} []
[2024-07-09T02:41:11.631376+00:00] main.INFO: Broken reference: the 'notification.messages' tries to reorder itself towards 'user', but their parents are different: 'header.inner.right' and 'header' respectively. [] []
[2024-07-09T02:41:18.294647+00:00] main.INFO: Broken reference: the 'notification.messages' tries to reorder itself towards 'user', but their parents are different: 'header.inner.right' and 'header' respectively. [] []
[2024-07-09T02:41:22.348486+00:00] main.DEBUG: cache_invalidate:  {"method":"POST","url":"https://www.empye.org/admin_7dem37w/theme/design_config/save/key/9a2e9499423d266b3d38acdc09041f7ae5c37705ce8d9da3d75ecaa9aa2dfd2d/","invalidateInfo":{"tags":["gql_store_config_1","FPC"],"mode":"matchingTag"}} []
[2024-07-09T02:41:22.354907+00:00] main.DEBUG: cache_invalidate:  {"method":"POST","url":"https://www.empye.org/admin_7dem37w/theme/design_config/save/key/9a2e9499423d266b3d38acdc09041f7ae5c37705ce8d9da3d75ecaa9aa2dfd2d/","invalidateInfo":{"tags":["gql_store_config_1","FPC"],"mode":"matchingTag"}} []
[2024-07-09T02:41:22.769459+00:00] main.INFO: Broken reference: the 'notification.messages' tries to reorder itself towards 'user', but their parents are different: 'header.inner.right' and 'header' respectively. [] []
[2024-07-09T02:41:24.915353+00:00] main.INFO: Broken reference: the 'notification.messages' tries to reorder itself towards 'user', but their parents are different: 'header.inner.right' and 'header' respectively. [] []
[2024-07-09T02:41:28.589084+00:00] main.DEBUG: cache_invalidate:  {"method":"POST","url":"https://www.empye.org/admin_7dem37w/theme/design_config/save/key/9a2e9499423d266b3d38acdc09041f7ae5c37705ce8d9da3d75ecaa9aa2dfd2d/","invalidateInfo":{"tags":["gql_store_config_1","FPC"],"mode":"matchingTag"}} []
[2024-07-09T02:41:28.611689+00:00] main.DEBUG: cache_invalidate:  {"method":"POST","url":"https://www.empye.org/admin_7dem37w/theme/design_config/save/key/9a2e9499423d266b3d38acdc09041f7ae5c37705ce8d9da3d75ecaa9aa2dfd2d/","invalidateInfo":{"tags":["robots"],"mode":"matchingAnyTag"}} []
[2024-07-09T02:41:28.626548+00:00] main.DEBUG: cache_invalidate:  {"method":"POST","url":"https://www.empye.org/admin_7dem37w/theme/design_config/save/key/9a2e9499423d266b3d38acdc09041f7ae5c37705ce8d9da3d75ecaa9aa2dfd2d/","invalidateInfo":{"tags":["gql_store_config_1","FPC"],"mode":"matchingTag"}} []
[2024-07-09T02:41:29.068733+00:00] main.INFO: Broken reference: the 'notification.messages' tries to reorder itself towards 'user', but their parents are different: 'header.inner.right' and 'header' respectively. [] []
[2024-07-09T02:41:35.678930+00:00] main.DEBUG: cache_invalidate:  {"method":"GET","url":"http:/","invalidateInfo":{"tags":["FPC"],"mode":"matchingTag"}} []
[2024-07-09T02:41:55.847397+00:00] main.DEBUG: Source class "\Magento\ServiceProxy\Model" for "Magento\ServiceProxy\Model\Logger" generation does not exist. {"exception":"[object] (RuntimeException(code: 0): Source class \"\\Magento\\ServiceProxy\\Model\" for \"Magento\\ServiceProxy\\Model\\Logger\" generation does not exist. at /var/www/html/empyeorg/vendor/magento/framework/Code/Generator.php:223)"} []
[2024-07-09T02:42:00.211135+00:00] main.INFO: Broken reference: the 'catalog.compare.sidebar' element cannot be added as child to 'sidebar.additional', because the latter doesn't exist [] []
[2024-07-09T02:42:00.211687+00:00] main.INFO: Broken reference: the 'sale.reorder.sidebar' element cannot be added as child to 'sidebar.additional', because the latter doesn't exist [] []
[2024-07-09T02:42:00.212013+00:00] main.INFO: Broken reference: the 'wishlist_sidebar' element cannot be added as child to 'sidebar.additional', because the latter doesn't exist [] []
[2024-07-09T02:42:00.212141+00:00] main.INFO: Broken reference: the 'paypal.partner.right.logo' element cannot be added as child to 'sidebar.additional', because the latter doesn't exist [] []
[2024-07-09T02:42:00.212218+00:00] main.INFO: Broken reference: the 'bml.right.logo' element cannot be added as child to 'sidebar.additional', because the latter doesn't exist [] []
[2024-07-09T02:42:00.212291+00:00] main.INFO: Broken reference: the 'sidebar.container.paylater' element cannot be added as child to 'sidebar.additional', because the latter doesn't exist [] []
[2024-07-09T02:42:02.662007+00:00] main.ERROR: Compilation from source: LESS file is empty: frontend/Empye/bootstrap/en_US/css/style.less [] []
[2024-07-09T02:42:02.662342+00:00] main.CRITICAL: Compilation from source: LESS file is empty: frontend/Empye/bootstrap/en_US/css/style.less [] []
[2024-07-09T02:42:08.503405+00:00] main.ERROR: Compilation from source: LESS file is empty: frontend/Empye/bootstrap/en_US/css/style.less [] []
[2024-07-09T02:42:08.503667+00:00] main.CRITICAL: Compilation from source: LESS file is empty: frontend/Empye/bootstrap/en_US/css/style.less [] []
[2024-07-09T02:42:13.113008+00:00] main.ERROR: Unable to resolve the source file for 'frontend/Empye/bootstrap/en_US/js/scripts.js' [] []
[2024-07-09T02:42:13.113295+00:00] main.CRITICAL: Unable to resolve the source file for 'frontend/Empye/bootstrap/en_US/js/scripts.js' [] []
[2024-07-09T02:42:14.400307+00:00] main.ERROR: Compilation from source: LESS file is empty: frontend/Empye/bootstrap/en_US/css/style.less [] []
[2024-07-09T02:42:14.400722+00:00] main.CRITICAL: Compilation from source: LESS file is empty: frontend/Empye/bootstrap/en_US/css/style.less [] []
[2024-07-09T02:42:14.430906+00:00] main.ERROR: Unable to resolve the source file for 'frontend/Empye/bootstrap/en_US/underscore-umd.js.map' [] []
[2024-07-09T02:42:14.431235+00:00] main.CRITICAL: Unable to resolve the source file for 'frontend/Empye/bootstrap/en_US/underscore-umd.js.map' [] []
[2024-07-09T02:43:43.586801+00:00] main.ERROR: Compilation from source: LESS file is empty: frontend/Empye/bootstrap/en_US/css/style.less [] []
[2024-07-09T02:43:43.587148+00:00] main.CRITICAL: Compilation from source: LESS file is empty: frontend/Empye/bootstrap/en_US/css/style.less [] []
[2024-07-09T02:43:45.073504+00:00] main.ERROR: Unable to resolve the source file for 'frontend/Empye/bootstrap/en_US/underscore-umd.js.map' [] []
[2024-07-09T02:43:45.073724+00:00] main.CRITICAL: Unable to resolve the source file for 'frontend/Empye/bootstrap/en_US/underscore-umd.js.map' [] []
[2024-07-09T02:43:48.087727+00:00] main.ERROR: Unable to resolve the source file for 'frontend/Empye/bootstrap/en_US/js/scripts.js' [] []
[2024-07-09T02:43:48.088003+00:00] main.CRITICAL: Unable to resolve the source file for 'frontend/Empye/bootstrap/en_US/js/scripts.js' [] []
[2024-07-09T02:44:44.904232+00:00] main.ERROR: Unable to resolve the source file for 'frontend/Empye/bootstrap/en_US/js/scripts.js' [] []
[2024-07-09T02:44:44.904637+00:00] main.CRITICAL: Unable to resolve the source file for 'frontend/Empye/bootstrap/en_US/js/scripts.js' [] []
[2024-07-09T02:44:49.134607+00:00] main.ERROR: Unable to resolve the source file for 'frontend/Empye/bootstrap/en_US/js/script.js' [] []
[2024-07-09T02:44:49.134806+00:00] main.CRITICAL: Unable to resolve the source file for 'frontend/Empye/bootstrap/en_US/js/script.js' [] []
[2024-07-09T02:48:40.886566+00:00] main.DEBUG: Source class "\Magento\ServiceProxy\Model" for "Magento\ServiceProxy\Model\Logger" generation does not exist. {"exception":"[object] (RuntimeException(code: 0): Source class \"\\Magento\\ServiceProxy\\Model\" for \"Magento\\ServiceProxy\\Model\\Logger\" generation does not exist. at /var/www/html/empyeorg/vendor/magento/framework/Code/Generator.php:223)"} []
[2024-07-09T02:48:45.146348+00:00] main.DEBUG: cache_invalidate:  {"method":"GET","url":"http:/","invalidateInfo":{"tags":["CONFIG"],"mode":"matchingTag"}} []
[2024-07-09T02:48:45.158286+00:00] main.DEBUG: cache_invalidate:  {"method":"GET","url":"http:/","invalidateInfo":{"tags":["LAYOUT_GENERAL_CACHE_TAG"],"mode":"matchingTag"}} []
[2024-07-09T02:48:45.159252+00:00] main.DEBUG: cache_invalidate:  {"method":"GET","url":"http:/","invalidateInfo":{"tags":["BLOCK_HTML"],"mode":"matchingTag"}} []
[2024-07-09T02:48:45.159761+00:00] main.DEBUG: cache_invalidate:  {"method":"GET","url":"http:/","invalidateInfo":{"tags":["COLLECTION_DATA"],"mode":"matchingTag"}} []
[2024-07-09T02:48:45.160074+00:00] main.DEBUG: cache_invalidate:  {"method":"GET","url":"http:/","invalidateInfo":{"tags":["REFLECTION"],"mode":"matchingTag"}} []
[2024-07-09T02:48:45.160739+00:00] main.DEBUG: cache_invalidate:  {"method":"GET","url":"http:/","invalidateInfo":{"tags":["DB_DDL"],"mode":"matchingTag"}} []
[2024-07-09T02:48:45.161113+00:00] main.DEBUG: cache_invalidate:  {"method":"GET","url":"http:/","invalidateInfo":{"tags":["COMPILED_CONFIG"],"mode":"matchingTag"}} []
[2024-07-09T02:48:45.161848+00:00] main.DEBUG: cache_invalidate:  {"method":"GET","url":"http:/","invalidateInfo":{"tags":["EAV"],"mode":"matchingTag"}} []
[2024-07-09T02:48:45.162310+00:00] main.DEBUG: cache_invalidate:  {"method":"GET","url":"http:/","invalidateInfo":{"tags":["CUSTOMER_NOTIFICATION"],"mode":"matchingTag"}} []
[2024-07-09T02:48:45.162712+00:00] main.DEBUG: cache_invalidate:  {"method":"GET","url":"http:/","invalidateInfo":{"tags":["INTEGRATION"],"mode":"matchingTag"}} []
[2024-07-09T02:48:45.163079+00:00] main.DEBUG: cache_invalidate:  {"method":"GET","url":"http:/","invalidateInfo":{"tags":["INTEGRATION_API_CONFIG"],"mode":"matchingTag"}} []
[2024-07-09T02:48:45.163427+00:00] main.DEBUG: cache_invalidate:  {"method":"GET","url":"http:/","invalidateInfo":{"tags":["GRAPHQL_QUERY_RESOLVER_RESULT"],"mode":"matchingTag"}} []
[2024-07-09T02:48:45.165724+00:00] main.DEBUG: cache_invalidate:  {"method":"GET","url":"http:/","invalidateInfo":{"tags":["FPC"],"mode":"matchingTag"}} []
[2024-07-09T02:48:45.166280+00:00] main.DEBUG: cache_invalidate:  {"method":"GET","url":"http:/","invalidateInfo":{"tags":["WEBSERVICE"],"mode":"matchingTag"}} []
[2024-07-09T02:48:45.167068+00:00] main.DEBUG: cache_invalidate:  {"method":"GET","url":"http:/","invalidateInfo":{"tags":["TRANSLATE"],"mode":"matchingTag"}} []
[2024-07-09T02:48:53.865635+00:00] main.DEBUG: Source class "\Magento\ServiceProxy\Model" for "Magento\ServiceProxy\Model\Logger" generation does not exist. {"exception":"[object] (RuntimeException(code: 0): Source class \"\\Magento\\ServiceProxy\\Model\" for \"Magento\\ServiceProxy\\Model\\Logger\" generation does not exist. at /var/www/html/empyeorg/vendor/magento/framework/Code/Generator.php:223)"} []
[2024-07-09T02:48:58.141151+00:00] main.DEBUG: cache_invalidate:  {"method":"GET","url":"http:/","invalidateInfo":{"tags":["FPC"],"mode":"matchingTag"}} []
[2024-07-09T02:49:07.866740+00:00] main.DEBUG: Source class "\Magento\ServiceProxy\Model" for "Magento\ServiceProxy\Model\Logger" generation does not exist. {"exception":"[object] (RuntimeException(code: 0): Source class \"\\Magento\\ServiceProxy\\Model\" for \"Magento\\ServiceProxy\\Model\\Logger\" generation does not exist. at /var/www/html/empyeorg/vendor/magento/framework/Code/Generator.php:223)"} []
[2024-07-09T02:49:11.324231+00:00] main.INFO: Broken reference: the 'catalog.compare.sidebar' element cannot be added as child to 'sidebar.additional', because the latter doesn't exist [] []
[2024-07-09T02:49:11.324466+00:00] main.INFO: Broken reference: the 'sale.reorder.sidebar' element cannot be added as child to 'sidebar.additional', because the latter doesn't exist [] []
[2024-07-09T02:49:11.324648+00:00] main.INFO: Broken reference: the 'wishlist_sidebar' element cannot be added as child to 'sidebar.additional', because the latter doesn't exist [] []
[2024-07-09T02:49:11.324773+00:00] main.INFO: Broken reference: the 'paypal.partner.right.logo' element cannot be added as child to 'sidebar.additional', because the latter doesn't exist [] []
[2024-07-09T02:49:11.324857+00:00] main.INFO: Broken reference: the 'bml.right.logo' element cannot be added as child to 'sidebar.additional', because the latter doesn't exist [] []
[2024-07-09T02:49:11.324913+00:00] main.INFO: Broken reference: the 'sidebar.container.paylater' element cannot be added as child to 'sidebar.additional', because the latter doesn't exist [] []
[2024-07-09T02:49:12.210079+00:00] main.ERROR: Compilation from source: LESS file is empty: frontend/Empye/bootstrap/en_US/css/style.less [] []
[2024-07-09T02:49:12.210693+00:00] main.CRITICAL: Compilation from source: LESS file is empty: frontend/Empye/bootstrap/en_US/css/style.less [] []
[2024-07-09T02:49:13.678762+00:00] main.ERROR: Unable to resolve the source file for 'frontend/Empye/bootstrap/en_US/underscore-umd.js.map' [] []
[2024-07-09T02:49:13.679077+00:00] main.CRITICAL: Unable to resolve the source file for 'frontend/Empye/bootstrap/en_US/underscore-umd.js.map' [] []
[2024-07-09T02:49:42.796466+00:00] main.DEBUG: cache_invalidate:  {"method":"GET","url":"http:/","invalidateInfo":{"tags":["FPC"],"mode":"matchingTag"}} []
[2024-07-09T02:49:50.129495+00:00] main.DEBUG: Source class "\Magento\ServiceProxy\Model" for "Magento\ServiceProxy\Model\Logger" generation does not exist. {"exception":"[object] (RuntimeException(code: 0): Source class \"\\Magento\\ServiceProxy\\Model\" for \"Magento\\ServiceProxy\\Model\\Logger\" generation does not exist. at /var/www/html/empyeorg/vendor/magento/framework/Code/Generator.php:223)"} []
[2024-07-09T02:49:54.000620+00:00] main.INFO: Broken reference: the 'catalog.compare.sidebar' element cannot be added as child to 'sidebar.additional', because the latter doesn't exist [] []
[2024-07-09T02:49:54.000792+00:00] main.INFO: Broken reference: the 'sale.reorder.sidebar' element cannot be added as child to 'sidebar.additional', because the latter doesn't exist [] []
[2024-07-09T02:49:54.000917+00:00] main.INFO: Broken reference: the 'wishlist_sidebar' element cannot be added as child to 'sidebar.additional', because the latter doesn't exist [] []
[2024-07-09T02:49:54.000968+00:00] main.INFO: Broken reference: the 'paypal.partner.right.logo' element cannot be added as child to 'sidebar.additional', because the latter doesn't exist [] []
[2024-07-09T02:49:54.001005+00:00] main.INFO: Broken reference: the 'bml.right.logo' element cannot be added as child to 'sidebar.additional', because the latter doesn't exist [] []
[2024-07-09T02:49:54.001043+00:00] main.INFO: Broken reference: the 'sidebar.container.paylater' element cannot be added as child to 'sidebar.additional', because the latter doesn't exist [] []
[2024-07-09T02:49:54.858189+00:00] main.ERROR: Compilation from source: LESS file is empty: frontend/Empye/bootstrap/en_US/css/style.less [] []
[2024-07-09T02:49:54.858529+00:00] main.CRITICAL: Compilation from source: LESS file is empty: frontend/Empye/bootstrap/en_US/css/style.less [] []
[2024-07-09T02:49:56.536808+00:00] main.ERROR: Unable to resolve the source file for 'frontend/Empye/bootstrap/en_US/underscore-umd.js.map' [] []
[2024-07-09T02:49:56.537104+00:00] main.CRITICAL: Unable to resolve the source file for 'frontend/Empye/bootstrap/en_US/underscore-umd.js.map' [] []
[2024-07-09T02:50:36.677378+00:00] main.DEBUG: cache_invalidate:  {"method":"GET","url":"http:/","invalidateInfo":{"identifier":"INTEGRITY_base"}} []
[2024-07-09T02:50:36.677658+00:00] main.DEBUG: cache_invalidate:  {"method":"GET","url":"http:/","invalidateInfo":{"identifier":"INTEGRITY_frontend"}} []
[2024-07-09T02:50:36.677746+00:00] main.DEBUG: cache_invalidate:  {"method":"GET","url":"http:/","invalidateInfo":{"identifier":"INTEGRITY_adminhtml"}} []
[2024-07-09T02:51:44.282326+00:00] main.DEBUG: cache_invalidate:  {"method":"GET","url":"http:/","invalidateInfo":{"identifier":"INTEGRITY_base"}} []
[2024-07-09T02:51:44.282688+00:00] main.DEBUG: cache_invalidate:  {"method":"GET","url":"http:/","invalidateInfo":{"identifier":"INTEGRITY_frontend"}} []
[2024-07-09T02:51:44.282823+00:00] main.DEBUG: cache_invalidate:  {"method":"GET","url":"http:/","invalidateInfo":{"identifier":"INTEGRITY_adminhtml"}} []
[2024-07-09T02:51:57.132304+00:00] main.DEBUG: cache_invalidate:  {"method":"GET","url":"http:/","invalidateInfo":{"tags":["FPC"],"mode":"matchingTag"}} []
[2024-07-09T02:52:04.952298+00:00] main.DEBUG: Source class "\Magento\ServiceProxy\Model" for "Magento\ServiceProxy\Model\Logger" generation does not exist. {"exception":"[object] (RuntimeException(code: 0): Source class \"\\Magento\\ServiceProxy\\Model\" for \"Magento\\ServiceProxy\\Model\\Logger\" generation does not exist. at /var/www/html/empyeorg/vendor/magento/framework/Code/Generator.php:223)"} []
[2024-07-09T02:52:08.338401+00:00] main.INFO: Broken reference: the 'catalog.compare.sidebar' element cannot be added as child to 'sidebar.additional', because the latter doesn't exist [] []
[2024-07-09T02:52:08.338591+00:00] main.INFO: Broken reference: the 'sale.reorder.sidebar' element cannot be added as child to 'sidebar.additional', because the latter doesn't exist [] []
[2024-07-09T02:52:08.338784+00:00] main.INFO: Broken reference: the 'wishlist_sidebar' element cannot be added as child to 'sidebar.additional', because the latter doesn't exist [] []
[2024-07-09T02:52:08.338866+00:00] main.INFO: Broken reference: the 'paypal.partner.right.logo' element cannot be added as child to 'sidebar.additional', because the latter doesn't exist [] []
[2024-07-09T02:52:08.338926+00:00] main.INFO: Broken reference: the 'bml.right.logo' element cannot be added as child to 'sidebar.additional', because the latter doesn't exist [] []
[2024-07-09T02:52:08.338977+00:00] main.INFO: Broken reference: the 'sidebar.container.paylater' element cannot be added as child to 'sidebar.additional', because the latter doesn't exist [] []
[2024-07-09T02:52:10.570160+00:00] main.ERROR: Unable to resolve the source file for 'frontend/Empye/bootstrap/en_US/underscore-umd.js.map' [] []
[2024-07-09T02:52:10.570436+00:00] main.CRITICAL: Unable to resolve the source file for 'frontend/Empye/bootstrap/en_US/underscore-umd.js.map' [] []
[2024-07-09T02:57:23.699870+00:00] main.DEBUG: cache_invalidate:  {"method":"GET","url":"http:/","invalidateInfo":{"tags":["FPC"],"mode":"matchingTag"}} []
[2024-07-09T02:58:25.648955+00:00] main.DEBUG: Source class "\Magento\ServiceProxy\Model" for "Magento\ServiceProxy\Model\Logger" generation does not exist. {"exception":"[object] (RuntimeException(code: 0): Source class \"\\Magento\\ServiceProxy\\Model\" for \"Magento\\ServiceProxy\\Model\\Logger\" generation does not exist. at /var/www/html/empyeorg/vendor/magento/framework/Code/Generator.php:223)"} []
[2024-07-09T02:58:45.660085+00:00] main.INFO: Broken reference: the 'catalog.compare.sidebar' element cannot be added as child to 'sidebar.additional', because the latter doesn't exist [] []
[2024-07-09T02:58:45.660451+00:00] main.INFO: Broken reference: the 'sale.reorder.sidebar' element cannot be added as child to 'sidebar.additional', because the latter doesn't exist [] []
[2024-07-09T02:58:45.660678+00:00] main.INFO: Broken reference: the 'wishlist_sidebar' element cannot be added as child to 'sidebar.additional', because the latter doesn't exist [] []
[2024-07-09T02:58:45.660791+00:00] main.INFO: Broken reference: the 'paypal.partner.right.logo' element cannot be added as child to 'sidebar.additional', because the latter doesn't exist [] []
[2024-07-09T02:58:45.660852+00:00] main.INFO: Broken reference: the 'bml.right.logo' element cannot be added as child to 'sidebar.additional', because the latter doesn't exist [] []
[2024-07-09T02:58:45.660905+00:00] main.INFO: Broken reference: the 'sidebar.container.paylater' element cannot be added as child to 'sidebar.additional', because the latter doesn't exist [] []
[2024-07-09T03:00:53.634636+00:00] main.ERROR: The path is not allowed: media/wp-includes/wlwmanifest.xml [] []
[2024-07-09T04:31:05.035530+00:00] main.INFO: Broken reference: the 'catalog.compare.sidebar' element cannot be added as child to 'sidebar.additional', because the latter doesn't exist [] []
[2024-07-09T04:31:05.035808+00:00] main.INFO: Broken reference: the 'sale.reorder.sidebar' element cannot be added as child to 'sidebar.additional', because the latter doesn't exist [] []
[2024-07-09T04:31:05.035964+00:00] main.INFO: Broken reference: the 'wishlist_sidebar' element cannot be added as child to 'sidebar.additional', because the latter doesn't exist [] []
[2024-07-09T04:31:06.866655+00:00] main.INFO: Broken reference: the 'catalog.compare.sidebar' element cannot be added as child to 'sidebar.additional', because the latter doesn't exist [] []
[2024-07-09T04:31:06.866883+00:00] main.INFO: Broken reference: the 'sale.reorder.sidebar' element cannot be added as child to 'sidebar.additional', because the latter doesn't exist [] []
[2024-07-09T04:31:06.867020+00:00] main.INFO: Broken reference: the 'wishlist_sidebar' element cannot be added as child to 'sidebar.additional', because the latter doesn't exist [] []
[2024-07-09T04:31:08.634777+00:00] main.INFO: Broken reference: the 'catalog.compare.sidebar' element cannot be added as child to 'sidebar.additional', because the latter doesn't exist [] []
[2024-07-09T04:31:08.635251+00:00] main.INFO: Broken reference: the 'sale.reorder.sidebar' element cannot be added as child to 'sidebar.additional', because the latter doesn't exist [] []
[2024-07-09T04:31:08.635657+00:00] main.INFO: Broken reference: the 'wishlist_sidebar' element cannot be added as child to 'sidebar.additional', because the latter doesn't exist [] []
[2024-07-09T04:31:09.755682+00:00] main.INFO: Broken reference: the 'catalog.compare.sidebar' element cannot be added as child to 'sidebar.additional', because the latter doesn't exist [] []
[2024-07-09T04:31:09.756023+00:00] main.INFO: Broken reference: the 'sale.reorder.sidebar' element cannot be added as child to 'sidebar.additional', because the latter doesn't exist [] []
[2024-07-09T04:31:09.756269+00:00] main.INFO: Broken reference: the 'wishlist_sidebar' element cannot be added as child to 'sidebar.additional', because the latter doesn't exist [] []
[2024-07-09T04:31:12.416807+00:00] main.INFO: Broken reference: the 'catalog.compare.sidebar' element cannot be added as child to 'sidebar.additional', because the latter doesn't exist [] []
[2024-07-09T04:31:12.417117+00:00] main.INFO: Broken reference: the 'sale.reorder.sidebar' element cannot be added as child to 'sidebar.additional', because the latter doesn't exist [] []
[2024-07-09T04:31:12.417302+00:00] main.INFO: Broken reference: the 'wishlist_sidebar' element cannot be added as child to 'sidebar.additional', because the latter doesn't exist [] []
[2024-07-09T04:31:16.244574+00:00] main.INFO: Broken reference: the 'catalog.compare.sidebar' element cannot be added as child to 'sidebar.additional', because the latter doesn't exist [] []
[2024-07-09T04:31:16.244931+00:00] main.INFO: Broken reference: the 'sale.reorder.sidebar' element cannot be added as child to 'sidebar.additional', because the latter doesn't exist [] []
[2024-07-09T04:31:16.245144+00:00] main.INFO: Broken reference: the 'wishlist_sidebar' element cannot be added as child to 'sidebar.additional', because the latter doesn't exist [] []
[2024-07-09T04:31:16.245444+00:00] main.INFO: Broken reference: the 'checkout.cart.item.renderers.gift-card.actions.gift_options' element cannot be added as child to 'checkout.cart.item.renderers.gift-card.actions', because the latter doesn't exist [] []
[2024-07-09T04:31:16.245782+00:00] main.INFO: Broken reference: the 'checkout.cart.item.renderers.gift-card.actions.gift_options' tries to reorder itself towards '', but their parents are different: 'checkout.cart.item.renderers.gift-card.actions' and '' respectively. [] []
[2024-07-09T04:31:17.693550+00:00] main.INFO: Broken reference: the 'catalog.compare.sidebar' element cannot be added as child to 'sidebar.additional', because the latter doesn't exist [] []
[2024-07-09T04:31:17.693830+00:00] main.INFO: Broken reference: the 'sale.reorder.sidebar' element cannot be added as child to 'sidebar.additional', because the latter doesn't exist [] []
[2024-07-09T04:31:17.694013+00:00] main.INFO: Broken reference: the 'wishlist_sidebar' element cannot be added as child to 'sidebar.additional', because the latter doesn't exist [] []
[2024-07-09T04:31:22.521731+00:00] main.INFO: Broken reference: the 'catalog.compare.sidebar' element cannot be added as child to 'sidebar.additional', because the latter doesn't exist [] []
[2024-07-09T04:31:22.522081+00:00] main.INFO: Broken reference: the 'sale.reorder.sidebar' element cannot be added as child to 'sidebar.additional', because the latter doesn't exist [] []
[2024-07-09T04:31:22.522296+00:00] main.INFO: Broken reference: the 'wishlist_sidebar' element cannot be added as child to 'sidebar.additional', because the latter doesn't exist [] []
[2024-07-09T04:31:23.819161+00:00] main.INFO: Broken reference: the 'catalog.compare.sidebar' element cannot be added as child to 'sidebar.additional', because the latter doesn't exist [] []
[2024-07-09T04:31:23.819402+00:00] main.INFO: Broken reference: the 'sale.reorder.sidebar' element cannot be added as child to 'sidebar.additional', because the latter doesn't exist [] []
[2024-07-09T04:31:23.819605+00:00] main.INFO: Broken reference: the 'wishlist_sidebar' element cannot be added as child to 'sidebar.additional', because the latter doesn't exist [] []
[2024-07-09T04:31:25.069192+00:00] main.INFO: Broken reference: the 'catalog.compare.sidebar' element cannot be added as child to 'sidebar.additional', because the latter doesn't exist [] []
[2024-07-09T04:31:25.069594+00:00] main.INFO: Broken reference: the 'sale.reorder.sidebar' element cannot be added as child to 'sidebar.additional', because the latter doesn't exist [] []
[2024-07-09T04:31:25.069861+00:00] main.INFO: Broken reference: the 'wishlist_sidebar' element cannot be added as child to 'sidebar.additional', because the latter doesn't exist [] []
[2024-07-09T04:31:26.180662+00:00] main.INFO: Broken reference: the 'catalog.compare.sidebar' element cannot be added as child to 'sidebar.additional', because the latter doesn't exist [] []
[2024-07-09T04:31:26.181151+00:00] main.INFO: Broken reference: the 'sale.reorder.sidebar' element cannot be added as child to 'sidebar.additional', because the latter doesn't exist [] []
[2024-07-09T04:31:26.181423+00:00] main.INFO: Broken reference: the 'wishlist_sidebar' element cannot be added as child to 'sidebar.additional', because the latter doesn't exist [] []
[2024-07-09T04:55:12.444033+00:00] main.ERROR: Unable to resolve the source file for 'frontend/Empye/bootstrap/en_US/underscore-umd.js.map' [] []
[2024-07-09T04:55:12.444321+00:00] main.CRITICAL: Unable to resolve the source file for 'frontend/Empye/bootstrap/en_US/underscore-umd.js.map' [] []
[2024-07-09T05:31:18.681866+00:00] main.ERROR: Unable to resolve the source file for 'frontend/Empye/bootstrap/en_US/underscore-umd.js.map' [] []
[2024-07-09T05:31:18.682128+00:00] main.CRITICAL: Unable to resolve the source file for 'frontend/Empye/bootstrap/en_US/underscore-umd.js.map' [] []
[2024-07-09T05:36:46.617403+00:00] main.ERROR: Unable to resolve the source file for 'frontend/Empye/bootstrap/en_US/underscore-umd.js.map' [] []
[2024-07-09T05:36:46.617710+00:00] main.CRITICAL: Unable to resolve the source file for 'frontend/Empye/bootstrap/en_US/underscore-umd.js.map' [] []
[2024-07-09T05:45:40.916044+00:00] main.DEBUG: cache_invalidate:  {"method":"GET","url":"http:/","invalidateInfo":{"tags":["FPC"],"mode":"matchingTag"}} []
[2024-07-09T05:45:50.316384+00:00] main.DEBUG: Source class "\Magento\ServiceProxy\Model" for "Magento\ServiceProxy\Model\Logger" generation does not exist. {"exception":"[object] (RuntimeException(code: 0): Source class \"\\Magento\\ServiceProxy\\Model\" for \"Magento\\ServiceProxy\\Model\\Logger\" generation does not exist. at /var/www/html/empyeorg/vendor/magento/framework/Code/Generator.php:223)"} []
[2024-07-09T05:45:53.993310+00:00] main.INFO: Broken reference: the 'tracking' element cannot be added as child to 'header', because the latter doesn't exist [] []
[2024-07-09T05:45:53.993484+00:00] main.INFO: Broken reference: the 'notification_area' element cannot be added as child to 'notifications', because the latter doesn't exist [] []
[2024-07-09T05:45:53.993529+00:00] main.INFO: Broken reference: the 'unread_system_messages' element cannot be added as child to 'notifications', because the latter doesn't exist [] []
[2024-07-09T05:45:53.993568+00:00] main.INFO: Broken reference: the 'notification_window' element cannot be added as child to 'notifications', because the latter doesn't exist [] []
[2024-07-09T05:45:53.993605+00:00] main.INFO: Broken reference: the 'notification.messages' element cannot be added as child to 'header', because the latter doesn't exist [] []
[2024-07-09T05:45:53.993644+00:00] main.INFO: Broken reference: the 'global_notices' element cannot be added as child to 'global.notices', because the latter doesn't exist [] []
[2024-07-09T05:45:53.993679+00:00] main.INFO: Broken reference: the 'logo' element cannot be added as child to 'header', because the latter doesn't exist [] []
[2024-07-09T05:45:53.993716+00:00] main.INFO: Broken reference: the 'global.search' element cannot be added as child to 'header', because the latter doesn't exist [] []
[2024-07-09T05:45:53.993753+00:00] main.INFO: Broken reference: the 'user' element cannot be added as child to 'header', because the latter doesn't exist [] []
[2024-07-09T05:45:53.993787+00:00] main.INFO: Broken reference: the 'menu' element cannot be added as child to 'page.menu', because the latter doesn't exist [] []
[2024-07-09T05:45:53.993833+00:00] main.INFO: Broken reference: the 'breadcrumbs' element cannot be added as child to 'page.breadcrumbs', because the latter doesn't exist [] []
[2024-07-09T05:45:53.993889+00:00] main.INFO: Broken reference: the 'formkey' element cannot be added as child to 'page.formkey', because the latter doesn't exist [] []
[2024-07-09T05:45:53.993971+00:00] main.INFO: Broken reference: the 'page.title' element cannot be added as child to 'main.top', because the latter doesn't exist [] []
[2024-07-09T05:45:53.994046+00:00] main.INFO: Broken reference: the 'messages' element cannot be added as child to 'page.messages', because the latter doesn't exist [] []
[2024-07-09T05:45:53.994109+00:00] main.INFO: Broken reference: the 'page.actions.toolbar' element cannot be added as child to 'page.main.actions', because the latter doesn't exist [] []
[2024-07-09T05:45:53.994169+00:00] main.INFO: Broken reference: the 'legal' element cannot be added as child to 'footer', because the latter doesn't exist [] []
[2024-07-09T05:45:53.994312+00:00] main.INFO: Broken reference: the 'header.inner.left' element cannot be added as child to 'header', because the latter doesn't exist [] []
[2024-07-09T05:45:53.994384+00:00] main.INFO: Broken reference: the 'header.inner.right' element cannot be added as child to 'header', because the latter doesn't exist [] []
[2024-07-09T05:45:53.994503+00:00] main.INFO: Broken reference: the 'user' tries to reorder itself towards '', but their parents are different: 'header' and '' respectively. [] []
[2024-07-09T05:45:53.994573+00:00] main.INFO: Broken reference: the 'notification.messages' tries to reorder itself towards 'user', but their parents are different: 'header' and '' respectively. [] []
[2024-07-09T05:45:53.994630+00:00] main.INFO: Broken reference: the 'logo' tries to reorder itself towards '', but their parents are different: 'header' and '' respectively. [] []
[2024-07-09T05:45:53.994687+00:00] main.INFO: Broken reference: the 'global.search' tries to reorder itself towards 'logo', but their parents are different: 'header' and '' respectively. [] []
[2024-07-09T05:45:53.994743+00:00] main.INFO: Broken reference: the 'page.actions.toolbar' tries to reorder itself towards '', but their parents are different: 'page.main.actions' and '' respectively. [] []
[2024-07-09T05:45:53.994842+00:00] main.INFO: Broken reference: the 'header.inner.left' tries to reorder itself towards '', but their parents are different: 'header' and '' respectively. [] []
[2024-07-09T05:45:53.994917+00:00] main.INFO: Broken reference: the 'header.inner.right' tries to reorder itself towards 'header.inner.left', but their parents are different: 'header' and '' respectively. [] []
[2024-07-09T05:45:53.994983+00:00] main.INFO: Broken reference: the 'notification.messages' tries to reorder itself towards 'user', but their parents are different: 'header.inner.right' and '' respectively. [] []
[2024-07-09T05:48:28.975482+00:00] main.INFO: Broken reference: the 'catalog.compare.sidebar' element cannot be added as child to 'sidebar.additional', because the latter doesn't exist [] []
[2024-07-09T05:48:28.975877+00:00] main.INFO: Broken reference: the 'sale.reorder.sidebar' element cannot be added as child to 'sidebar.additional', because the latter doesn't exist [] []
[2024-07-09T05:48:28.976111+00:00] main.INFO: Broken reference: the 'wishlist_sidebar' element cannot be added as child to 'sidebar.additional', because the latter doesn't exist [] []
[2024-07-09T05:48:28.976195+00:00] main.INFO: Broken reference: the 'paypal.partner.right.logo' element cannot be added as child to 'sidebar.additional', because the latter doesn't exist [] []
[2024-07-09T05:48:28.976250+00:00] main.INFO: Broken reference: the 'bml.right.logo' element cannot be added as child to 'sidebar.additional', because the latter doesn't exist [] []
[2024-07-09T05:48:28.976304+00:00] main.INFO: Broken reference: the 'sidebar.container.paylater' element cannot be added as child to 'sidebar.additional', because the latter doesn't exist [] []
[2024-07-09T05:48:31.235203+00:00] main.ERROR: Unable to resolve the source file for 'frontend/Empye/bootstrap/en_US/underscore-umd.js.map' [] []
[2024-07-09T05:48:31.235532+00:00] main.CRITICAL: Unable to resolve the source file for 'frontend/Empye/bootstrap/en_US/underscore-umd.js.map' [] []
[2024-07-09T05:52:49.562635+00:00] main.ERROR: Unable to resolve the source file for 'frontend/Empye/bootstrap/en_US/underscore-umd.js.map' [] []
[2024-07-09T05:52:49.562889+00:00] main.CRITICAL: Unable to resolve the source file for 'frontend/Empye/bootstrap/en_US/underscore-umd.js.map' [] []
[2024-07-09T06:15:29.981165+00:00] main.INFO: Broken reference: the 'tracking' element cannot be added as child to 'header', because the latter doesn't exist [] []
[2024-07-09T06:15:29.981537+00:00] main.INFO: Broken reference: the 'notification_area' element cannot be added as child to 'notifications', because the latter doesn't exist [] []
[2024-07-09T06:15:29.981605+00:00] main.INFO: Broken reference: the 'unread_system_messages' element cannot be added as child to 'notifications', because the latter doesn't exist [] []
[2024-07-09T06:15:29.981661+00:00] main.INFO: Broken reference: the 'notification_window' element cannot be added as child to 'notifications', because the latter doesn't exist [] []
[2024-07-09T06:15:29.981715+00:00] main.INFO: Broken reference: the 'notification.messages' element cannot be added as child to 'header', because the latter doesn't exist [] []
[2024-07-09T06:15:29.981771+00:00] main.INFO: Broken reference: the 'global_notices' element cannot be added as child to 'global.notices', because the latter doesn't exist [] []
[2024-07-09T06:15:29.981826+00:00] main.INFO: Broken reference: the 'logo' element cannot be added as child to 'header', because the latter doesn't exist [] []
[2024-07-09T06:15:29.981888+00:00] main.INFO: Broken reference: the 'global.search' element cannot be added as child to 'header', because the latter doesn't exist [] []
[2024-07-09T06:15:29.981969+00:00] main.INFO: Broken reference: the 'user' element cannot be added as child to 'header', because the latter doesn't exist [] []
[2024-07-09T06:15:29.982015+00:00] main.INFO: Broken reference: the 'menu' element cannot be added as child to 'page.menu', because the latter doesn't exist [] []
[2024-07-09T06:15:29.982067+00:00] main.INFO: Broken reference: the 'breadcrumbs' element cannot be added as child to 'page.breadcrumbs', because the latter doesn't exist [] []
[2024-07-09T06:15:29.982132+00:00] main.INFO: Broken reference: the 'formkey' element cannot be added as child to 'page.formkey', because the latter doesn't exist [] []
[2024-07-09T06:15:29.982196+00:00] main.INFO: Broken reference: the 'page.title' element cannot be added as child to 'main.top', because the latter doesn't exist [] []
[2024-07-09T06:15:29.982254+00:00] main.INFO: Broken reference: the 'messages' element cannot be added as child to 'page.messages', because the latter doesn't exist [] []
[2024-07-09T06:15:29.982309+00:00] main.INFO: Broken reference: the 'page.actions.toolbar' element cannot be added as child to 'page.main.actions', because the latter doesn't exist [] []
[2024-07-09T06:15:29.982358+00:00] main.INFO: Broken reference: the 'legal' element cannot be added as child to 'footer', because the latter doesn't exist [] []
[2024-07-09T06:15:29.982493+00:00] main.INFO: Broken reference: the 'header.inner.left' element cannot be added as child to 'header', because the latter doesn't exist [] []
[2024-07-09T06:15:29.982537+00:00] main.INFO: Broken reference: the 'header.inner.right' element cannot be added as child to 'header', because the latter doesn't exist [] []
[2024-07-09T06:15:29.982623+00:00] main.INFO: Broken reference: the 'user' tries to reorder itself towards '', but their parents are different: 'header' and '' respectively. [] []
[2024-07-09T06:15:29.982676+00:00] main.INFO: Broken reference: the 'notification.messages' tries to reorder itself towards 'user', but their parents are different: 'header' and '' respectively. [] []
[2024-07-09T06:15:29.982712+00:00] main.INFO: Broken reference: the 'logo' tries to reorder itself towards '', but their parents are different: 'header' and '' respectively. [] []
[2024-07-09T06:15:29.982749+00:00] main.INFO: Broken reference: the 'global.search' tries to reorder itself towards 'logo', but their parents are different: 'header' and '' respectively. [] []
[2024-07-09T06:15:29.982787+00:00] main.INFO: Broken reference: the 'page.actions.toolbar' tries to reorder itself towards '', but their parents are different: 'page.main.actions' and '' respectively. [] []
[2024-07-09T06:15:29.982851+00:00] main.INFO: Broken reference: the 'header.inner.left' tries to reorder itself towards '', but their parents are different: 'header' and '' respectively. [] []
[2024-07-09T06:15:29.982923+00:00] main.INFO: Broken reference: the 'header.inner.right' tries to reorder itself towards 'header.inner.left', but their parents are different: 'header' and '' respectively. [] []
[2024-07-09T06:15:29.982992+00:00] main.INFO: Broken reference: the 'notification.messages' tries to reorder itself towards 'user', but their parents are different: 'header.inner.right' and '' respectively. [] []
[2024-07-09T06:15:41.903964+00:00] main.ERROR: Unable to resolve the source file for 'frontend/Empye/bootstrap/en_US/underscore-umd.js.map' [] []
[2024-07-09T06:15:41.904271+00:00] main.CRITICAL: Unable to resolve the source file for 'frontend/Empye/bootstrap/en_US/underscore-umd.js.map' [] []
[2024-07-09T06:25:08.429009+00:00] main.INFO: Broken reference: the 'tracking' element cannot be added as child to 'header', because the latter doesn't exist [] []
[2024-07-09T06:25:08.429238+00:00] main.INFO: Broken reference: the 'notification_area' element cannot be added as child to 'notifications', because the latter doesn't exist [] []
[2024-07-09T06:25:08.429313+00:00] main.INFO: Broken reference: the 'unread_system_messages' element cannot be added as child to 'notifications', because the latter doesn't exist [] []
[2024-07-09T06:25:08.429371+00:00] main.INFO: Broken reference: the 'notification_window' element cannot be added as child to 'notifications', because the latter doesn't exist [] []
[2024-07-09T06:25:08.429465+00:00] main.INFO: Broken reference: the 'notification.messages' element cannot be added as child to 'header', because the latter doesn't exist [] []
[2024-07-09T06:25:08.429545+00:00] main.INFO: Broken reference: the 'global_notices' element cannot be added as child to 'global.notices', because the latter doesn't exist [] []
[2024-07-09T06:25:08.429620+00:00] main.INFO: Broken reference: the 'logo' element cannot be added as child to 'header', because the latter doesn't exist [] []
[2024-07-09T06:25:08.429687+00:00] main.INFO: Broken reference: the 'global.search' element cannot be added as child to 'header', because the latter doesn't exist [] []
[2024-07-09T06:25:08.429756+00:00] main.INFO: Broken reference: the 'user' element cannot be added as child to 'header', because the latter doesn't exist [] []
[2024-07-09T06:25:08.429840+00:00] main.INFO: Broken reference: the 'menu' element cannot be added as child to 'page.menu', because the latter doesn't exist [] []
[2024-07-09T06:25:08.429901+00:00] main.INFO: Broken reference: the 'breadcrumbs' element cannot be added as child to 'page.breadcrumbs', because the latter doesn't exist [] []
[2024-07-09T06:25:08.430067+00:00] main.INFO: Broken reference: the 'formkey' element cannot be added as child to 'page.formkey', because the latter doesn't exist [] []
[2024-07-09T06:25:08.430150+00:00] main.INFO: Broken reference: the 'page.title' element cannot be added as child to 'main.top', because the latter doesn't exist [] []
[2024-07-09T06:25:08.430241+00:00] main.INFO: Broken reference: the 'messages' element cannot be added as child to 'page.messages', because the latter doesn't exist [] []
[2024-07-09T06:25:08.430305+00:00] main.INFO: Broken reference: the 'page.actions.toolbar' element cannot be added as child to 'page.main.actions', because the latter doesn't exist [] []
[2024-07-09T06:25:08.430379+00:00] main.INFO: Broken reference: the 'legal' element cannot be added as child to 'footer', because the latter doesn't exist [] []
[2024-07-09T06:25:08.430531+00:00] main.INFO: Broken reference: the 'header.inner.left' element cannot be added as child to 'header', because the latter doesn't exist [] []
[2024-07-09T06:25:08.430587+00:00] main.INFO: Broken reference: the 'header.inner.right' element cannot be added as child to 'header', because the latter doesn't exist [] []
[2024-07-09T06:25:08.430737+00:00] main.INFO: Broken reference: the 'user' tries to reorder itself towards '', but their parents are different: 'header' and '' respectively. [] []
[2024-07-09T06:25:08.430819+00:00] main.INFO: Broken reference: the 'notification.messages' tries to reorder itself towards 'user', but their parents are different: 'header' and '' respectively. [] []
[2024-07-09T06:25:08.430879+00:00] main.INFO: Broken reference: the 'logo' tries to reorder itself towards '', but their parents are different: 'header' and '' respectively. [] []
[2024-07-09T06:25:08.430924+00:00] main.INFO: Broken reference: the 'global.search' tries to reorder itself towards 'logo', but their parents are different: 'header' and '' respectively. [] []
[2024-07-09T06:25:08.430988+00:00] main.INFO: Broken reference: the 'page.actions.toolbar' tries to reorder itself towards '', but their parents are different: 'page.main.actions' and '' respectively. [] []
[2024-07-09T06:25:08.431071+00:00] main.INFO: Broken reference: the 'header.inner.left' tries to reorder itself towards '', but their parents are different: 'header' and '' respectively. [] []
[2024-07-09T06:25:08.431129+00:00] main.INFO: Broken reference: the 'header.inner.right' tries to reorder itself towards 'header.inner.left', but their parents are different: 'header' and '' respectively. [] []
[2024-07-09T06:25:08.431217+00:00] main.INFO: Broken reference: the 'notification.messages' tries to reorder itself towards 'user', but their parents are different: 'header.inner.right' and '' respectively. [] []
[2024-07-09T06:25:11.980732+00:00] main.DEBUG: cache_invalidate:  {"method":"POST","url":"https://www.empye.org/admin_7dem37w/tfa/tfa/requestconfig/key/a13e594e6e537d4cb8f797628df481d7a3f27d5f44a3637077d0a0dbe3fae3e8/","invalidateInfo":{"tags":["BACKEND_MAINMENU"],"mode":"matchingAnyTag"}} []
[2024-07-09T06:25:11.989557+00:00] main.DEBUG: cache_invalidate:  {"method":"POST","url":"https://www.empye.org/admin_7dem37w/tfa/tfa/requestconfig/key/a13e594e6e537d4cb8f797628df481d7a3f27d5f44a3637077d0a0dbe3fae3e8/","invalidateInfo":{"tags":["PB_EDITOR_CONFIG","CONFIG"],"mode":"matchingTag"}} []
[2024-07-09T06:25:12.001326+00:00] main.DEBUG: Item Magento_Backend::system_currency was removed [] []
[2024-07-09T06:25:12.003956+00:00] main.DEBUG: Add of item with id Magento_Config::system_config was processed [] []
[2024-07-09T06:25:12.004060+00:00] main.DEBUG: Add of item with id Magento_AdminNotification::system_adminnotification was processed [] []
[2024-07-09T06:25:12.004097+00:00] main.DEBUG: Add of item with id Magento_Theme::design_config was processed [] []
[2024-07-09T06:25:12.004120+00:00] main.DEBUG: Add of item with id Magento_Theme::system_design_theme was processed [] []
[2024-07-09T06:25:12.004140+00:00] main.DEBUG: Add of item with id Magento_Backend::system_design_schedule was processed [] []
[2024-07-09T06:25:12.004160+00:00] main.DEBUG: Add of item with id Magento_Backend::system_store was processed [] []
[2024-07-09T06:25:12.004180+00:00] main.DEBUG: Add of item with id Magento_Backend::dashboard was processed [] []
[2024-07-09T06:25:12.004199+00:00] main.DEBUG: Add of item with id Magento_Backend::system was processed [] []
[2024-07-09T06:25:12.004227+00:00] main.DEBUG: Add of item with id Magento_Backend::system_tools was processed [] []
[2024-07-09T06:25:12.004265+00:00] main.DEBUG: Add of item with id Magento_Backend::system_design was processed [] []
[2024-07-09T06:25:12.004295+00:00] main.DEBUG: Add of item with id Magento_Backend::system_convert was processed [] []
[2024-07-09T06:25:12.004332+00:00] main.DEBUG: Add of item with id Magento_Backend::system_cache was processed [] []
[2024-07-09T06:25:12.004364+00:00] main.DEBUG: Add of item with id Magento_Backend::marketing was processed [] []
[2024-07-09T06:25:12.004406+00:00] main.DEBUG: Add of item with id Magento_Backend::marketing_communications was processed [] []
[2024-07-09T06:25:12.004439+00:00] main.DEBUG: Add of item with id Magento_Backend::marketing_seo was processed [] []
[2024-07-09T06:25:12.004467+00:00] main.DEBUG: Add of item with id Magento_Backend::marketing_user_content was processed [] []
[2024-07-09T06:25:12.004497+00:00] main.DEBUG: Add of item with id Magento_Backend::content was processed [] []
[2024-07-09T06:25:12.004525+00:00] main.DEBUG: Add of item with id Magento_Backend::content_elements was processed [] []
[2024-07-09T06:25:12.004555+00:00] main.DEBUG: Add of item with id Magento_Backend::stores was processed [] []
[2024-07-09T06:25:12.004601+00:00] main.DEBUG: Add of item with id Magento_Backend::stores_settings was processed [] []
[2024-07-09T06:25:12.004630+00:00] main.DEBUG: Add of item with id Magento_Backend::stores_attributes was processed [] []
[2024-07-09T06:25:12.004650+00:00] main.DEBUG: Add of item with id Magento_Backend::other_settings was processed [] []
[2024-07-09T06:25:12.004669+00:00] main.DEBUG: Add of item with id Magento_Backend::system_other_settings was processed [] []
[2024-07-09T06:25:12.004688+00:00] main.DEBUG: Add of item with id Magento_User::system_acl was processed [] []
[2024-07-09T06:25:12.004723+00:00] main.DEBUG: Add of item with id Magento_User::system_acl_users was processed [] []
[2024-07-09T06:25:12.004746+00:00] main.DEBUG: Add of item with id Magento_User::system_acl_roles was processed [] []
[2024-07-09T06:25:12.004765+00:00] main.DEBUG: Add of item with id Magento_User::system_acl_locks was processed [] []
[2024-07-09T06:25:12.004783+00:00] main.DEBUG: Add of item with id Magento_Customer::customer was processed [] []
[2024-07-09T06:25:12.004811+00:00] main.DEBUG: Add of item with id Magento_Customer::customer_manage was processed [] []
[2024-07-09T06:25:12.004831+00:00] main.DEBUG: Add of item with id Magento_Customer::customer_online was processed [] []
[2024-07-09T06:25:12.004851+00:00] main.DEBUG: Add of item with id Magento_Customer::customer_group was processed [] []
[2024-07-09T06:25:12.004869+00:00] main.DEBUG: Add of item with id Magento_Backup::system_tools_backup was processed [] []
[2024-07-09T06:25:12.004888+00:00] main.DEBUG: Add of item with id Magento_Indexer::system_index was processed [] []
[2024-07-09T06:25:12.004920+00:00] main.DEBUG: Add of item with id Magento_Variable::system_variable was processed [] []
[2024-07-09T06:25:12.004951+00:00] main.DEBUG: Add of item with id Magento_Cms::cms_page was processed [] []
[2024-07-09T06:25:12.004983+00:00] main.DEBUG: Add of item with id Magento_Cms::cms_block was processed [] []
[2024-07-09T06:25:12.005011+00:00] main.DEBUG: Add of item with id Magento_Integration::system_extensions was processed [] []
[2024-07-09T06:25:12.005042+00:00] main.DEBUG: Add of item with id Magento_Integration::system_integrations was processed [] []
[2024-07-09T06:25:12.005071+00:00] main.DEBUG: Add of item with id Magento_Search::search_terms was processed [] []
[2024-07-09T06:25:12.005092+00:00] main.DEBUG: Add of item with id Magento_Search::search_synonyms was processed [] []
[2024-07-09T06:25:12.005111+00:00] main.DEBUG: Add of item with id Magento_Catalog::catalog was processed [] []
[2024-07-09T06:25:12.005139+00:00] main.DEBUG: Add of item with id Magento_Catalog::catalog_products was processed [] []
[2024-07-09T06:25:12.005160+00:00] main.DEBUG: Add of item with id Magento_Catalog::catalog_categories was processed [] []
[2024-07-09T06:25:12.005188+00:00] main.DEBUG: Add of item with id Magento_Catalog::catalog_attributes_attributes was processed [] []
[2024-07-09T06:25:12.005210+00:00] main.DEBUG: Add of item with id Magento_Catalog::catalog_attributes_sets was processed [] []
[2024-07-09T06:25:12.005246+00:00] main.DEBUG: Add of item with id Magento_Catalog::inventory was processed [] []
[2024-07-09T06:25:12.005267+00:00] main.DEBUG: Add of item with id Magento_CatalogRule::promo was processed [] []
[2024-07-09T06:25:12.005295+00:00] main.DEBUG: Add of item with id Magento_CatalogRule::promo_catalog was processed [] []
[2024-07-09T06:25:12.005315+00:00] main.DEBUG: Add of item with id Magento_MediaGalleryUi::media was processed [] []
[2024-07-09T06:25:12.005343+00:00] main.DEBUG: Add of item with id Magento_MediaGalleryUi::media_gallery was processed [] []
[2024-07-09T06:25:12.005364+00:00] main.DEBUG: Add of item with id Magento_Sales::sales was processed [] []
[2024-07-09T06:25:12.005394+00:00] main.DEBUG: Add of item with id Magento_Sales::sales_operation was processed [] []
[2024-07-09T06:25:12.005423+00:00] main.DEBUG: Add of item with id Magento_Sales::sales_order was processed [] []
[2024-07-09T06:25:12.005443+00:00] main.DEBUG: Add of item with id Magento_Sales::sales_invoice was processed [] []
[2024-07-09T06:25:12.005462+00:00] main.DEBUG: Add of item with id Magento_Sales::sales_shipment was processed [] []
[2024-07-09T06:25:12.005481+00:00] main.DEBUG: Add of item with id Magento_Sales::sales_creditmemo was processed [] []
[2024-07-09T06:25:12.005500+00:00] main.DEBUG: Add of item with id Magento_Sales::sales_transactions was processed [] []
[2024-07-09T06:25:12.005518+00:00] main.DEBUG: Add of item with id Magento_Sales::system_order_statuses was processed [] []
[2024-07-09T06:25:12.005536+00:00] main.DEBUG: Add of item with id Magento_Widget::cms_widget_instance was processed [] []
[2024-07-09T06:25:12.005563+00:00] main.DEBUG: Add of item with id Magento_Analytics::business_intelligence was processed [] []
[2024-07-09T06:25:12.005592+00:00] main.DEBUG: Add of item with id Magento_Analytics::advanced_reporting was processed [] []
[2024-07-09T06:25:12.005612+00:00] main.DEBUG: Add of item with id Magento_Analytics::bi_essentials was processed [] []
[2024-07-09T06:25:12.005640+00:00] main.DEBUG: Add of item with id Magento_Downloadable::report_products_downloads was processed [] []
[2024-07-09T06:25:12.005673+00:00] main.DEBUG: Add of item with id Magento_Newsletter::newsletter_template was processed [] []
[2024-07-09T06:25:12.005704+00:00] main.DEBUG: Add of item with id Magento_Newsletter::newsletter_queue was processed [] []
[2024-07-09T06:25:12.005731+00:00] main.DEBUG: Add of item with id Magento_Newsletter::newsletter_subscriber was processed [] []
[2024-07-09T06:25:12.005766+00:00] main.DEBUG: Add of item with id Magento_Newsletter::newsletter_problem was processed [] []
[2024-07-09T06:25:12.005804+00:00] main.DEBUG: Add of item with id Magento_ImportExport::system_convert_import was processed [] []
[2024-07-09T06:25:12.005825+00:00] main.DEBUG: Add of item with id Magento_ImportExport::system_convert_export was processed [] []
[2024-07-09T06:25:12.005844+00:00] main.DEBUG: Add of item with id Magento_ImportExport::system_convert_history was processed [] []
[2024-07-09T06:25:12.005863+00:00] main.DEBUG: Add of item with id Magento_Email::template was processed [] []
[2024-07-09T06:25:12.005881+00:00] main.DEBUG: Add of item with id Magento_EncryptionKey::system_crypt_key was processed [] []
[2024-07-09T06:25:12.005900+00:00] main.DEBUG: Add of item with id Magento_InventoryAdminUi::inventory was processed [] []
[2024-07-09T06:25:12.005937+00:00] main.DEBUG: Add of item with id Magento_InventoryAdminUi::source was processed [] []
[2024-07-09T06:25:12.005998+00:00] main.DEBUG: Add of item with id Magento_InventoryAdminUi::stock was processed [] []
[2024-07-09T06:25:12.006018+00:00] main.DEBUG: Add of item with id Magento_Reports::report was processed [] []
[2024-07-09T06:25:12.006037+00:00] main.DEBUG: Add of item with id Magento_Reports::report_marketing was processed [] []
[2024-07-09T06:25:12.006056+00:00] main.DEBUG: Add of item with id Magento_Reports::report_salesroot was processed [] []
[2024-07-09T06:25:12.006085+00:00] main.DEBUG: Add of item with id Magento_Reports::report_salesroot_sales was processed [] []
[2024-07-09T06:25:12.006107+00:00] main.DEBUG: Add of item with id Magento_Reports::report_salesroot_tax was processed [] []
[2024-07-09T06:25:12.006126+00:00] main.DEBUG: Add of item with id Magento_Reports::report_salesroot_invoiced was processed [] []
[2024-07-09T06:25:12.006143+00:00] main.DEBUG: Add of item with id Magento_Reports::report_salesroot_shipping was processed [] []
[2024-07-09T06:25:12.006161+00:00] main.DEBUG: Add of item with id Magento_Reports::report_salesroot_refunded was processed [] []
[2024-07-09T06:25:12.006178+00:00] main.DEBUG: Add of item with id Magento_Reports::report_salesroot_coupons was processed [] []
[2024-07-09T06:25:12.006196+00:00] main.DEBUG: Add of item with id Magento_Reports::report_shopcart_product was processed [] []
[2024-07-09T06:25:12.006213+00:00] main.DEBUG: Add of item with id Magento_Reports::report_shopcart_abandoned was processed [] []
[2024-07-09T06:25:12.006232+00:00] main.DEBUG: Add of item with id Magento_Reports::report_products was processed [] []
[2024-07-09T06:25:12.006257+00:00] main.DEBUG: Add of item with id Magento_Reports::report_products_bestsellers was processed [] []
[2024-07-09T06:25:12.006276+00:00] main.DEBUG: Add of item with id Magento_Reports::report_products_sold was processed [] []
[2024-07-09T06:25:12.006293+00:00] main.DEBUG: Add of item with id Magento_Reports::report_products_viewed was processed [] []
[2024-07-09T06:25:12.006311+00:00] main.DEBUG: Add of item with id Magento_Reports::report_products_lowstock was processed [] []
[2024-07-09T06:25:12.006329+00:00] main.DEBUG: Add of item with id Magento_Reports::report_customers was processed [] []
[2024-07-09T06:25:12.006357+00:00] main.DEBUG: Add of item with id Magento_Reports::report_customers_accounts was processed [] []
[2024-07-09T06:25:12.006378+00:00] main.DEBUG: Add of item with id Magento_Reports::report_customers_totals was processed [] []
[2024-07-09T06:25:12.006396+00:00] main.DEBUG: Add of item with id Magento_Reports::report_customers_orders was processed [] []
[2024-07-09T06:25:12.006415+00:00] main.DEBUG: Add of item with id Magento_Reports::report_statistics was processed [] []
[2024-07-09T06:25:12.006441+00:00] main.DEBUG: Add of item with id Magento_Reports::report_statistics_refresh was processed [] []
[2024-07-09T06:25:12.006462+00:00] main.DEBUG: Add of item with id Magento_Search::report_search_term was processed [] []
[2024-07-09T06:25:12.006481+00:00] main.DEBUG: Add of item with id Magento_LoginAsCustomerLog::login_log was processed [] []
[2024-07-09T06:25:12.006500+00:00] main.DEBUG: Add of item with id Magento_Marketplace::partners was processed [] []
[2024-07-09T06:25:12.006528+00:00] main.DEBUG: Add of item with id Magento_SalesRule::promo_quote was processed [] []
[2024-07-09T06:25:12.006546+00:00] main.DEBUG: Add of item with id Magento_Sitemap::catalog_sitemap was processed [] []
[2024-07-09T06:25:12.006564+00:00] main.DEBUG: Add of item with id Magento_PageBuilder::templates was processed [] []
[2024-07-09T06:25:12.006582+00:00] main.DEBUG: Add of item with id Magento_Paypal::report_salesroot_paypal_settlement_reports was processed [] []
[2024-07-09T06:25:12.006601+00:00] main.DEBUG: Add of item with id Magento_Paypal::paypal_billing_agreement was processed [] []
[2024-07-09T06:25:12.006619+00:00] main.DEBUG: Add of item with id Magento_CheckoutAgreements::sales_checkoutagreement was processed [] []
[2024-07-09T06:25:12.006637+00:00] main.DEBUG: Add of item with id Magento_Review::catalog_reviews_ratings_ratings was processed [] []
[2024-07-09T06:25:12.006665+00:00] main.DEBUG: Add of item with id Magento_Review::catalog_reviews_ratings_pending was processed [] []
[2024-07-09T06:25:12.006686+00:00] main.DEBUG: Add of item with id Magento_Review::catalog_reviews_ratings_reviews_all was processed [] []
[2024-07-09T06:25:12.006705+00:00] main.DEBUG: Add of item with id Magento_Review::report_review was processed [] []
[2024-07-09T06:25:12.006732+00:00] main.DEBUG: Add of item with id Magento_Review::report_review_customer was processed [] []
[2024-07-09T06:25:12.006753+00:00] main.DEBUG: Add of item with id Magento_Review::report_review_product was processed [] []
[2024-07-09T06:25:12.006771+00:00] main.DEBUG: Add of item with id Magento_UrlRewrite::urlrewrite was processed [] []
[2024-07-09T06:25:12.006790+00:00] main.DEBUG: Add of item with id Magento_PaymentServicesDashboard::paymentservicesdashboard was processed [] []
[2024-07-09T06:25:12.006808+00:00] main.DEBUG: Add of item with id Magento_ServicesId::configuration was processed [] []
[2024-07-09T06:25:12.006835+00:00] main.DEBUG: Add of item with id Magento_ServicesId::services_id was processed [] []
[2024-07-09T06:25:12.006856+00:00] main.DEBUG: Add of item with id Magento_Tax::sales_tax was processed [] []
[2024-07-09T06:25:12.006884+00:00] main.DEBUG: Add of item with id Magento_Tax::sales_tax_rules was processed [] []
[2024-07-09T06:25:12.006905+00:00] main.DEBUG: Add of item with id Magento_Tax::sales_tax_rates was processed [] []
[2024-07-09T06:25:12.006924+00:00] main.DEBUG: Add of item with id Magento_TaxImportExport::system_convert_tax was processed [] []
[2024-07-09T06:25:12.006947+00:00] main.DEBUG: Add of item with id Magento_AsynchronousOperations::system_magento_logging was processed [] []
[2024-07-09T06:25:12.006993+00:00] main.DEBUG: Add of item with id Magento_AsynchronousOperations::system_magento_logging_bulk_operations was processed [] []
[2024-07-09T06:25:12.007025+00:00] main.DEBUG: Add of item with id Magento_CurrencySymbol::system_currency was processed [] []
[2024-07-09T06:25:12.007055+00:00] main.DEBUG: Add of item with id Magento_CurrencySymbol::system_currency_rates was processed [] []
[2024-07-09T06:25:12.007076+00:00] main.DEBUG: Add of item with id Magento_CurrencySymbol::system_currency_symbols was processed [] []
[2024-07-09T06:25:12.007096+00:00] main.DEBUG: Add of item with id PayPal_Braintree::settlement_report was processed [] []
[2024-07-09T06:25:12.007114+00:00] main.DEBUG: Add of item with id PayPal_Braintree::virtual_terminal was processed [] []
[2024-07-09T06:25:13.208539+00:00] main.INFO: Broken reference: the 'notification.messages' tries to reorder itself towards 'user', but their parents are different: 'header.inner.right' and 'header' respectively. [] []
[2024-07-09T06:25:21.284544+00:00] main.INFO: Broken reference: the 'notification.messages' tries to reorder itself towards 'user', but their parents are different: 'header.inner.right' and 'header' respectively. [] []
[2024-07-09T06:25:26.051438+00:00] main.INFO: Broken reference: the 'notification.messages' tries to reorder itself towards 'user', but their parents are different: 'header.inner.right' and 'header' respectively. [] []
[2024-07-09T06:25:31.496416+00:00] main.INFO: Broken reference: the 'notification.messages' tries to reorder itself towards 'user', but their parents are different: 'header.inner.right' and 'header' respectively. [] []
[2024-07-09T06:25:59.305234+00:00] main.INFO: Broken reference: the 'notification.messages' tries to reorder itself towards 'user', but their parents are different: 'header.inner.right' and 'header' respectively. [] []
[2024-07-09T06:26:03.406334+00:00] main.DEBUG: cache_invalidate:  {"method":"GET","url":"http:/","invalidateInfo":{"identifier":"DB_PDO_MYSQL_DDL_customer_grid_flat_1"}} []
[2024-07-09T06:26:03.406660+00:00] main.DEBUG: cache_invalidate:  {"method":"GET","url":"http:/","invalidateInfo":{"identifier":"DB_PDO_MYSQL_DDL_customer_grid_flat_2"}} []
[2024-07-09T06:26:03.406723+00:00] main.DEBUG: cache_invalidate:  {"method":"GET","url":"http:/","invalidateInfo":{"identifier":"DB_PDO_MYSQL_DDL_customer_grid_flat_3"}} []
[2024-07-09T06:26:03.406777+00:00] main.DEBUG: cache_invalidate:  {"method":"GET","url":"http:/","invalidateInfo":{"identifier":"DB_PDO_MYSQL_DDL_customer_grid_flat_4"}} []
[2024-07-09T06:26:03.407617+00:00] main.DEBUG: cache_invalidate:  {"method":"GET","url":"http:/","invalidateInfo":{"identifier":"DB_PDO_MYSQL_DDL_customer_grid_flat_5"}} []
[2024-07-09T06:26:03.421291+00:00] main.DEBUG: cache_invalidate:  {"method":"GET","url":"http:/","invalidateInfo":{"identifier":"DB_PDO_MYSQL_DDL_customer_grid_flat_1"}} []
[2024-07-09T06:26:03.421405+00:00] main.DEBUG: cache_invalidate:  {"method":"GET","url":"http:/","invalidateInfo":{"identifier":"DB_PDO_MYSQL_DDL_customer_grid_flat_2"}} []
[2024-07-09T06:26:03.421451+00:00] main.DEBUG: cache_invalidate:  {"method":"GET","url":"http:/","invalidateInfo":{"identifier":"DB_PDO_MYSQL_DDL_customer_grid_flat_3"}} []
[2024-07-09T06:26:03.421494+00:00] main.DEBUG: cache_invalidate:  {"method":"GET","url":"http:/","invalidateInfo":{"identifier":"DB_PDO_MYSQL_DDL_customer_grid_flat_4"}} []
[2024-07-09T06:26:03.421532+00:00] main.DEBUG: cache_invalidate:  {"method":"GET","url":"http:/","invalidateInfo":{"identifier":"DB_PDO_MYSQL_DDL_customer_grid_flat_5"}} []
[2024-07-09T06:26:03.524828+00:00] main.DEBUG: cache_invalidate:  {"method":"GET","url":"http:/","invalidateInfo":{"identifier":"DB_PDO_MYSQL_DDL_catalog_category_product_index_store1_1"}} []
[2024-07-09T06:26:03.525007+00:00] main.DEBUG: cache_invalidate:  {"method":"GET","url":"http:/","invalidateInfo":{"identifier":"DB_PDO_MYSQL_DDL_catalog_category_product_index_store1_2"}} []
[2024-07-09T06:26:03.525089+00:00] main.DEBUG: cache_invalidate:  {"method":"GET","url":"http:/","invalidateInfo":{"identifier":"DB_PDO_MYSQL_DDL_catalog_category_product_index_store1_3"}} []
[2024-07-09T06:26:03.525161+00:00] main.DEBUG: cache_invalidate:  {"method":"GET","url":"http:/","invalidateInfo":{"identifier":"DB_PDO_MYSQL_DDL_catalog_category_product_index_store1_4"}} []
[2024-07-09T06:26:03.526227+00:00] main.DEBUG: cache_invalidate:  {"method":"GET","url":"http:/","invalidateInfo":{"identifier":"DB_PDO_MYSQL_DDL_catalog_category_product_index_store1_5"}} []
[2024-07-09T06:26:03.526445+00:00] main.DEBUG: cache_invalidate:  {"method":"GET","url":"http:/","invalidateInfo":{"identifier":"DB_PDO_MYSQL_DDL_catalog_category_product_index_store1_outdated_1"}} []
[2024-07-09T06:26:03.526529+00:00] main.DEBUG: cache_invalidate:  {"method":"GET","url":"http:/","invalidateInfo":{"identifier":"DB_PDO_MYSQL_DDL_catalog_category_product_index_store1_outdated_2"}} []
[2024-07-09T06:26:03.526596+00:00] main.DEBUG: cache_invalidate:  {"method":"GET","url":"http:/","invalidateInfo":{"identifier":"DB_PDO_MYSQL_DDL_catalog_category_product_index_store1_outdated_3"}} []
[2024-07-09T06:26:03.526661+00:00] main.DEBUG: cache_invalidate:  {"method":"GET","url":"http:/","invalidateInfo":{"identifier":"DB_PDO_MYSQL_DDL_catalog_category_product_index_store1_outdated_4"}} []
[2024-07-09T06:26:03.526723+00:00] main.DEBUG: cache_invalidate:  {"method":"GET","url":"http:/","invalidateInfo":{"identifier":"DB_PDO_MYSQL_DDL_catalog_category_product_index_store1_outdated_5"}} []
[2024-07-09T06:26:03.528044+00:00] main.DEBUG: cache_invalidate:  {"method":"GET","url":"http:/","invalidateInfo":{"identifier":"DB_PDO_MYSQL_DDL_catalog_category_product_index_store1_replica_1"}} []
[2024-07-09T06:26:03.528203+00:00] main.DEBUG: cache_invalidate:  {"method":"GET","url":"http:/","invalidateInfo":{"identifier":"DB_PDO_MYSQL_DDL_catalog_category_product_index_store1_replica_2"}} []
[2024-07-09T06:26:03.528288+00:00] main.DEBUG: cache_invalidate:  {"method":"GET","url":"http:/","invalidateInfo":{"identifier":"DB_PDO_MYSQL_DDL_catalog_category_product_index_store1_replica_3"}} []
[2024-07-09T06:26:03.528504+00:00] main.DEBUG: cache_invalidate:  {"method":"GET","url":"http:/","invalidateInfo":{"identifier":"DB_PDO_MYSQL_DDL_catalog_category_product_index_store1_replica_4"}} []
[2024-07-09T06:26:03.529245+00:00] main.DEBUG: cache_invalidate:  {"method":"GET","url":"http:/","invalidateInfo":{"identifier":"DB_PDO_MYSQL_DDL_catalog_category_product_index_store1_replica_5"}} []
[2024-07-09T06:26:03.531961+00:00] main.DEBUG: cache_invalidate:  {"method":"GET","url":"http:/","invalidateInfo":{"tags":["cat_c","FPC"],"mode":"matchingTag"}} []
[2024-07-09T06:26:03.532756+00:00] main.DEBUG: cache_invalidate:  {"method":"GET","url":"http:/","invalidateInfo":{"tags":["cat_c"],"mode":"matchingAnyTag"}} []
[2024-07-09T06:26:03.707612+00:00] main.DEBUG: cache_invalidate:  {"method":"GET","url":"http:/","invalidateInfo":{"identifier":"DB_PDO_MYSQL_DDL_catalogrule_product_1"}} []
[2024-07-09T06:26:03.707748+00:00] main.DEBUG: cache_invalidate:  {"method":"GET","url":"http:/","invalidateInfo":{"identifier":"DB_PDO_MYSQL_DDL_catalogrule_product_2"}} []
[2024-07-09T06:26:03.707797+00:00] main.DEBUG: cache_invalidate:  {"method":"GET","url":"http:/","invalidateInfo":{"identifier":"DB_PDO_MYSQL_DDL_catalogrule_product_3"}} []
[2024-07-09T06:26:03.707861+00:00] main.DEBUG: cache_invalidate:  {"method":"GET","url":"http:/","invalidateInfo":{"identifier":"DB_PDO_MYSQL_DDL_catalogrule_product_4"}} []
[2024-07-09T06:26:03.707916+00:00] main.DEBUG: cache_invalidate:  {"method":"GET","url":"http:/","invalidateInfo":{"identifier":"DB_PDO_MYSQL_DDL_catalogrule_product_5"}} []
[2024-07-09T06:26:03.707971+00:00] main.DEBUG: cache_invalidate:  {"method":"GET","url":"http:/","invalidateInfo":{"identifier":"DB_PDO_MYSQL_DDL_catalogrule_producta0265bfc_1"}} []
[2024-07-09T06:26:03.708016+00:00] main.DEBUG: cache_invalidate:  {"method":"GET","url":"http:/","invalidateInfo":{"identifier":"DB_PDO_MYSQL_DDL_catalogrule_producta0265bfc_2"}} []
[2024-07-09T06:26:03.708061+00:00] main.DEBUG: cache_invalidate:  {"method":"GET","url":"http:/","invalidateInfo":{"identifier":"DB_PDO_MYSQL_DDL_catalogrule_producta0265bfc_3"}} []
[2024-07-09T06:26:03.708101+00:00] main.DEBUG: cache_invalidate:  {"method":"GET","url":"http:/","invalidateInfo":{"identifier":"DB_PDO_MYSQL_DDL_catalogrule_producta0265bfc_4"}} []
[2024-07-09T06:26:03.708146+00:00] main.DEBUG: cache_invalidate:  {"method":"GET","url":"http:/","invalidateInfo":{"identifier":"DB_PDO_MYSQL_DDL_catalogrule_producta0265bfc_5"}} []
[2024-07-09T06:26:03.708212+00:00] main.DEBUG: cache_invalidate:  {"method":"GET","url":"http:/","invalidateInfo":{"identifier":"DB_PDO_MYSQL_DDL_catalogrule_product__tempadf10ef5_1"}} []
[2024-07-09T06:26:03.708287+00:00] main.DEBUG: cache_invalidate:  {"method":"GET","url":"http:/","invalidateInfo":{"identifier":"DB_PDO_MYSQL_DDL_catalogrule_product__tempadf10ef5_2"}} []
[2024-07-09T06:26:03.708369+00:00] main.DEBUG: cache_invalidate:  {"method":"GET","url":"http:/","invalidateInfo":{"identifier":"DB_PDO_MYSQL_DDL_catalogrule_product__tempadf10ef5_3"}} []
[2024-07-09T06:26:03.708426+00:00] main.DEBUG: cache_invalidate:  {"method":"GET","url":"http:/","invalidateInfo":{"identifier":"DB_PDO_MYSQL_DDL_catalogrule_product__tempadf10ef5_4"}} []
[2024-07-09T06:26:03.708474+00:00] main.DEBUG: cache_invalidate:  {"method":"GET","url":"http:/","invalidateInfo":{"identifier":"DB_PDO_MYSQL_DDL_catalogrule_product__tempadf10ef5_5"}} []
[2024-07-09T06:26:03.708564+00:00] main.DEBUG: cache_invalidate:  {"method":"GET","url":"http:/","invalidateInfo":{"identifier":"DB_PDO_MYSQL_DDL_catalogrule_product_price_1"}} []
[2024-07-09T06:26:03.708617+00:00] main.DEBUG: cache_invalidate:  {"method":"GET","url":"http:/","invalidateInfo":{"identifier":"DB_PDO_MYSQL_DDL_catalogrule_product_price_2"}} []
[2024-07-09T06:26:03.708663+00:00] main.DEBUG: cache_invalidate:  {"method":"GET","url":"http:/","invalidateInfo":{"identifier":"DB_PDO_MYSQL_DDL_catalogrule_product_price_3"}} []
[2024-07-09T06:26:03.708706+00:00] main.DEBUG: cache_invalidate:  {"method":"GET","url":"http:/","invalidateInfo":{"identifier":"DB_PDO_MYSQL_DDL_catalogrule_product_price_4"}} []
[2024-07-09T06:26:03.708748+00:00] main.DEBUG: cache_invalidate:  {"method":"GET","url":"http:/","invalidateInfo":{"identifier":"DB_PDO_MYSQL_DDL_catalogrule_product_price_5"}} []
[2024-07-09T06:26:03.708797+00:00] main.DEBUG: cache_invalidate:  {"method":"GET","url":"http:/","invalidateInfo":{"identifier":"DB_PDO_MYSQL_DDL_catalogrule_product_priced5e9c593_1"}} []
[2024-07-09T06:26:03.708869+00:00] main.DEBUG: cache_invalidate:  {"method":"GET","url":"http:/","invalidateInfo":{"identifier":"DB_PDO_MYSQL_DDL_catalogrule_product_priced5e9c593_2"}} []
[2024-07-09T06:26:03.708952+00:00] main.DEBUG: cache_invalidate:  {"method":"GET","url":"http:/","invalidateInfo":{"identifier":"DB_PDO_MYSQL_DDL_catalogrule_product_priced5e9c593_3"}} []
[2024-07-09T06:26:03.709023+00:00] main.DEBUG: cache_invalidate:  {"method":"GET","url":"http:/","invalidateInfo":{"identifier":"DB_PDO_MYSQL_DDL_catalogrule_product_priced5e9c593_4"}} []
[2024-07-09T06:26:03.709070+00:00] main.DEBUG: cache_invalidate:  {"method":"GET","url":"http:/","invalidateInfo":{"identifier":"DB_PDO_MYSQL_DDL_catalogrule_product_priced5e9c593_5"}} []
[2024-07-09T06:26:03.709114+00:00] main.DEBUG: cache_invalidate:  {"method":"GET","url":"http:/","invalidateInfo":{"identifier":"DB_PDO_MYSQL_DDL_catalogrule_product_price__temp51c66c58_1"}} []
[2024-07-09T06:26:03.709201+00:00] main.DEBUG: cache_invalidate:  {"method":"GET","url":"http:/","invalidateInfo":{"identifier":"DB_PDO_MYSQL_DDL_catalogrule_product_price__temp51c66c58_2"}} []
[2024-07-09T06:26:03.709256+00:00] main.DEBUG: cache_invalidate:  {"method":"GET","url":"http:/","invalidateInfo":{"identifier":"DB_PDO_MYSQL_DDL_catalogrule_product_price__temp51c66c58_3"}} []
[2024-07-09T06:26:03.709306+00:00] main.DEBUG: cache_invalidate:  {"method":"GET","url":"http:/","invalidateInfo":{"identifier":"DB_PDO_MYSQL_DDL_catalogrule_product_price__temp51c66c58_4"}} []
[2024-07-09T06:26:03.709368+00:00] main.DEBUG: cache_invalidate:  {"method":"GET","url":"http:/","invalidateInfo":{"identifier":"DB_PDO_MYSQL_DDL_catalogrule_product_price__temp51c66c58_5"}} []
[2024-07-09T06:26:03.709415+00:00] main.DEBUG: cache_invalidate:  {"method":"GET","url":"http:/","invalidateInfo":{"identifier":"DB_PDO_MYSQL_DDL_catalogrule_group_website_1"}} []
[2024-07-09T06:26:03.709453+00:00] main.DEBUG: cache_invalidate:  {"method":"GET","url":"http:/","invalidateInfo":{"identifier":"DB_PDO_MYSQL_DDL_catalogrule_group_website_2"}} []
[2024-07-09T06:26:03.709491+00:00] main.DEBUG: cache_invalidate:  {"method":"GET","url":"http:/","invalidateInfo":{"identifier":"DB_PDO_MYSQL_DDL_catalogrule_group_website_3"}} []
[2024-07-09T06:26:03.709548+00:00] main.DEBUG: cache_invalidate:  {"method":"GET","url":"http:/","invalidateInfo":{"identifier":"DB_PDO_MYSQL_DDL_catalogrule_group_website_4"}} []
[2024-07-09T06:26:03.709590+00:00] main.DEBUG: cache_invalidate:  {"method":"GET","url":"http:/","invalidateInfo":{"identifier":"DB_PDO_MYSQL_DDL_catalogrule_group_website_5"}} []
[2024-07-09T06:26:03.709631+00:00] main.DEBUG: cache_invalidate:  {"method":"GET","url":"http:/","invalidateInfo":{"identifier":"DB_PDO_MYSQL_DDL_catalogrule_group_websitea30cc980_1"}} []
[2024-07-09T06:26:03.709680+00:00] main.DEBUG: cache_invalidate:  {"method":"GET","url":"http:/","invalidateInfo":{"identifier":"DB_PDO_MYSQL_DDL_catalogrule_group_websitea30cc980_2"}} []
[2024-07-09T06:26:03.709741+00:00] main.DEBUG: cache_invalidate:  {"method":"GET","url":"http:/","invalidateInfo":{"identifier":"DB_PDO_MYSQL_DDL_catalogrule_group_websitea30cc980_3"}} []
[2024-07-09T06:26:03.709782+00:00] main.DEBUG: cache_invalidate:  {"method":"GET","url":"http:/","invalidateInfo":{"identifier":"DB_PDO_MYSQL_DDL_catalogrule_group_websitea30cc980_4"}} []
[2024-07-09T06:26:03.709827+00:00] main.DEBUG: cache_invalidate:  {"method":"GET","url":"http:/","invalidateInfo":{"identifier":"DB_PDO_MYSQL_DDL_catalogrule_group_websitea30cc980_5"}} []
[2024-07-09T06:26:03.709889+00:00] main.DEBUG: cache_invalidate:  {"method":"GET","url":"http:/","invalidateInfo":{"identifier":"DB_PDO_MYSQL_DDL_catalogrule_group_website__tempb27403fe_1"}} []
[2024-07-09T06:26:03.709934+00:00] main.DEBUG: cache_invalidate:  {"method":"GET","url":"http:/","invalidateInfo":{"identifier":"DB_PDO_MYSQL_DDL_catalogrule_group_website__tempb27403fe_2"}} []
[2024-07-09T06:26:03.710017+00:00] main.DEBUG: cache_invalidate:  {"method":"GET","url":"http:/","invalidateInfo":{"identifier":"DB_PDO_MYSQL_DDL_catalogrule_group_website__tempb27403fe_3"}} []
[2024-07-09T06:26:03.710062+00:00] main.DEBUG: cache_invalidate:  {"method":"GET","url":"http:/","invalidateInfo":{"identifier":"DB_PDO_MYSQL_DDL_catalogrule_group_website__tempb27403fe_4"}} []
[2024-07-09T06:26:03.710123+00:00] main.DEBUG: cache_invalidate:  {"method":"GET","url":"http:/","invalidateInfo":{"identifier":"DB_PDO_MYSQL_DDL_catalogrule_group_website__tempb27403fe_5"}} []
[2024-07-09T06:26:03.714089+00:00] main.DEBUG: cache_invalidate:  {"method":"GET","url":"http:/","invalidateInfo":{"identifier":"DB_PDO_MYSQL_DDL_catalogrule_producta0265bfc_1"}} []
[2024-07-09T06:26:03.714215+00:00] main.DEBUG: cache_invalidate:  {"method":"GET","url":"http:/","invalidateInfo":{"identifier":"DB_PDO_MYSQL_DDL_catalogrule_producta0265bfc_2"}} []
[2024-07-09T06:26:03.714265+00:00] main.DEBUG: cache_invalidate:  {"method":"GET","url":"http:/","invalidateInfo":{"identifier":"DB_PDO_MYSQL_DDL_catalogrule_producta0265bfc_3"}} []
[2024-07-09T06:26:03.714307+00:00] main.DEBUG: cache_invalidate:  {"method":"GET","url":"http:/","invalidateInfo":{"identifier":"DB_PDO_MYSQL_DDL_catalogrule_producta0265bfc_4"}} []
[2024-07-09T06:26:03.714345+00:00] main.DEBUG: cache_invalidate:  {"method":"GET","url":"http:/","invalidateInfo":{"identifier":"DB_PDO_MYSQL_DDL_catalogrule_producta0265bfc_5"}} []
[2024-07-09T06:26:03.719008+00:00] main.DEBUG: cache_invalidate:  {"method":"GET","url":"http:/","invalidateInfo":{"identifier":"DB_PDO_MYSQL_DDL_catalogrule_product_priced5e9c593_1"}} []
[2024-07-09T06:26:03.719108+00:00] main.DEBUG: cache_invalidate:  {"method":"GET","url":"http:/","invalidateInfo":{"identifier":"DB_PDO_MYSQL_DDL_catalogrule_product_priced5e9c593_2"}} []
[2024-07-09T06:26:03.719152+00:00] main.DEBUG: cache_invalidate:  {"method":"GET","url":"http:/","invalidateInfo":{"identifier":"DB_PDO_MYSQL_DDL_catalogrule_product_priced5e9c593_3"}} []
[2024-07-09T06:26:03.719190+00:00] main.DEBUG: cache_invalidate:  {"method":"GET","url":"http:/","invalidateInfo":{"identifier":"DB_PDO_MYSQL_DDL_catalogrule_product_priced5e9c593_4"}} []
[2024-07-09T06:26:03.719230+00:00] main.DEBUG: cache_invalidate:  {"method":"GET","url":"http:/","invalidateInfo":{"identifier":"DB_PDO_MYSQL_DDL_catalogrule_product_priced5e9c593_5"}} []
[2024-07-09T06:26:03.722472+00:00] main.DEBUG: cache_invalidate:  {"method":"GET","url":"http:/","invalidateInfo":{"identifier":"DB_PDO_MYSQL_DDL_catalogrule_group_websitea30cc980_1"}} []
[2024-07-09T06:26:03.722574+00:00] main.DEBUG: cache_invalidate:  {"method":"GET","url":"http:/","invalidateInfo":{"identifier":"DB_PDO_MYSQL_DDL_catalogrule_group_websitea30cc980_2"}} []
[2024-07-09T06:26:03.722624+00:00] main.DEBUG: cache_invalidate:  {"method":"GET","url":"http:/","invalidateInfo":{"identifier":"DB_PDO_MYSQL_DDL_catalogrule_group_websitea30cc980_3"}} []
[2024-07-09T06:26:03.722665+00:00] main.DEBUG: cache_invalidate:  {"method":"GET","url":"http:/","invalidateInfo":{"identifier":"DB_PDO_MYSQL_DDL_catalogrule_group_websitea30cc980_4"}} []
[2024-07-09T06:26:03.722735+00:00] main.DEBUG: cache_invalidate:  {"method":"GET","url":"http:/","invalidateInfo":{"identifier":"DB_PDO_MYSQL_DDL_catalogrule_group_websitea30cc980_5"}} []
[2024-07-09T06:26:03.734298+00:00] main.DEBUG: cache_invalidate:  {"method":"GET","url":"http:/","invalidateInfo":{"tags":["cat_c","FPC"],"mode":"matchingTag"}} []
[2024-07-09T06:26:03.734451+00:00] main.DEBUG: cache_invalidate:  {"method":"GET","url":"http:/","invalidateInfo":{"tags":["cat_p","FPC"],"mode":"matchingTag"}} []
[2024-07-09T06:26:03.734503+00:00] main.DEBUG: cache_invalidate:  {"method":"GET","url":"http:/","invalidateInfo":{"tags":["BLOCK_HTML","FPC"],"mode":"matchingTag"}} []
[2024-07-09T06:26:03.735430+00:00] main.DEBUG: cache_invalidate:  {"method":"GET","url":"http:/","invalidateInfo":{"tags":["cat_c","cat_p","BLOCK_HTML"],"mode":"matchingAnyTag"}} []
[2024-07-09T06:26:03.789159+00:00] main.DEBUG: cache_invalidate:  {"method":"GET","url":"http:/","invalidateInfo":{"identifier":"DB_PDO_MYSQL_DDL_catalog_product_index_eav_1"}} []
[2024-07-09T06:26:03.789277+00:00] main.DEBUG: cache_invalidate:  {"method":"GET","url":"http:/","invalidateInfo":{"identifier":"DB_PDO_MYSQL_DDL_catalog_product_index_eav_2"}} []
[2024-07-09T06:26:03.789328+00:00] main.DEBUG: cache_invalidate:  {"method":"GET","url":"http:/","invalidateInfo":{"identifier":"DB_PDO_MYSQL_DDL_catalog_product_index_eav_3"}} []
[2024-07-09T06:26:03.789373+00:00] main.DEBUG: cache_invalidate:  {"method":"GET","url":"http:/","invalidateInfo":{"identifier":"DB_PDO_MYSQL_DDL_catalog_product_index_eav_4"}} []
[2024-07-09T06:26:03.789414+00:00] main.DEBUG: cache_invalidate:  {"method":"GET","url":"http:/","invalidateInfo":{"identifier":"DB_PDO_MYSQL_DDL_catalog_product_index_eav_5"}} []
[2024-07-09T06:26:03.789462+00:00] main.DEBUG: cache_invalidate:  {"method":"GET","url":"http:/","invalidateInfo":{"identifier":"DB_PDO_MYSQL_DDL_catalog_product_index_eav_outdated_1"}} []
[2024-07-09T06:26:03.789505+00:00] main.DEBUG: cache_invalidate:  {"method":"GET","url":"http:/","invalidateInfo":{"identifier":"DB_PDO_MYSQL_DDL_catalog_product_index_eav_outdated_2"}} []
[2024-07-09T06:26:03.789544+00:00] main.DEBUG: cache_invalidate:  {"method":"GET","url":"http:/","invalidateInfo":{"identifier":"DB_PDO_MYSQL_DDL_catalog_product_index_eav_outdated_3"}} []
[2024-07-09T06:26:03.789584+00:00] main.DEBUG: cache_invalidate:  {"method":"GET","url":"http:/","invalidateInfo":{"identifier":"DB_PDO_MYSQL_DDL_catalog_product_index_eav_outdated_4"}} []
[2024-07-09T06:26:03.789627+00:00] main.DEBUG: cache_invalidate:  {"method":"GET","url":"http:/","invalidateInfo":{"identifier":"DB_PDO_MYSQL_DDL_catalog_product_index_eav_outdated_5"}} []
[2024-07-09T06:26:03.789669+00:00] main.DEBUG: cache_invalidate:  {"method":"GET","url":"http:/","invalidateInfo":{"identifier":"DB_PDO_MYSQL_DDL_catalog_product_index_eav_replica_1"}} []
[2024-07-09T06:26:03.789708+00:00] main.DEBUG: cache_invalidate:  {"method":"GET","url":"http:/","invalidateInfo":{"identifier":"DB_PDO_MYSQL_DDL_catalog_product_index_eav_replica_2"}} []
[2024-07-09T06:26:03.789747+00:00] main.DEBUG: cache_invalidate:  {"method":"GET","url":"http:/","invalidateInfo":{"identifier":"DB_PDO_MYSQL_DDL_catalog_product_index_eav_replica_3"}} []
[2024-07-09T06:26:03.789791+00:00] main.DEBUG: cache_invalidate:  {"method":"GET","url":"http:/","invalidateInfo":{"identifier":"DB_PDO_MYSQL_DDL_catalog_product_index_eav_replica_4"}} []
[2024-07-09T06:26:03.790426+00:00] main.DEBUG: cache_invalidate:  {"method":"GET","url":"http:/","invalidateInfo":{"identifier":"DB_PDO_MYSQL_DDL_catalog_product_index_eav_replica_5"}} []
[2024-07-09T06:26:03.808311+00:00] main.DEBUG: cache_invalidate:  {"method":"GET","url":"http:/","invalidateInfo":{"identifier":"DB_PDO_MYSQL_DDL_catalog_product_index_eav_decimal_1"}} []
[2024-07-09T06:26:03.808486+00:00] main.DEBUG: cache_invalidate:  {"method":"GET","url":"http:/","invalidateInfo":{"identifier":"DB_PDO_MYSQL_DDL_catalog_product_index_eav_decimal_2"}} []
[2024-07-09T06:26:03.808579+00:00] main.DEBUG: cache_invalidate:  {"method":"GET","url":"http:/","invalidateInfo":{"identifier":"DB_PDO_MYSQL_DDL_catalog_product_index_eav_decimal_3"}} []
[2024-07-09T06:26:03.808648+00:00] main.DEBUG: cache_invalidate:  {"method":"GET","url":"http:/","invalidateInfo":{"identifier":"DB_PDO_MYSQL_DDL_catalog_product_index_eav_decimal_4"}} []
[2024-07-09T06:26:03.808710+00:00] main.DEBUG: cache_invalidate:  {"method":"GET","url":"http:/","invalidateInfo":{"identifier":"DB_PDO_MYSQL_DDL_catalog_product_index_eav_decimal_5"}} []
[2024-07-09T06:26:03.808782+00:00] main.DEBUG: cache_invalidate:  {"method":"GET","url":"http:/","invalidateInfo":{"identifier":"DB_PDO_MYSQL_DDL_catalog_product_index_eav_decimal_outdated_1"}} []
[2024-07-09T06:26:03.808842+00:00] main.DEBUG: cache_invalidate:  {"method":"GET","url":"http:/","invalidateInfo":{"identifier":"DB_PDO_MYSQL_DDL_catalog_product_index_eav_decimal_outdated_2"}} []
[2024-07-09T06:26:03.808903+00:00] main.DEBUG: cache_invalidate:  {"method":"GET","url":"http:/","invalidateInfo":{"identifier":"DB_PDO_MYSQL_DDL_catalog_product_index_eav_decimal_outdated_3"}} []
[2024-07-09T06:26:03.808965+00:00] main.DEBUG: cache_invalidate:  {"method":"GET","url":"http:/","invalidateInfo":{"identifier":"DB_PDO_MYSQL_DDL_catalog_product_index_eav_decimal_outdated_4"}} []
[2024-07-09T06:26:03.809038+00:00] main.DEBUG: cache_invalidate:  {"method":"GET","url":"http:/","invalidateInfo":{"identifier":"DB_PDO_MYSQL_DDL_catalog_product_index_eav_decimal_outdated_5"}} []
[2024-07-09T06:26:03.809107+00:00] main.DEBUG: cache_invalidate:  {"method":"GET","url":"http:/","invalidateInfo":{"identifier":"DB_PDO_MYSQL_DDL_catalog_product_index_eav_decimal_replica_1"}} []
[2024-07-09T06:26:03.809390+00:00] main.DEBUG: cache_invalidate:  {"method":"GET","url":"http:/","invalidateInfo":{"identifier":"DB_PDO_MYSQL_DDL_catalog_product_index_eav_decimal_replica_2"}} []
[2024-07-09T06:26:03.809494+00:00] main.DEBUG: cache_invalidate:  {"method":"GET","url":"http:/","invalidateInfo":{"identifier":"DB_PDO_MYSQL_DDL_catalog_product_index_eav_decimal_replica_3"}} []
[2024-07-09T06:26:03.809547+00:00] main.DEBUG: cache_invalidate:  {"method":"GET","url":"http:/","invalidateInfo":{"identifier":"DB_PDO_MYSQL_DDL_catalog_product_index_eav_decimal_replica_4"}} []
[2024-07-09T06:26:03.810438+00:00] main.DEBUG: cache_invalidate:  {"method":"GET","url":"http:/","invalidateInfo":{"identifier":"DB_PDO_MYSQL_DDL_catalog_product_index_eav_decimal_replica_5"}} []
[2024-07-09T06:26:03.810774+00:00] main.DEBUG: cache_invalidate:  {"method":"GET","url":"http:/","invalidateInfo":{"tags":["cat_c","FPC"],"mode":"matchingTag"}} []
[2024-07-09T06:26:03.810848+00:00] main.DEBUG: cache_invalidate:  {"method":"GET","url":"http:/","invalidateInfo":{"tags":["cat_p","FPC"],"mode":"matchingTag"}} []
[2024-07-09T06:26:03.810937+00:00] main.DEBUG: cache_invalidate:  {"method":"GET","url":"http:/","invalidateInfo":{"tags":["cat_c","cat_p"],"mode":"matchingAnyTag"}} []
[2024-07-09T06:26:03.860854+00:00] main.DEBUG: cache_invalidate:  {"method":"GET","url":"http:/","invalidateInfo":{"identifier":"DB_PDO_MYSQL_DDL_cataloginventory_stock_status_1"}} []
[2024-07-09T06:26:03.861012+00:00] main.DEBUG: cache_invalidate:  {"method":"GET","url":"http:/","invalidateInfo":{"identifier":"DB_PDO_MYSQL_DDL_cataloginventory_stock_status_2"}} []
[2024-07-09T06:26:03.861073+00:00] main.DEBUG: cache_invalidate:  {"method":"GET","url":"http:/","invalidateInfo":{"identifier":"DB_PDO_MYSQL_DDL_cataloginventory_stock_status_3"}} []
[2024-07-09T06:26:03.861134+00:00] main.DEBUG: cache_invalidate:  {"method":"GET","url":"http:/","invalidateInfo":{"identifier":"DB_PDO_MYSQL_DDL_cataloginventory_stock_status_4"}} []
[2024-07-09T06:26:03.861205+00:00] main.DEBUG: cache_invalidate:  {"method":"GET","url":"http:/","invalidateInfo":{"identifier":"DB_PDO_MYSQL_DDL_cataloginventory_stock_status_5"}} []
[2024-07-09T06:26:03.861282+00:00] main.DEBUG: cache_invalidate:  {"method":"GET","url":"http:/","invalidateInfo":{"identifier":"DB_PDO_MYSQL_DDL_cataloginventory_stock_status_outdated_1"}} []
[2024-07-09T06:26:03.861354+00:00] main.DEBUG: cache_invalidate:  {"method":"GET","url":"http:/","invalidateInfo":{"identifier":"DB_PDO_MYSQL_DDL_cataloginventory_stock_status_outdated_2"}} []
[2024-07-09T06:26:03.861412+00:00] main.DEBUG: cache_invalidate:  {"method":"GET","url":"http:/","invalidateInfo":{"identifier":"DB_PDO_MYSQL_DDL_cataloginventory_stock_status_outdated_3"}} []
[2024-07-09T06:26:03.861476+00:00] main.DEBUG: cache_invalidate:  {"method":"GET","url":"http:/","invalidateInfo":{"identifier":"DB_PDO_MYSQL_DDL_cataloginventory_stock_status_outdated_4"}} []
[2024-07-09T06:26:03.861542+00:00] main.DEBUG: cache_invalidate:  {"method":"GET","url":"http:/","invalidateInfo":{"identifier":"DB_PDO_MYSQL_DDL_cataloginventory_stock_status_outdated_5"}} []
[2024-07-09T06:26:03.861598+00:00] main.DEBUG: cache_invalidate:  {"method":"GET","url":"http:/","invalidateInfo":{"identifier":"DB_PDO_MYSQL_DDL_cataloginventory_stock_status_replica_1"}} []
[2024-07-09T06:26:03.861660+00:00] main.DEBUG: cache_invalidate:  {"method":"GET","url":"http:/","invalidateInfo":{"identifier":"DB_PDO_MYSQL_DDL_cataloginventory_stock_status_replica_2"}} []
[2024-07-09T06:26:03.861724+00:00] main.DEBUG: cache_invalidate:  {"method":"GET","url":"http:/","invalidateInfo":{"identifier":"DB_PDO_MYSQL_DDL_cataloginventory_stock_status_replica_3"}} []
[2024-07-09T06:26:03.861777+00:00] main.DEBUG: cache_invalidate:  {"method":"GET","url":"http:/","invalidateInfo":{"identifier":"DB_PDO_MYSQL_DDL_cataloginventory_stock_status_replica_4"}} []
[2024-07-09T06:26:03.862852+00:00] main.DEBUG: cache_invalidate:  {"method":"GET","url":"http:/","invalidateInfo":{"identifier":"DB_PDO_MYSQL_DDL_cataloginventory_stock_status_replica_5"}} []
[2024-07-09T06:26:03.863295+00:00] main.DEBUG: cache_invalidate:  {"method":"GET","url":"http:/","invalidateInfo":{"tags":["cat_c","FPC"],"mode":"matchingTag"}} []
[2024-07-09T06:26:03.863441+00:00] main.DEBUG: cache_invalidate:  {"method":"GET","url":"http:/","invalidateInfo":{"tags":["cat_p","FPC"],"mode":"matchingTag"}} []
[2024-07-09T06:26:03.863687+00:00] main.DEBUG: cache_invalidate:  {"method":"GET","url":"http:/","invalidateInfo":{"tags":["cat_c","cat_p"],"mode":"matchingAnyTag"}} []
[2024-07-09T06:26:03.977661+00:00] main.DEBUG: cache_invalidate:  {"method":"GET","url":"http:/","invalidateInfo":{"identifier":"DB_PDO_MYSQL_DDL_catalog_product_index_price_1"}} []
[2024-07-09T06:26:03.977780+00:00] main.DEBUG: cache_invalidate:  {"method":"GET","url":"http:/","invalidateInfo":{"identifier":"DB_PDO_MYSQL_DDL_catalog_product_index_price_2"}} []
[2024-07-09T06:26:03.977831+00:00] main.DEBUG: cache_invalidate:  {"method":"GET","url":"http:/","invalidateInfo":{"identifier":"DB_PDO_MYSQL_DDL_catalog_product_index_price_3"}} []
[2024-07-09T06:26:03.977874+00:00] main.DEBUG: cache_invalidate:  {"method":"GET","url":"http:/","invalidateInfo":{"identifier":"DB_PDO_MYSQL_DDL_catalog_product_index_price_4"}} []
[2024-07-09T06:26:03.977916+00:00] main.DEBUG: cache_invalidate:  {"method":"GET","url":"http:/","invalidateInfo":{"identifier":"DB_PDO_MYSQL_DDL_catalog_product_index_price_5"}} []
[2024-07-09T06:26:03.977989+00:00] main.DEBUG: cache_invalidate:  {"method":"GET","url":"http:/","invalidateInfo":{"identifier":"DB_PDO_MYSQL_DDL_catalog_product_index_price_outdated_1"}} []
[2024-07-09T06:26:03.978035+00:00] main.DEBUG: cache_invalidate:  {"method":"GET","url":"http:/","invalidateInfo":{"identifier":"DB_PDO_MYSQL_DDL_catalog_product_index_price_outdated_2"}} []
[2024-07-09T06:26:03.978078+00:00] main.DEBUG: cache_invalidate:  {"method":"GET","url":"http:/","invalidateInfo":{"identifier":"DB_PDO_MYSQL_DDL_catalog_product_index_price_outdated_3"}} []
[2024-07-09T06:26:03.978120+00:00] main.DEBUG: cache_invalidate:  {"method":"GET","url":"http:/","invalidateInfo":{"identifier":"DB_PDO_MYSQL_DDL_catalog_product_index_price_outdated_4"}} []
[2024-07-09T06:26:03.978159+00:00] main.DEBUG: cache_invalidate:  {"method":"GET","url":"http:/","invalidateInfo":{"identifier":"DB_PDO_MYSQL_DDL_catalog_product_index_price_outdated_5"}} []
[2024-07-09T06:26:03.978212+00:00] main.DEBUG: cache_invalidate:  {"method":"GET","url":"http:/","invalidateInfo":{"identifier":"DB_PDO_MYSQL_DDL_catalog_product_index_price_replica_1"}} []
[2024-07-09T06:26:03.978253+00:00] main.DEBUG: cache_invalidate:  {"method":"GET","url":"http:/","invalidateInfo":{"identifier":"DB_PDO_MYSQL_DDL_catalog_product_index_price_replica_2"}} []
[2024-07-09T06:26:03.978295+00:00] main.DEBUG: cache_invalidate:  {"method":"GET","url":"http:/","invalidateInfo":{"identifier":"DB_PDO_MYSQL_DDL_catalog_product_index_price_replica_3"}} []
[2024-07-09T06:26:03.978336+00:00] main.DEBUG: cache_invalidate:  {"method":"GET","url":"http:/","invalidateInfo":{"identifier":"DB_PDO_MYSQL_DDL_catalog_product_index_price_replica_4"}} []
[2024-07-09T06:26:03.979274+00:00] main.DEBUG: cache_invalidate:  {"method":"GET","url":"http:/","invalidateInfo":{"identifier":"DB_PDO_MYSQL_DDL_catalog_product_index_price_replica_5"}} []
[2024-07-09T06:26:03.979758+00:00] main.DEBUG: cache_invalidate:  {"method":"GET","url":"http:/","invalidateInfo":{"tags":["cat_c","FPC"],"mode":"matchingTag"}} []
[2024-07-09T06:26:03.979857+00:00] main.DEBUG: cache_invalidate:  {"method":"GET","url":"http:/","invalidateInfo":{"tags":["cat_p","FPC"],"mode":"matchingTag"}} []
[2024-07-09T06:26:03.979973+00:00] main.DEBUG: cache_invalidate:  {"method":"GET","url":"http:/","invalidateInfo":{"tags":["cat_c","cat_p"],"mode":"matchingAnyTag"}} []
[2024-07-09T06:26:04.538457+00:00] main.INFO: {"feed":"stores","operation":"full reindex(legacy)","status":"Initialize","elapsed":"833 ms","pid":"51893","caller":"bin\/magento indexer:reindex"} [] []
[2024-07-09T06:26:04.554012+00:00] main.DEBUG: cache_invalidate:  {"method":"GET","url":"http:/","invalidateInfo":{"identifier":"DB_PDO_MYSQL_DDL_stores_data_exporter_index_sequence_1"}} []
[2024-07-09T06:26:04.554175+00:00] main.DEBUG: cache_invalidate:  {"method":"GET","url":"http:/","invalidateInfo":{"identifier":"DB_PDO_MYSQL_DDL_stores_data_exporter_index_sequence_2"}} []
[2024-07-09T06:26:04.554235+00:00] main.DEBUG: cache_invalidate:  {"method":"GET","url":"http:/","invalidateInfo":{"identifier":"DB_PDO_MYSQL_DDL_stores_data_exporter_index_sequence_3"}} []
[2024-07-09T06:26:04.554287+00:00] main.DEBUG: cache_invalidate:  {"method":"GET","url":"http:/","invalidateInfo":{"identifier":"DB_PDO_MYSQL_DDL_stores_data_exporter_index_sequence_4"}} []
[2024-07-09T06:26:04.554349+00:00] main.DEBUG: cache_invalidate:  {"method":"GET","url":"http:/","invalidateInfo":{"identifier":"DB_PDO_MYSQL_DDL_stores_data_exporter_index_sequence_5"}} []
[2024-07-09T06:26:04.558351+00:00] main.DEBUG: cache_invalidate:  {"method":"GET","url":"http:/","invalidateInfo":{"identifier":"DB_PDO_MYSQL_DDL_stores_data_exporter_index_sequence_1"}} []
[2024-07-09T06:26:04.558534+00:00] main.DEBUG: cache_invalidate:  {"method":"GET","url":"http:/","invalidateInfo":{"identifier":"DB_PDO_MYSQL_DDL_stores_data_exporter_index_sequence_2"}} []
[2024-07-09T06:26:04.558617+00:00] main.DEBUG: cache_invalidate:  {"method":"GET","url":"http:/","invalidateInfo":{"identifier":"DB_PDO_MYSQL_DDL_stores_data_exporter_index_sequence_3"}} []
[2024-07-09T06:26:04.558686+00:00] main.DEBUG: cache_invalidate:  {"method":"GET","url":"http:/","invalidateInfo":{"identifier":"DB_PDO_MYSQL_DDL_stores_data_exporter_index_sequence_4"}} []
[2024-07-09T06:26:04.558752+00:00] main.DEBUG: cache_invalidate:  {"method":"GET","url":"http:/","invalidateInfo":{"identifier":"DB_PDO_MYSQL_DDL_stores_data_exporter_index_sequence_5"}} []
[2024-07-09T06:26:04.562086+00:00] main.INFO: {"feed":"stores","operation":"full reindex(legacy)","status":"Creating batch table `stores_data_exporter_index_batches`. Start position: 0","elapsed":"857 ms","pid":"51893","caller":"bin\/magento indexer:reindex"} [] []
[2024-07-09T06:26:04.564098+00:00] main.DEBUG: cache_invalidate:  {"method":"GET","url":"http:/","invalidateInfo":{"identifier":"DB_PDO_MYSQL_DDL_stores_data_exporter_index_batches_1"}} []
[2024-07-09T06:26:04.564362+00:00] main.DEBUG: cache_invalidate:  {"method":"GET","url":"http:/","invalidateInfo":{"identifier":"DB_PDO_MYSQL_DDL_stores_data_exporter_index_batches_2"}} []
[2024-07-09T06:26:04.564467+00:00] main.DEBUG: cache_invalidate:  {"method":"GET","url":"http:/","invalidateInfo":{"identifier":"DB_PDO_MYSQL_DDL_stores_data_exporter_index_batches_3"}} []
[2024-07-09T06:26:04.564546+00:00] main.DEBUG: cache_invalidate:  {"method":"GET","url":"http:/","invalidateInfo":{"identifier":"DB_PDO_MYSQL_DDL_stores_data_exporter_index_batches_4"}} []
[2024-07-09T06:26:04.564595+00:00] main.DEBUG: cache_invalidate:  {"method":"GET","url":"http:/","invalidateInfo":{"identifier":"DB_PDO_MYSQL_DDL_stores_data_exporter_index_batches_5"}} []
[2024-07-09T06:26:04.570329+00:00] main.DEBUG: cache_invalidate:  {"method":"GET","url":"http:/","invalidateInfo":{"identifier":"DB_PDO_MYSQL_DDL_stores_data_exporter_index_batches_1"}} []
[2024-07-09T06:26:04.570496+00:00] main.DEBUG: cache_invalidate:  {"method":"GET","url":"http:/","invalidateInfo":{"identifier":"DB_PDO_MYSQL_DDL_stores_data_exporter_index_batches_2"}} []
[2024-07-09T06:26:04.570565+00:00] main.DEBUG: cache_invalidate:  {"method":"GET","url":"http:/","invalidateInfo":{"identifier":"DB_PDO_MYSQL_DDL_stores_data_exporter_index_batches_3"}} []
[2024-07-09T06:26:04.570630+00:00] main.DEBUG: cache_invalidate:  {"method":"GET","url":"http:/","invalidateInfo":{"identifier":"DB_PDO_MYSQL_DDL_stores_data_exporter_index_batches_4"}} []
[2024-07-09T06:26:04.570697+00:00] main.DEBUG: cache_invalidate:  {"method":"GET","url":"http:/","invalidateInfo":{"identifier":"DB_PDO_MYSQL_DDL_stores_data_exporter_index_batches_5"}} []
[2024-07-09T06:26:04.576358+00:00] main.INFO: {"feed":"stores","operation":"full reindex(legacy)","status":"Batch table `stores_data_exporter_index_batches` created. Total Items: 1, batches: ~0","elapsed":"871 ms","pid":"51893","caller":"bin\/magento indexer:reindex"} [] []
[2024-07-09T06:26:04.576575+00:00] main.INFO: {"feed":"stores","operation":"full reindex(legacy)","status":"start processing `1` items in `1` threads with `100` batch size","elapsed":"871 ms","pid":"51893","caller":"bin\/magento indexer:reindex"} [] []
[2024-07-09T06:26:04.599402+00:00] main.INFO: {"feed":"stores","operation":"full reindex(legacy)","status":"Progress 1\/1, processed 1, synced 1","elapsed":"894 ms","pid":"51893","caller":"bin\/magento indexer:reindex"} [] []
[2024-07-09T06:26:04.600792+00:00] main.INFO: {"feed":"stores","operation":"full reindex(legacy)","status":"Complete","elapsed":"895 ms","pid":"51893","caller":"bin\/magento indexer:reindex"} [] []
[2024-07-09T06:26:04.614889+00:00] main.INFO: {"feed":"salesOrders","operation":"full reindex(legacy)","status":"Initialize","elapsed":"986 ms","pid":"51893","caller":"bin\/magento indexer:reindex"} [] []
[2024-07-09T06:26:04.629781+00:00] main.DEBUG: cache_invalidate:  {"method":"GET","url":"http:/","invalidateInfo":{"identifier":"DB_PDO_MYSQL_DDL_sales_data_exporter_orders_index_sequence_1"}} []
[2024-07-09T06:26:04.629983+00:00] main.DEBUG: cache_invalidate:  {"method":"GET","url":"http:/","invalidateInfo":{"identifier":"DB_PDO_MYSQL_DDL_sales_data_exporter_orders_index_sequence_2"}} []
[2024-07-09T06:26:04.630065+00:00] main.DEBUG: cache_invalidate:  {"method":"GET","url":"http:/","invalidateInfo":{"identifier":"DB_PDO_MYSQL_DDL_sales_data_exporter_orders_index_sequence_3"}} []
[2024-07-09T06:26:04.630122+00:00] main.DEBUG: cache_invalidate:  {"method":"GET","url":"http:/","invalidateInfo":{"identifier":"DB_PDO_MYSQL_DDL_sales_data_exporter_orders_index_sequence_4"}} []
[2024-07-09T06:26:04.630178+00:00] main.DEBUG: cache_invalidate:  {"method":"GET","url":"http:/","invalidateInfo":{"identifier":"DB_PDO_MYSQL_DDL_sales_data_exporter_orders_index_sequence_5"}} []
[2024-07-09T06:26:04.634941+00:00] main.DEBUG: cache_invalidate:  {"method":"GET","url":"http:/","invalidateInfo":{"identifier":"DB_PDO_MYSQL_DDL_sales_data_exporter_orders_index_sequence_1"}} []
[2024-07-09T06:26:04.635074+00:00] main.DEBUG: cache_invalidate:  {"method":"GET","url":"http:/","invalidateInfo":{"identifier":"DB_PDO_MYSQL_DDL_sales_data_exporter_orders_index_sequence_2"}} []
[2024-07-09T06:26:04.635170+00:00] main.DEBUG: cache_invalidate:  {"method":"GET","url":"http:/","invalidateInfo":{"identifier":"DB_PDO_MYSQL_DDL_sales_data_exporter_orders_index_sequence_3"}} []
[2024-07-09T06:26:04.635226+00:00] main.DEBUG: cache_invalidate:  {"method":"GET","url":"http:/","invalidateInfo":{"identifier":"DB_PDO_MYSQL_DDL_sales_data_exporter_orders_index_sequence_4"}} []
[2024-07-09T06:26:04.635283+00:00] main.DEBUG: cache_invalidate:  {"method":"GET","url":"http:/","invalidateInfo":{"identifier":"DB_PDO_MYSQL_DDL_sales_data_exporter_orders_index_sequence_5"}} []
[2024-07-09T06:26:04.638078+00:00] main.INFO: {"feed":"salesOrders","operation":"full reindex(legacy)","status":"Creating batch table `sales_data_exporter_orders_index_batches`. Start position: 0","elapsed":"00:00:00 9 ms","pid":"51893","caller":"bin\/magento indexer:reindex"} [] []
[2024-07-09T06:26:04.640443+00:00] main.DEBUG: cache_invalidate:  {"method":"GET","url":"http:/","invalidateInfo":{"identifier":"DB_PDO_MYSQL_DDL_sales_data_exporter_orders_index_batches_1"}} []
[2024-07-09T06:26:04.640597+00:00] main.DEBUG: cache_invalidate:  {"method":"GET","url":"http:/","invalidateInfo":{"identifier":"DB_PDO_MYSQL_DDL_sales_data_exporter_orders_index_batches_2"}} []
[2024-07-09T06:26:04.640659+00:00] main.DEBUG: cache_invalidate:  {"method":"GET","url":"http:/","invalidateInfo":{"identifier":"DB_PDO_MYSQL_DDL_sales_data_exporter_orders_index_batches_3"}} []
[2024-07-09T06:26:04.640707+00:00] main.DEBUG: cache_invalidate:  {"method":"GET","url":"http:/","invalidateInfo":{"identifier":"DB_PDO_MYSQL_DDL_sales_data_exporter_orders_index_batches_4"}} []
[2024-07-09T06:26:04.640754+00:00] main.DEBUG: cache_invalidate:  {"method":"GET","url":"http:/","invalidateInfo":{"identifier":"DB_PDO_MYSQL_DDL_sales_data_exporter_orders_index_batches_5"}} []
[2024-07-09T06:26:04.646245+00:00] main.DEBUG: cache_invalidate:  {"method":"GET","url":"http:/","invalidateInfo":{"identifier":"DB_PDO_MYSQL_DDL_sales_data_exporter_orders_index_batches_1"}} []
[2024-07-09T06:26:04.646368+00:00] main.DEBUG: cache_invalidate:  {"method":"GET","url":"http:/","invalidateInfo":{"identifier":"DB_PDO_MYSQL_DDL_sales_data_exporter_orders_index_batches_2"}} []
[2024-07-09T06:26:04.646415+00:00] main.DEBUG: cache_invalidate:  {"method":"GET","url":"http:/","invalidateInfo":{"identifier":"DB_PDO_MYSQL_DDL_sales_data_exporter_orders_index_batches_3"}} []
[2024-07-09T06:26:04.646472+00:00] main.DEBUG: cache_invalidate:  {"method":"GET","url":"http:/","invalidateInfo":{"identifier":"DB_PDO_MYSQL_DDL_sales_data_exporter_orders_index_batches_4"}} []
[2024-07-09T06:26:04.646524+00:00] main.DEBUG: cache_invalidate:  {"method":"GET","url":"http:/","invalidateInfo":{"identifier":"DB_PDO_MYSQL_DDL_sales_data_exporter_orders_index_batches_5"}} []
[2024-07-09T06:26:04.651066+00:00] main.INFO: {"feed":"salesOrders","operation":"full reindex(legacy)","status":"Batch table `sales_data_exporter_orders_index_batches` created. Total Items: 0, batches: ~0","elapsed":"00:00:00 22 ms","pid":"51893","caller":"bin\/magento indexer:reindex"} [] []
[2024-07-09T06:26:04.651273+00:00] main.INFO: {"feed":"salesOrders","operation":"full reindex(legacy)","status":"nothing to process - no items to sync. Not expected? Are there any items in source table `sales_order`?","elapsed":"00:00:00 22 ms","pid":"51893","caller":"bin\/magento indexer:reindex"} [] []
[2024-07-09T06:26:04.652826+00:00] main.INFO: {"feed":"salesOrders","operation":"full reindex(legacy)","status":"Complete","elapsed":"00:00:00 24 ms","pid":"51893","caller":"bin\/magento indexer:reindex"} [] []
[2024-07-09T06:26:04.666195+00:00] main.INFO: {"feed":"salesOrderStatuses","operation":"full reindex(legacy)","status":"Initialize","elapsed":"00:00:00 88 ms","pid":"51893","caller":"bin\/magento indexer:reindex"} [] []
[2024-07-09T06:26:04.682772+00:00] main.DEBUG: cache_invalidate:  {"method":"GET","url":"http:/","invalidateInfo":{"identifier":"DB_PDO_MYSQL_DDL_sales_data_exporter_order_statuses_index_sequence_1"}} []
[2024-07-09T06:26:04.683017+00:00] main.DEBUG: cache_invalidate:  {"method":"GET","url":"http:/","invalidateInfo":{"identifier":"DB_PDO_MYSQL_DDL_sales_data_exporter_order_statuses_index_sequence_2"}} []
[2024-07-09T06:26:04.683114+00:00] main.DEBUG: cache_invalidate:  {"method":"GET","url":"http:/","invalidateInfo":{"identifier":"DB_PDO_MYSQL_DDL_sales_data_exporter_order_statuses_index_sequence_3"}} []
[2024-07-09T06:26:04.683176+00:00] main.DEBUG: cache_invalidate:  {"method":"GET","url":"http:/","invalidateInfo":{"identifier":"DB_PDO_MYSQL_DDL_sales_data_exporter_order_statuses_index_sequence_4"}} []
[2024-07-09T06:26:04.683239+00:00] main.DEBUG: cache_invalidate:  {"method":"GET","url":"http:/","invalidateInfo":{"identifier":"DB_PDO_MYSQL_DDL_sales_data_exporter_order_statuses_index_sequence_5"}} []
[2024-07-09T06:26:04.691889+00:00] main.DEBUG: cache_invalidate:  {"method":"GET","url":"http:/","invalidateInfo":{"identifier":"DB_PDO_MYSQL_DDL_sales_data_exporter_order_statuses_index_sequence_1"}} []
[2024-07-09T06:26:04.692089+00:00] main.DEBUG: cache_invalidate:  {"method":"GET","url":"http:/","invalidateInfo":{"identifier":"DB_PDO_MYSQL_DDL_sales_data_exporter_order_statuses_index_sequence_2"}} []
[2024-07-09T06:26:04.692175+00:00] main.DEBUG: cache_invalidate:  {"method":"GET","url":"http:/","invalidateInfo":{"identifier":"DB_PDO_MYSQL_DDL_sales_data_exporter_order_statuses_index_sequence_3"}} []
[2024-07-09T06:26:04.692245+00:00] main.DEBUG: cache_invalidate:  {"method":"GET","url":"http:/","invalidateInfo":{"identifier":"DB_PDO_MYSQL_DDL_sales_data_exporter_order_statuses_index_sequence_4"}} []
[2024-07-09T06:26:04.692318+00:00] main.DEBUG: cache_invalidate:  {"method":"GET","url":"http:/","invalidateInfo":{"identifier":"DB_PDO_MYSQL_DDL_sales_data_exporter_order_statuses_index_sequence_5"}} []
[2024-07-09T06:26:04.693390+00:00] main.INFO: {"feed":"salesOrderStatuses","operation":"full reindex(legacy)","status":"Creating batch table `sales_data_exporter_order_statuses_index_batches`. Start position: ","elapsed":"00:00:00 116 ms","pid":"51893","caller":"bin\/magento indexer:reindex"} [] []
[2024-07-09T06:26:04.695854+00:00] main.DEBUG: cache_invalidate:  {"method":"GET","url":"http:/","invalidateInfo":{"identifier":"DB_PDO_MYSQL_DDL_sales_data_exporter_order_statuses_index_batches_1"}} []
[2024-07-09T06:26:04.696079+00:00] main.DEBUG: cache_invalidate:  {"method":"GET","url":"http:/","invalidateInfo":{"identifier":"DB_PDO_MYSQL_DDL_sales_data_exporter_order_statuses_index_batches_2"}} []
[2024-07-09T06:26:04.696348+00:00] main.DEBUG: cache_invalidate:  {"method":"GET","url":"http:/","invalidateInfo":{"identifier":"DB_PDO_MYSQL_DDL_sales_data_exporter_order_statuses_index_batches_3"}} []
[2024-07-09T06:26:04.696447+00:00] main.DEBUG: cache_invalidate:  {"method":"GET","url":"http:/","invalidateInfo":{"identifier":"DB_PDO_MYSQL_DDL_sales_data_exporter_order_statuses_index_batches_4"}} []
[2024-07-09T06:26:04.696508+00:00] main.DEBUG: cache_invalidate:  {"method":"GET","url":"http:/","invalidateInfo":{"identifier":"DB_PDO_MYSQL_DDL_sales_data_exporter_order_statuses_index_batches_5"}} []
[2024-07-09T06:26:04.699867+00:00] main.DEBUG: cache_invalidate:  {"method":"GET","url":"http:/","invalidateInfo":{"identifier":"DB_PDO_MYSQL_DDL_sales_data_exporter_order_statuses_index_batches_1"}} []
[2024-07-09T06:26:04.699983+00:00] main.DEBUG: cache_invalidate:  {"method":"GET","url":"http:/","invalidateInfo":{"identifier":"DB_PDO_MYSQL_DDL_sales_data_exporter_order_statuses_index_batches_2"}} []
[2024-07-09T06:26:04.700042+00:00] main.DEBUG: cache_invalidate:  {"method":"GET","url":"http:/","invalidateInfo":{"identifier":"DB_PDO_MYSQL_DDL_sales_data_exporter_order_statuses_index_batches_3"}} []
[2024-07-09T06:26:04.700199+00:00] main.DEBUG: cache_invalidate:  {"method":"GET","url":"http:/","invalidateInfo":{"identifier":"DB_PDO_MYSQL_DDL_sales_data_exporter_order_statuses_index_batches_4"}} []
[2024-07-09T06:26:04.700264+00:00] main.DEBUG: cache_invalidate:  {"method":"GET","url":"http:/","invalidateInfo":{"identifier":"DB_PDO_MYSQL_DDL_sales_data_exporter_order_statuses_index_batches_5"}} []
[2024-07-09T06:26:04.705667+00:00] main.INFO: {"feed":"salesOrderStatuses","operation":"full reindex(legacy)","status":"Batch table `sales_data_exporter_order_statuses_index_batches` created. Total Items: 12, batches: ~0","elapsed":"00:00:00 128 ms","pid":"51893","caller":"bin\/magento indexer:reindex"} [] []
[2024-07-09T06:26:04.706024+00:00] main.INFO: {"feed":"salesOrderStatuses","operation":"full reindex(legacy)","status":"start processing `12` items in `1` threads with `100` batch size","elapsed":"00:00:00 128 ms","pid":"51893","caller":"bin\/magento indexer:reindex"} [] []
[2024-07-09T06:26:04.716152+00:00] main.INFO: {"feed":"salesOrderStatuses","operation":"full reindex(legacy)","status":"Progress 1\/1, processed 12, synced 12","elapsed":"00:00:00 138 ms","pid":"51893","caller":"bin\/magento indexer:reindex"} [] []
[2024-07-09T06:26:04.719022+00:00] main.INFO: {"feed":"salesOrderStatuses","operation":"full reindex(legacy)","status":"Complete","elapsed":"00:00:00 141 ms","pid":"51893","caller":"bin\/magento indexer:reindex"} [] []
[2024-07-09T06:26:05.231895+00:00] main.DEBUG: cache_invalidate:  {"method":"GET","url":"http:/","invalidateInfo":{"tags":["FPC"],"mode":"matchingTag"}} []
[2024-07-09T06:26:45.161001+00:00] main.DEBUG: Source class "\Magento\ServiceProxy\Model" for "Magento\ServiceProxy\Model\Logger" generation does not exist. {"exception":"[object] (RuntimeException(code: 0): Source class \"\\Magento\\ServiceProxy\\Model\" for \"Magento\\ServiceProxy\\Model\\Logger\" generation does not exist. at /var/www/html/empyeorg/vendor/magento/framework/Code/Generator.php:223)"} []
[2024-07-09T06:26:48.881173+00:00] main.DEBUG: cache_invalidate:  {"method":"POST","url":"https://www.empye.org/admin_7dem37w/theme/design_config/save/key/d8bae028c65dd07cf95c95f0d292b0827d837dcd089845ab2320cfac50e8a528/","invalidateInfo":{"tags":["gql_store_config_1","FPC"],"mode":"matchingTag"}} []
[2024-07-09T06:26:49.195908+00:00] main.DEBUG: cache_invalidate:  {"method":"POST","url":"https://www.empye.org/admin_7dem37w/theme/design_config/save/key/d8bae028c65dd07cf95c95f0d292b0827d837dcd089845ab2320cfac50e8a528/","invalidateInfo":{"tags":["gql_store_config_1","FPC"],"mode":"matchingTag"}} []
[2024-07-09T06:26:49.198601+00:00] main.DEBUG: cache_invalidate:  {"method":"POST","url":"https://www.empye.org/admin_7dem37w/theme/design_config/save/key/d8bae028c65dd07cf95c95f0d292b0827d837dcd089845ab2320cfac50e8a528/","invalidateInfo":{"tags":["gql_store_config_1","FPC"],"mode":"matchingTag"}} []
[2024-07-09T06:26:49.202049+00:00] main.DEBUG: cache_invalidate:  {"method":"POST","url":"https://www.empye.org/admin_7dem37w/theme/design_config/save/key/d8bae028c65dd07cf95c95f0d292b0827d837dcd089845ab2320cfac50e8a528/","invalidateInfo":{"tags":["gql_store_config_1","FPC"],"mode":"matchingTag"}} []
[2024-07-09T06:26:49.202300+00:00] main.DEBUG: cache_invalidate:  {"method":"POST","url":"https://www.empye.org/admin_7dem37w/theme/design_config/save/key/d8bae028c65dd07cf95c95f0d292b0827d837dcd089845ab2320cfac50e8a528/","invalidateInfo":{"tags":["gql_store_config_1","FPC"],"mode":"matchingTag"}} []
[2024-07-09T06:26:49.202456+00:00] main.DEBUG: cache_invalidate:  {"method":"POST","url":"https://www.empye.org/admin_7dem37w/theme/design_config/save/key/d8bae028c65dd07cf95c95f0d292b0827d837dcd089845ab2320cfac50e8a528/","invalidateInfo":{"tags":["gql_store_config_1","FPC"],"mode":"matchingTag"}} []
[2024-07-09T06:26:50.126317+00:00] main.INFO: Broken reference: the 'notification.messages' tries to reorder itself towards 'user', but their parents are different: 'header.inner.right' and 'header' respectively. [] []
[2024-07-09T06:26:50.184509+00:00] main.DEBUG: Item Magento_Backend::system_currency was removed [] []
[2024-07-09T06:26:50.188223+00:00] main.DEBUG: Add of item with id Magento_Config::system_config was processed [] []
[2024-07-09T06:26:50.188407+00:00] main.DEBUG: Add of item with id Magento_AdminNotification::system_adminnotification was processed [] []
[2024-07-09T06:26:50.188506+00:00] main.DEBUG: Add of item with id Magento_Theme::design_config was processed [] []
[2024-07-09T06:26:50.188547+00:00] main.DEBUG: Add of item with id Magento_Theme::system_design_theme was processed [] []
[2024-07-09T06:26:50.188576+00:00] main.DEBUG: Add of item with id Magento_Backend::system_design_schedule was processed [] []
[2024-07-09T06:26:50.188599+00:00] main.DEBUG: Add of item with id Magento_Backend::system_store was processed [] []
[2024-07-09T06:26:50.188620+00:00] main.DEBUG: Add of item with id Magento_Backend::dashboard was processed [] []
[2024-07-09T06:26:50.188640+00:00] main.DEBUG: Add of item with id Magento_Backend::system was processed [] []
[2024-07-09T06:26:50.188677+00:00] main.DEBUG: Add of item with id Magento_Backend::system_tools was processed [] []
[2024-07-09T06:26:50.188708+00:00] main.DEBUG: Add of item with id Magento_Backend::system_design was processed [] []
[2024-07-09T06:26:50.188730+00:00] main.DEBUG: Add of item with id Magento_Backend::system_convert was processed [] []
[2024-07-09T06:26:50.188760+00:00] main.DEBUG: Add of item with id Magento_Backend::system_cache was processed [] []
[2024-07-09T06:26:50.188782+00:00] main.DEBUG: Add of item with id Magento_Backend::marketing was processed [] []
[2024-07-09T06:26:50.188812+00:00] main.DEBUG: Add of item with id Magento_Backend::marketing_communications was processed [] []
[2024-07-09T06:26:50.188841+00:00] main.DEBUG: Add of item with id Magento_Backend::marketing_seo was processed [] []
[2024-07-09T06:26:50.188872+00:00] main.DEBUG: Add of item with id Magento_Backend::marketing_user_content was processed [] []
[2024-07-09T06:26:50.188902+00:00] main.DEBUG: Add of item with id Magento_Backend::content was processed [] []
[2024-07-09T06:26:50.188931+00:00] main.DEBUG: Add of item with id Magento_Backend::content_elements was processed [] []
[2024-07-09T06:26:50.188960+00:00] main.DEBUG: Add of item with id Magento_Backend::stores was processed [] []
[2024-07-09T06:26:50.189011+00:00] main.DEBUG: Add of item with id Magento_Backend::stores_settings was processed [] []
[2024-07-09T06:26:50.189058+00:00] main.DEBUG: Add of item with id Magento_Backend::stores_attributes was processed [] []
[2024-07-09T06:26:50.189094+00:00] main.DEBUG: Add of item with id Magento_Backend::other_settings was processed [] []
[2024-07-09T06:26:50.189115+00:00] main.DEBUG: Add of item with id Magento_Backend::system_other_settings was processed [] []
[2024-07-09T06:26:50.189140+00:00] main.DEBUG: Add of item with id Magento_User::system_acl was processed [] []
[2024-07-09T06:26:50.189191+00:00] main.DEBUG: Add of item with id Magento_User::system_acl_users was processed [] []
[2024-07-09T06:26:50.189231+00:00] main.DEBUG: Add of item with id Magento_User::system_acl_roles was processed [] []
[2024-07-09T06:26:50.189255+00:00] main.DEBUG: Add of item with id Magento_User::system_acl_locks was processed [] []
[2024-07-09T06:26:50.189287+00:00] main.DEBUG: Add of item with id Magento_Customer::customer was processed [] []
[2024-07-09T06:26:50.189321+00:00] main.DEBUG: Add of item with id Magento_Customer::customer_manage was processed [] []
[2024-07-09T06:26:50.189343+00:00] main.DEBUG: Add of item with id Magento_Customer::customer_online was processed [] []
[2024-07-09T06:26:50.189366+00:00] main.DEBUG: Add of item with id Magento_Customer::customer_group was processed [] []
[2024-07-09T06:26:50.189388+00:00] main.DEBUG: Add of item with id Magento_Backup::system_tools_backup was processed [] []
[2024-07-09T06:26:50.189407+00:00] main.DEBUG: Add of item with id Magento_Indexer::system_index was processed [] []
[2024-07-09T06:26:50.189426+00:00] main.DEBUG: Add of item with id Magento_Variable::system_variable was processed [] []
[2024-07-09T06:26:50.189455+00:00] main.DEBUG: Add of item with id Magento_Cms::cms_page was processed [] []
[2024-07-09T06:26:50.189478+00:00] main.DEBUG: Add of item with id Magento_Cms::cms_block was processed [] []
[2024-07-09T06:26:50.189526+00:00] main.DEBUG: Add of item with id Magento_Integration::system_extensions was processed [] []
[2024-07-09T06:26:50.189582+00:00] main.DEBUG: Add of item with id Magento_Integration::system_integrations was processed [] []
[2024-07-09T06:26:50.189635+00:00] main.DEBUG: Add of item with id Magento_Search::search_terms was processed [] []
[2024-07-09T06:26:50.189667+00:00] main.DEBUG: Add of item with id Magento_Search::search_synonyms was processed [] []
[2024-07-09T06:26:50.189699+00:00] main.DEBUG: Add of item with id Magento_Catalog::catalog was processed [] []
[2024-07-09T06:26:50.189738+00:00] main.DEBUG: Add of item with id Magento_Catalog::catalog_products was processed [] []
[2024-07-09T06:26:50.189760+00:00] main.DEBUG: Add of item with id Magento_Catalog::catalog_categories was processed [] []
[2024-07-09T06:26:50.189790+00:00] main.DEBUG: Add of item with id Magento_Catalog::catalog_attributes_attributes was processed [] []
[2024-07-09T06:26:50.189811+00:00] main.DEBUG: Add of item with id Magento_Catalog::catalog_attributes_sets was processed [] []
[2024-07-09T06:26:50.189854+00:00] main.DEBUG: Add of item with id Magento_Catalog::inventory was processed [] []
[2024-07-09T06:26:50.189894+00:00] main.DEBUG: Add of item with id Magento_CatalogRule::promo was processed [] []
[2024-07-09T06:26:50.189969+00:00] main.DEBUG: Add of item with id Magento_CatalogRule::promo_catalog was processed [] []
[2024-07-09T06:26:50.189997+00:00] main.DEBUG: Add of item with id Magento_MediaGalleryUi::media was processed [] []
[2024-07-09T06:26:50.190028+00:00] main.DEBUG: Add of item with id Magento_MediaGalleryUi::media_gallery was processed [] []
[2024-07-09T06:26:50.190050+00:00] main.DEBUG: Add of item with id Magento_Sales::sales was processed [] []
[2024-07-09T06:26:50.190087+00:00] main.DEBUG: Add of item with id Magento_Sales::sales_operation was processed [] []
[2024-07-09T06:26:50.190131+00:00] main.DEBUG: Add of item with id Magento_Sales::sales_order was processed [] []
[2024-07-09T06:26:50.190164+00:00] main.DEBUG: Add of item with id Magento_Sales::sales_invoice was processed [] []
[2024-07-09T06:26:50.190185+00:00] main.DEBUG: Add of item with id Magento_Sales::sales_shipment was processed [] []
[2024-07-09T06:26:50.190204+00:00] main.DEBUG: Add of item with id Magento_Sales::sales_creditmemo was processed [] []
[2024-07-09T06:26:50.190223+00:00] main.DEBUG: Add of item with id Magento_Sales::sales_transactions was processed [] []
[2024-07-09T06:26:50.190242+00:00] main.DEBUG: Add of item with id Magento_Sales::system_order_statuses was processed [] []
[2024-07-09T06:26:50.190262+00:00] main.DEBUG: Add of item with id Magento_Widget::cms_widget_instance was processed [] []
[2024-07-09T06:26:50.190331+00:00] main.DEBUG: Add of item with id Magento_Analytics::business_intelligence was processed [] []
[2024-07-09T06:26:50.190380+00:00] main.DEBUG: Add of item with id Magento_Analytics::advanced_reporting was processed [] []
[2024-07-09T06:26:50.190422+00:00] main.DEBUG: Add of item with id Magento_Analytics::bi_essentials was processed [] []
[2024-07-09T06:26:50.190473+00:00] main.DEBUG: Add of item with id Magento_Downloadable::report_products_downloads was processed [] []
[2024-07-09T06:26:50.190517+00:00] main.DEBUG: Add of item with id Magento_Newsletter::newsletter_template was processed [] []
[2024-07-09T06:26:50.190548+00:00] main.DEBUG: Add of item with id Magento_Newsletter::newsletter_queue was processed [] []
[2024-07-09T06:26:50.190572+00:00] main.DEBUG: Add of item with id Magento_Newsletter::newsletter_subscriber was processed [] []
[2024-07-09T06:26:50.190602+00:00] main.DEBUG: Add of item with id Magento_Newsletter::newsletter_problem was processed [] []
[2024-07-09T06:26:50.190636+00:00] main.DEBUG: Add of item with id Magento_ImportExport::system_convert_import was processed [] []
[2024-07-09T06:26:50.190668+00:00] main.DEBUG: Add of item with id Magento_ImportExport::system_convert_export was processed [] []
[2024-07-09T06:26:50.190700+00:00] main.DEBUG: Add of item with id Magento_ImportExport::system_convert_history was processed [] []
[2024-07-09T06:26:50.190743+00:00] main.DEBUG: Add of item with id Magento_Email::template was processed [] []
[2024-07-09T06:26:50.190773+00:00] main.DEBUG: Add of item with id Magento_EncryptionKey::system_crypt_key was processed [] []
[2024-07-09T06:26:50.190806+00:00] main.DEBUG: Add of item with id Magento_InventoryAdminUi::inventory was processed [] []
[2024-07-09T06:26:50.190859+00:00] main.DEBUG: Add of item with id Magento_InventoryAdminUi::source was processed [] []
[2024-07-09T06:26:50.190894+00:00] main.DEBUG: Add of item with id Magento_InventoryAdminUi::stock was processed [] []
[2024-07-09T06:26:50.190928+00:00] main.DEBUG: Add of item with id Magento_Reports::report was processed [] []
[2024-07-09T06:26:50.190958+00:00] main.DEBUG: Add of item with id Magento_Reports::report_marketing was processed [] []
[2024-07-09T06:26:50.190981+00:00] main.DEBUG: Add of item with id Magento_Reports::report_salesroot was processed [] []
[2024-07-09T06:26:50.191024+00:00] main.DEBUG: Add of item with id Magento_Reports::report_salesroot_sales was processed [] []
[2024-07-09T06:26:50.191061+00:00] main.DEBUG: Add of item with id Magento_Reports::report_salesroot_tax was processed [] []
[2024-07-09T06:26:50.191097+00:00] main.DEBUG: Add of item with id Magento_Reports::report_salesroot_invoiced was processed [] []
[2024-07-09T06:26:50.191130+00:00] main.DEBUG: Add of item with id Magento_Reports::report_salesroot_shipping was processed [] []
[2024-07-09T06:26:50.191160+00:00] main.DEBUG: Add of item with id Magento_Reports::report_salesroot_refunded was processed [] []
[2024-07-09T06:26:50.191189+00:00] main.DEBUG: Add of item with id Magento_Reports::report_salesroot_coupons was processed [] []
[2024-07-09T06:26:50.191216+00:00] main.DEBUG: Add of item with id Magento_Reports::report_shopcart_product was processed [] []
[2024-07-09T06:26:50.191235+00:00] main.DEBUG: Add of item with id Magento_Reports::report_shopcart_abandoned was processed [] []
[2024-07-09T06:26:50.191258+00:00] main.DEBUG: Add of item with id Magento_Reports::report_products was processed [] []
[2024-07-09T06:26:50.191286+00:00] main.DEBUG: Add of item with id Magento_Reports::report_products_bestsellers was processed [] []
[2024-07-09T06:26:50.191305+00:00] main.DEBUG: Add of item with id Magento_Reports::report_products_sold was processed [] []
[2024-07-09T06:26:50.191323+00:00] main.DEBUG: Add of item with id Magento_Reports::report_products_viewed was processed [] []
[2024-07-09T06:26:50.191342+00:00] main.DEBUG: Add of item with id Magento_Reports::report_products_lowstock was processed [] []
[2024-07-09T06:26:50.191360+00:00] main.DEBUG: Add of item with id Magento_Reports::report_customers was processed [] []
[2024-07-09T06:26:50.191403+00:00] main.DEBUG: Add of item with id Magento_Reports::report_customers_accounts was processed [] []
[2024-07-09T06:26:50.191440+00:00] main.DEBUG: Add of item with id Magento_Reports::report_customers_totals was processed [] []
[2024-07-09T06:26:50.191468+00:00] main.DEBUG: Add of item with id Magento_Reports::report_customers_orders was processed [] []
[2024-07-09T06:26:50.191499+00:00] main.DEBUG: Add of item with id Magento_Reports::report_statistics was processed [] []
[2024-07-09T06:26:50.191542+00:00] main.DEBUG: Add of item with id Magento_Reports::report_statistics_refresh was processed [] []
[2024-07-09T06:26:50.191566+00:00] main.DEBUG: Add of item with id Magento_Search::report_search_term was processed [] []
[2024-07-09T06:26:50.191590+00:00] main.DEBUG: Add of item with id Magento_LoginAsCustomerLog::login_log was processed [] []
[2024-07-09T06:26:50.191612+00:00] main.DEBUG: Add of item with id Magento_Marketplace::partners was processed [] []
[2024-07-09T06:26:50.191631+00:00] main.DEBUG: Add of item with id Magento_SalesRule::promo_quote was processed [] []
[2024-07-09T06:26:50.191651+00:00] main.DEBUG: Add of item with id Magento_Sitemap::catalog_sitemap was processed [] []
[2024-07-09T06:26:50.191670+00:00] main.DEBUG: Add of item with id Magento_PageBuilder::templates was processed [] []
[2024-07-09T06:26:50.191698+00:00] main.DEBUG: Add of item with id Magento_Paypal::report_salesroot_paypal_settlement_reports was processed [] []
[2024-07-09T06:26:50.191719+00:00] main.DEBUG: Add of item with id Magento_Paypal::paypal_billing_agreement was processed [] []
[2024-07-09T06:26:50.191738+00:00] main.DEBUG: Add of item with id Magento_CheckoutAgreements::sales_checkoutagreement was processed [] []
[2024-07-09T06:26:50.191761+00:00] main.DEBUG: Add of item with id Magento_Review::catalog_reviews_ratings_ratings was processed [] []
[2024-07-09T06:26:50.191805+00:00] main.DEBUG: Add of item with id Magento_Review::catalog_reviews_ratings_pending was processed [] []
[2024-07-09T06:26:50.191838+00:00] main.DEBUG: Add of item with id Magento_Review::catalog_reviews_ratings_reviews_all was processed [] []
[2024-07-09T06:26:50.191867+00:00] main.DEBUG: Add of item with id Magento_Review::report_review was processed [] []
[2024-07-09T06:26:50.191914+00:00] main.DEBUG: Add of item with id Magento_Review::report_review_customer was processed [] []
[2024-07-09T06:26:50.191953+00:00] main.DEBUG: Add of item with id Magento_Review::report_review_product was processed [] []
[2024-07-09T06:26:50.191982+00:00] main.DEBUG: Add of item with id Magento_UrlRewrite::urlrewrite was processed [] []
[2024-07-09T06:26:50.192002+00:00] main.DEBUG: Add of item with id Magento_PaymentServicesDashboard::paymentservicesdashboard was processed [] []
[2024-07-09T06:26:50.192022+00:00] main.DEBUG: Add of item with id Magento_ServicesId::configuration was processed [] []
[2024-07-09T06:26:50.192067+00:00] main.DEBUG: Add of item with id Magento_ServicesId::services_id was processed [] []
[2024-07-09T06:26:50.192107+00:00] main.DEBUG: Add of item with id Magento_Tax::sales_tax was processed [] []
[2024-07-09T06:26:50.192156+00:00] main.DEBUG: Add of item with id Magento_Tax::sales_tax_rules was processed [] []
[2024-07-09T06:26:50.192182+00:00] main.DEBUG: Add of item with id Magento_Tax::sales_tax_rates was processed [] []
[2024-07-09T06:26:50.192204+00:00] main.DEBUG: Add of item with id Magento_TaxImportExport::system_convert_tax was processed [] []
[2024-07-09T06:26:50.192224+00:00] main.DEBUG: Add of item with id Magento_AsynchronousOperations::system_magento_logging was processed [] []
[2024-07-09T06:26:50.192262+00:00] main.DEBUG: Add of item with id Magento_AsynchronousOperations::system_magento_logging_bulk_operations was processed [] []
[2024-07-09T06:26:50.192294+00:00] main.DEBUG: Add of item with id Magento_CurrencySymbol::system_currency was processed [] []
[2024-07-09T06:26:50.192329+00:00] main.DEBUG: Add of item with id Magento_CurrencySymbol::system_currency_rates was processed [] []
[2024-07-09T06:26:50.192360+00:00] main.DEBUG: Add of item with id Magento_CurrencySymbol::system_currency_symbols was processed [] []
[2024-07-09T06:26:50.192387+00:00] main.DEBUG: Add of item with id PayPal_Braintree::settlement_report was processed [] []
[2024-07-09T06:26:50.192408+00:00] main.DEBUG: Add of item with id PayPal_Braintree::virtual_terminal was processed [] []
[2024-07-09T06:26:51.231390+00:00] main.DEBUG: cache_invalidate:  {"method":"GET","url":"http:/","invalidateInfo":{"tags":["FPC"],"mode":"matchingTag"}} []
[2024-07-09T06:27:26.163055+00:00] main.DEBUG: Source class "\Magento\ServiceProxy\Model" for "Magento\ServiceProxy\Model\Logger" generation does not exist. {"exception":"[object] (RuntimeException(code: 0): Source class \"\\Magento\\ServiceProxy\\Model\" for \"Magento\\ServiceProxy\\Model\\Logger\" generation does not exist. at /var/www/html/empyeorg/vendor/magento/framework/Code/Generator.php:223)"} []
[2024-07-09T06:27:26.594407+00:00] main.DEBUG: Source class "\Magento\ServiceProxy\Model" for "Magento\ServiceProxy\Model\Logger" generation does not exist. {"exception":"[object] (RuntimeException(code: 0): Source class \"\\Magento\\ServiceProxy\\Model\" for \"Magento\\ServiceProxy\\Model\\Logger\" generation does not exist. at /var/www/html/empyeorg/vendor/magento/framework/Code/Generator.php:223)"} []
[2024-07-09T06:36:29.155491+00:00] main.INFO: Broken reference: the 'catalog.compare.sidebar' element cannot be added as child to 'sidebar.additional', because the latter doesn't exist [] []
[2024-07-09T06:36:29.155777+00:00] main.INFO: Broken reference: the 'sale.reorder.sidebar' element cannot be added as child to 'sidebar.additional', because the latter doesn't exist [] []
[2024-07-09T06:36:29.155998+00:00] main.INFO: Broken reference: the 'wishlist_sidebar' element cannot be added as child to 'sidebar.additional', because the latter doesn't exist [] []
[2024-07-09T06:36:29.156083+00:00] main.INFO: Broken reference: the 'paypal.partner.right.logo' element cannot be added as child to 'sidebar.additional', because the latter doesn't exist [] []
[2024-07-09T06:36:29.156137+00:00] main.INFO: Broken reference: the 'bml.right.logo' element cannot be added as child to 'sidebar.additional', because the latter doesn't exist [] []
[2024-07-09T06:36:29.156194+00:00] main.INFO: Broken reference: the 'sidebar.container.paylater' element cannot be added as child to 'sidebar.additional', because the latter doesn't exist [] []
[2024-07-09T06:37:18.207226+00:00] main.ERROR: Unable to resolve the source file for 'frontend/Empye/bootstrap/en_US/underscore-umd.js.map' [] []
[2024-07-09T06:37:18.207441+00:00] main.CRITICAL: Unable to resolve the source file for 'frontend/Empye/bootstrap/en_US/underscore-umd.js.map' [] []
[2024-07-09T06:37:37.060854+00:00] main.INFO: Broken reference: the 'catalog.compare.sidebar' element cannot be added as child to 'sidebar.additional', because the latter doesn't exist [] []
[2024-07-09T06:37:37.061114+00:00] main.INFO: Broken reference: the 'sale.reorder.sidebar' element cannot be added as child to 'sidebar.additional', because the latter doesn't exist [] []
[2024-07-09T06:37:37.061283+00:00] main.INFO: Broken reference: the 'wishlist_sidebar' element cannot be added as child to 'sidebar.additional', because the latter doesn't exist [] []
[2024-07-09T06:37:37.061336+00:00] main.INFO: Broken reference: the 'paypal.partner.right.logo' element cannot be added as child to 'sidebar.additional', because the latter doesn't exist [] []
[2024-07-09T06:37:37.061386+00:00] main.INFO: Broken reference: the 'bml.right.logo' element cannot be added as child to 'sidebar.additional', because the latter doesn't exist [] []
[2024-07-09T06:37:37.061447+00:00] main.INFO: Broken reference: the 'sidebar.container.paylater' element cannot be added as child to 'sidebar.additional', because the latter doesn't exist [] []
[2024-07-09T06:37:39.510449+00:00] main.ERROR: Unable to resolve the source file for 'frontend/Empye/bootstrap/en_US/underscore-umd.js.map' [] []
[2024-07-09T06:37:39.510656+00:00] main.CRITICAL: Unable to resolve the source file for 'frontend/Empye/bootstrap/en_US/underscore-umd.js.map' [] []
[2024-07-09T06:38:34.829156+00:00] main.INFO: Broken reference: the 'notification.messages' tries to reorder itself towards 'user', but their parents are different: 'header.inner.right' and 'header' respectively. [] []
[2024-07-09T06:38:34.890940+00:00] main.DEBUG: Item Magento_Backend::system_currency was removed [] []
[2024-07-09T06:38:34.893666+00:00] main.DEBUG: Add of item with id Magento_Config::system_config was processed [] []
[2024-07-09T06:38:34.893776+00:00] main.DEBUG: Add of item with id Magento_AdminNotification::system_adminnotification was processed [] []
[2024-07-09T06:38:34.893834+00:00] main.DEBUG: Add of item with id Magento_Theme::design_config was processed [] []
[2024-07-09T06:38:34.893866+00:00] main.DEBUG: Add of item with id Magento_Theme::system_design_theme was processed [] []
[2024-07-09T06:38:34.893895+00:00] main.DEBUG: Add of item with id Magento_Backend::system_design_schedule was processed [] []
[2024-07-09T06:38:34.893925+00:00] main.DEBUG: Add of item with id Magento_Backend::system_store was processed [] []
[2024-07-09T06:38:34.893997+00:00] main.DEBUG: Add of item with id Magento_Backend::dashboard was processed [] []
[2024-07-09T06:38:34.894037+00:00] main.DEBUG: Add of item with id Magento_Backend::system was processed [] []
[2024-07-09T06:38:34.894077+00:00] main.DEBUG: Add of item with id Magento_Backend::system_tools was processed [] []
[2024-07-09T06:38:34.894110+00:00] main.DEBUG: Add of item with id Magento_Backend::system_design was processed [] []
[2024-07-09T06:38:34.894131+00:00] main.DEBUG: Add of item with id Magento_Backend::system_convert was processed [] []
[2024-07-09T06:38:34.894161+00:00] main.DEBUG: Add of item with id Magento_Backend::system_cache was processed [] []
[2024-07-09T06:38:34.894182+00:00] main.DEBUG: Add of item with id Magento_Backend::marketing was processed [] []
[2024-07-09T06:38:34.894210+00:00] main.DEBUG: Add of item with id Magento_Backend::marketing_communications was processed [] []
[2024-07-09T06:38:34.894239+00:00] main.DEBUG: Add of item with id Magento_Backend::marketing_seo was processed [] []
[2024-07-09T06:38:34.894260+00:00] main.DEBUG: Add of item with id Magento_Backend::marketing_user_content was processed [] []
[2024-07-09T06:38:34.894279+00:00] main.DEBUG: Add of item with id Magento_Backend::content was processed [] []
[2024-07-09T06:38:34.894297+00:00] main.DEBUG: Add of item with id Magento_Backend::content_elements was processed [] []
[2024-07-09T06:38:34.894315+00:00] main.DEBUG: Add of item with id Magento_Backend::stores was processed [] []
[2024-07-09T06:38:34.894351+00:00] main.DEBUG: Add of item with id Magento_Backend::stores_settings was processed [] []
[2024-07-09T06:38:34.894382+00:00] main.DEBUG: Add of item with id Magento_Backend::stores_attributes was processed [] []
[2024-07-09T06:38:34.894409+00:00] main.DEBUG: Add of item with id Magento_Backend::other_settings was processed [] []
[2024-07-09T06:38:34.894428+00:00] main.DEBUG: Add of item with id Magento_Backend::system_other_settings was processed [] []
[2024-07-09T06:38:34.894446+00:00] main.DEBUG: Add of item with id Magento_User::system_acl was processed [] []
[2024-07-09T06:38:34.894482+00:00] main.DEBUG: Add of item with id Magento_User::system_acl_users was processed [] []
[2024-07-09T06:38:34.894512+00:00] main.DEBUG: Add of item with id Magento_User::system_acl_roles was processed [] []
[2024-07-09T06:38:34.894540+00:00] main.DEBUG: Add of item with id Magento_User::system_acl_locks was processed [] []
[2024-07-09T06:38:34.894570+00:00] main.DEBUG: Add of item with id Magento_Customer::customer was processed [] []
[2024-07-09T06:38:34.894615+00:00] main.DEBUG: Add of item with id Magento_Customer::customer_manage was processed [] []
[2024-07-09T06:38:34.894647+00:00] main.DEBUG: Add of item with id Magento_Customer::customer_online was processed [] []
[2024-07-09T06:38:34.894675+00:00] main.DEBUG: Add of item with id Magento_Customer::customer_group was processed [] []
[2024-07-09T06:38:34.894695+00:00] main.DEBUG: Add of item with id Magento_Backup::system_tools_backup was processed [] []
[2024-07-09T06:38:34.894713+00:00] main.DEBUG: Add of item with id Magento_Indexer::system_index was processed [] []
[2024-07-09T06:38:34.894732+00:00] main.DEBUG: Add of item with id Magento_Variable::system_variable was processed [] []
[2024-07-09T06:38:34.894762+00:00] main.DEBUG: Add of item with id Magento_Cms::cms_page was processed [] []
[2024-07-09T06:38:34.894785+00:00] main.DEBUG: Add of item with id Magento_Cms::cms_block was processed [] []
[2024-07-09T06:38:34.894805+00:00] main.DEBUG: Add of item with id Magento_Integration::system_extensions was processed [] []
[2024-07-09T06:38:34.894836+00:00] main.DEBUG: Add of item with id Magento_Integration::system_integrations was processed [] []
[2024-07-09T06:38:34.894867+00:00] main.DEBUG: Add of item with id Magento_Search::search_terms was processed [] []
[2024-07-09T06:38:34.894888+00:00] main.DEBUG: Add of item with id Magento_Search::search_synonyms was processed [] []
[2024-07-09T06:38:34.894907+00:00] main.DEBUG: Add of item with id Magento_Catalog::catalog was processed [] []
[2024-07-09T06:38:34.894936+00:00] main.DEBUG: Add of item with id Magento_Catalog::catalog_products was processed [] []
[2024-07-09T06:38:34.894972+00:00] main.DEBUG: Add of item with id Magento_Catalog::catalog_categories was processed [] []
[2024-07-09T06:38:34.895003+00:00] main.DEBUG: Add of item with id Magento_Catalog::catalog_attributes_attributes was processed [] []
[2024-07-09T06:38:34.895024+00:00] main.DEBUG: Add of item with id Magento_Catalog::catalog_attributes_sets was processed [] []
[2024-07-09T06:38:34.895058+00:00] main.DEBUG: Add of item with id Magento_Catalog::inventory was processed [] []
[2024-07-09T06:38:34.895080+00:00] main.DEBUG: Add of item with id Magento_CatalogRule::promo was processed [] []
[2024-07-09T06:38:34.895108+00:00] main.DEBUG: Add of item with id Magento_CatalogRule::promo_catalog was processed [] []
[2024-07-09T06:38:34.895129+00:00] main.DEBUG: Add of item with id Magento_MediaGalleryUi::media was processed [] []
[2024-07-09T06:38:34.895157+00:00] main.DEBUG: Add of item with id Magento_MediaGalleryUi::media_gallery was processed [] []
[2024-07-09T06:38:34.895178+00:00] main.DEBUG: Add of item with id Magento_Sales::sales was processed [] []
[2024-07-09T06:38:34.895207+00:00] main.DEBUG: Add of item with id Magento_Sales::sales_operation was processed [] []
[2024-07-09T06:38:34.895252+00:00] main.DEBUG: Add of item with id Magento_Sales::sales_order was processed [] []
[2024-07-09T06:38:34.895282+00:00] main.DEBUG: Add of item with id Magento_Sales::sales_invoice was processed [] []
[2024-07-09T06:38:34.895308+00:00] main.DEBUG: Add of item with id Magento_Sales::sales_shipment was processed [] []
[2024-07-09T06:38:34.895327+00:00] main.DEBUG: Add of item with id Magento_Sales::sales_creditmemo was processed [] []
[2024-07-09T06:38:34.895345+00:00] main.DEBUG: Add of item with id Magento_Sales::sales_transactions was processed [] []
[2024-07-09T06:38:34.895364+00:00] main.DEBUG: Add of item with id Magento_Sales::system_order_statuses was processed [] []
[2024-07-09T06:38:34.895382+00:00] main.DEBUG: Add of item with id Magento_Widget::cms_widget_instance was processed [] []
[2024-07-09T06:38:34.895416+00:00] main.DEBUG: Add of item with id Magento_Analytics::business_intelligence was processed [] []
[2024-07-09T06:38:34.895462+00:00] main.DEBUG: Add of item with id Magento_Analytics::advanced_reporting was processed [] []
[2024-07-09T06:38:34.895494+00:00] main.DEBUG: Add of item with id Magento_Analytics::bi_essentials was processed [] []
[2024-07-09T06:38:34.895538+00:00] main.DEBUG: Add of item with id Magento_Downloadable::report_products_downloads was processed [] []
[2024-07-09T06:38:34.895583+00:00] main.DEBUG: Add of item with id Magento_Newsletter::newsletter_template was processed [] []
[2024-07-09T06:38:34.895619+00:00] main.DEBUG: Add of item with id Magento_Newsletter::newsletter_queue was processed [] []
[2024-07-09T06:38:34.895639+00:00] main.DEBUG: Add of item with id Magento_Newsletter::newsletter_subscriber was processed [] []
[2024-07-09T06:38:34.895671+00:00] main.DEBUG: Add of item with id Magento_Newsletter::newsletter_problem was processed [] []
[2024-07-09T06:38:34.895712+00:00] main.DEBUG: Add of item with id Magento_ImportExport::system_convert_import was processed [] []
[2024-07-09T06:38:34.895745+00:00] main.DEBUG: Add of item with id Magento_ImportExport::system_convert_export was processed [] []
[2024-07-09T06:38:34.895778+00:00] main.DEBUG: Add of item with id Magento_ImportExport::system_convert_history was processed [] []
[2024-07-09T06:38:34.895804+00:00] main.DEBUG: Add of item with id Magento_Email::template was processed [] []
[2024-07-09T06:38:34.895831+00:00] main.DEBUG: Add of item with id Magento_EncryptionKey::system_crypt_key was processed [] []
[2024-07-09T06:38:34.895864+00:00] main.DEBUG: Add of item with id Magento_InventoryAdminUi::inventory was processed [] []
[2024-07-09T06:38:34.895909+00:00] main.DEBUG: Add of item with id Magento_InventoryAdminUi::source was processed [] []
[2024-07-09T06:38:34.895942+00:00] main.DEBUG: Add of item with id Magento_InventoryAdminUi::stock was processed [] []
[2024-07-09T06:38:34.895987+00:00] main.DEBUG: Add of item with id Magento_Reports::report was processed [] []
[2024-07-09T06:38:34.896020+00:00] main.DEBUG: Add of item with id Magento_Reports::report_marketing was processed [] []
[2024-07-09T06:38:34.896052+00:00] main.DEBUG: Add of item with id Magento_Reports::report_salesroot was processed [] []
[2024-07-09T06:38:34.896103+00:00] main.DEBUG: Add of item with id Magento_Reports::report_salesroot_sales was processed [] []
[2024-07-09T06:38:34.896140+00:00] main.DEBUG: Add of item with id Magento_Reports::report_salesroot_tax was processed [] []
[2024-07-09T06:38:34.896169+00:00] main.DEBUG: Add of item with id Magento_Reports::report_salesroot_invoiced was processed [] []
[2024-07-09T06:38:34.896196+00:00] main.DEBUG: Add of item with id Magento_Reports::report_salesroot_shipping was processed [] []
[2024-07-09T06:38:34.896222+00:00] main.DEBUG: Add of item with id Magento_Reports::report_salesroot_refunded was processed [] []
[2024-07-09T06:38:34.896250+00:00] main.DEBUG: Add of item with id Magento_Reports::report_salesroot_coupons was processed [] []
[2024-07-09T06:38:34.896279+00:00] main.DEBUG: Add of item with id Magento_Reports::report_shopcart_product was processed [] []
[2024-07-09T06:38:34.896307+00:00] main.DEBUG: Add of item with id Magento_Reports::report_shopcart_abandoned was processed [] []
[2024-07-09T06:38:34.896335+00:00] main.DEBUG: Add of item with id Magento_Reports::report_products was processed [] []
[2024-07-09T06:38:34.896360+00:00] main.DEBUG: Add of item with id Magento_Reports::report_products_bestsellers was processed [] []
[2024-07-09T06:38:34.896379+00:00] main.DEBUG: Add of item with id Magento_Reports::report_products_sold was processed [] []
[2024-07-09T06:38:34.896398+00:00] main.DEBUG: Add of item with id Magento_Reports::report_products_viewed was processed [] []
[2024-07-09T06:38:34.896416+00:00] main.DEBUG: Add of item with id Magento_Reports::report_products_lowstock was processed [] []
[2024-07-09T06:38:34.896435+00:00] main.DEBUG: Add of item with id Magento_Reports::report_customers was processed [] []
[2024-07-09T06:38:34.896479+00:00] main.DEBUG: Add of item with id Magento_Reports::report_customers_accounts was processed [] []
[2024-07-09T06:38:34.896509+00:00] main.DEBUG: Add of item with id Magento_Reports::report_customers_totals was processed [] []
[2024-07-09T06:38:34.896540+00:00] main.DEBUG: Add of item with id Magento_Reports::report_customers_orders was processed [] []
[2024-07-09T06:38:34.896559+00:00] main.DEBUG: Add of item with id Magento_Reports::report_statistics was processed [] []
[2024-07-09T06:38:34.896592+00:00] main.DEBUG: Add of item with id Magento_Reports::report_statistics_refresh was processed [] []
[2024-07-09T06:38:34.896614+00:00] main.DEBUG: Add of item with id Magento_Search::report_search_term was processed [] []
[2024-07-09T06:38:34.896635+00:00] main.DEBUG: Add of item with id Magento_LoginAsCustomerLog::login_log was processed [] []
[2024-07-09T06:38:34.896655+00:00] main.DEBUG: Add of item with id Magento_Marketplace::partners was processed [] []
[2024-07-09T06:38:34.896674+00:00] main.DEBUG: Add of item with id Magento_SalesRule::promo_quote was processed [] []
[2024-07-09T06:38:34.896694+00:00] main.DEBUG: Add of item with id Magento_Sitemap::catalog_sitemap was processed [] []
[2024-07-09T06:38:34.896714+00:00] main.DEBUG: Add of item with id Magento_PageBuilder::templates was processed [] []
[2024-07-09T06:38:34.896741+00:00] main.DEBUG: Add of item with id Magento_Paypal::report_salesroot_paypal_settlement_reports was processed [] []
[2024-07-09T06:38:34.896773+00:00] main.DEBUG: Add of item with id Magento_Paypal::paypal_billing_agreement was processed [] []
[2024-07-09T06:38:34.896792+00:00] main.DEBUG: Add of item with id Magento_CheckoutAgreements::sales_checkoutagreement was processed [] []
[2024-07-09T06:38:34.896811+00:00] main.DEBUG: Add of item with id Magento_Review::catalog_reviews_ratings_ratings was processed [] []
[2024-07-09T06:38:34.896841+00:00] main.DEBUG: Add of item with id Magento_Review::catalog_reviews_ratings_pending was processed [] []
[2024-07-09T06:38:34.896871+00:00] main.DEBUG: Add of item with id Magento_Review::catalog_reviews_ratings_reviews_all was processed [] []
[2024-07-09T06:38:34.896891+00:00] main.DEBUG: Add of item with id Magento_Review::report_review was processed [] []
[2024-07-09T06:38:34.896920+00:00] main.DEBUG: Add of item with id Magento_Review::report_review_customer was processed [] []
[2024-07-09T06:38:34.896943+00:00] main.DEBUG: Add of item with id Magento_Review::report_review_product was processed [] []
[2024-07-09T06:38:34.896962+00:00] main.DEBUG: Add of item with id Magento_UrlRewrite::urlrewrite was processed [] []
[2024-07-09T06:38:34.896981+00:00] main.DEBUG: Add of item with id Magento_PaymentServicesDashboard::paymentservicesdashboard was processed [] []
[2024-07-09T06:38:34.897000+00:00] main.DEBUG: Add of item with id Magento_ServicesId::configuration was processed [] []
[2024-07-09T06:38:34.897027+00:00] main.DEBUG: Add of item with id Magento_ServicesId::services_id was processed [] []
[2024-07-09T06:38:34.897048+00:00] main.DEBUG: Add of item with id Magento_Tax::sales_tax was processed [] []
[2024-07-09T06:38:34.897084+00:00] main.DEBUG: Add of item with id Magento_Tax::sales_tax_rules was processed [] []
[2024-07-09T06:38:34.897107+00:00] main.DEBUG: Add of item with id Magento_Tax::sales_tax_rates was processed [] []
[2024-07-09T06:38:34.897126+00:00] main.DEBUG: Add of item with id Magento_TaxImportExport::system_convert_tax was processed [] []
[2024-07-09T06:38:34.897144+00:00] main.DEBUG: Add of item with id Magento_AsynchronousOperations::system_magento_logging was processed [] []
[2024-07-09T06:38:34.897171+00:00] main.DEBUG: Add of item with id Magento_AsynchronousOperations::system_magento_logging_bulk_operations was processed [] []
[2024-07-09T06:38:34.897194+00:00] main.DEBUG: Add of item with id Magento_CurrencySymbol::system_currency was processed [] []
[2024-07-09T06:38:34.897222+00:00] main.DEBUG: Add of item with id Magento_CurrencySymbol::system_currency_rates was processed [] []
[2024-07-09T06:38:34.897252+00:00] main.DEBUG: Add of item with id Magento_CurrencySymbol::system_currency_symbols was processed [] []
[2024-07-09T06:38:34.897280+00:00] main.DEBUG: Add of item with id PayPal_Braintree::settlement_report was processed [] []
[2024-07-09T06:38:34.897308+00:00] main.DEBUG: Add of item with id PayPal_Braintree::virtual_terminal was processed [] []
[2024-07-09T06:40:50.706518+00:00] main.DEBUG: cache_invalidate:  {"method":"POST","url":"https://www.empye.org/admin_7dem37w/theme/design_config/save/key/d8bae028c65dd07cf95c95f0d292b0827d837dcd089845ab2320cfac50e8a528/","invalidateInfo":{"tags":["gql_store_config_1","FPC"],"mode":"matchingTag"}} []
[2024-07-09T06:40:50.980401+00:00] main.DEBUG: cache_invalidate:  {"method":"POST","url":"https://www.empye.org/admin_7dem37w/theme/design_config/save/key/d8bae028c65dd07cf95c95f0d292b0827d837dcd089845ab2320cfac50e8a528/","invalidateInfo":{"tags":["gql_store_config_1","FPC"],"mode":"matchingTag"}} []
[2024-07-09T06:40:50.982622+00:00] main.DEBUG: cache_invalidate:  {"method":"POST","url":"https://www.empye.org/admin_7dem37w/theme/design_config/save/key/d8bae028c65dd07cf95c95f0d292b0827d837dcd089845ab2320cfac50e8a528/","invalidateInfo":{"tags":["gql_store_config_1","FPC"],"mode":"matchingTag"}} []
[2024-07-09T06:40:50.984859+00:00] main.DEBUG: cache_invalidate:  {"method":"POST","url":"https://www.empye.org/admin_7dem37w/theme/design_config/save/key/d8bae028c65dd07cf95c95f0d292b0827d837dcd089845ab2320cfac50e8a528/","invalidateInfo":{"tags":["gql_store_config_1","FPC"],"mode":"matchingTag"}} []
[2024-07-09T06:40:50.987100+00:00] main.DEBUG: cache_invalidate:  {"method":"POST","url":"https://www.empye.org/admin_7dem37w/theme/design_config/save/key/d8bae028c65dd07cf95c95f0d292b0827d837dcd089845ab2320cfac50e8a528/","invalidateInfo":{"tags":["gql_store_config_1","FPC"],"mode":"matchingTag"}} []
[2024-07-09T06:40:50.991970+00:00] main.DEBUG: cache_invalidate:  {"method":"POST","url":"https://www.empye.org/admin_7dem37w/theme/design_config/save/key/d8bae028c65dd07cf95c95f0d292b0827d837dcd089845ab2320cfac50e8a528/","invalidateInfo":{"tags":["gql_store_config_1","FPC"],"mode":"matchingTag"}} []
[2024-07-09T06:40:50.994127+00:00] main.DEBUG: cache_invalidate:  {"method":"POST","url":"https://www.empye.org/admin_7dem37w/theme/design_config/save/key/d8bae028c65dd07cf95c95f0d292b0827d837dcd089845ab2320cfac50e8a528/","invalidateInfo":{"tags":["gql_store_config_1","FPC"],"mode":"matchingTag"}} []
[2024-07-09T06:40:50.996238+00:00] main.DEBUG: cache_invalidate:  {"method":"POST","url":"https://www.empye.org/admin_7dem37w/theme/design_config/save/key/d8bae028c65dd07cf95c95f0d292b0827d837dcd089845ab2320cfac50e8a528/","invalidateInfo":{"tags":["gql_store_config_1","FPC"],"mode":"matchingTag"}} []
[2024-07-09T06:40:50.997295+00:00] main.DEBUG: cache_invalidate:  {"method":"POST","url":"https://www.empye.org/admin_7dem37w/theme/design_config/save/key/d8bae028c65dd07cf95c95f0d292b0827d837dcd089845ab2320cfac50e8a528/","invalidateInfo":{"tags":["gql_store_config_1","FPC"],"mode":"matchingTag"}} []
[2024-07-09T06:40:50.997491+00:00] main.DEBUG: cache_invalidate:  {"method":"POST","url":"https://www.empye.org/admin_7dem37w/theme/design_config/save/key/d8bae028c65dd07cf95c95f0d292b0827d837dcd089845ab2320cfac50e8a528/","invalidateInfo":{"tags":["gql_store_config_1","FPC"],"mode":"matchingTag"}} []
[2024-07-09T06:40:50.997651+00:00] main.DEBUG: cache_invalidate:  {"method":"POST","url":"https://www.empye.org/admin_7dem37w/theme/design_config/save/key/d8bae028c65dd07cf95c95f0d292b0827d837dcd089845ab2320cfac50e8a528/","invalidateInfo":{"tags":["gql_store_config_1","FPC"],"mode":"matchingTag"}} []
[2024-07-09T06:40:50.997792+00:00] main.DEBUG: cache_invalidate:  {"method":"POST","url":"https://www.empye.org/admin_7dem37w/theme/design_config/save/key/d8bae028c65dd07cf95c95f0d292b0827d837dcd089845ab2320cfac50e8a528/","invalidateInfo":{"tags":["gql_store_config_1","FPC"],"mode":"matchingTag"}} []
[2024-07-09T06:40:50.997920+00:00] main.DEBUG: cache_invalidate:  {"method":"POST","url":"https://www.empye.org/admin_7dem37w/theme/design_config/save/key/d8bae028c65dd07cf95c95f0d292b0827d837dcd089845ab2320cfac50e8a528/","invalidateInfo":{"tags":["gql_store_config_1","FPC"],"mode":"matchingTag"}} []
[2024-07-09T06:40:50.998129+00:00] main.DEBUG: cache_invalidate:  {"method":"POST","url":"https://www.empye.org/admin_7dem37w/theme/design_config/save/key/d8bae028c65dd07cf95c95f0d292b0827d837dcd089845ab2320cfac50e8a528/","invalidateInfo":{"tags":["gql_store_config_1","FPC"],"mode":"matchingTag"}} []
[2024-07-09T06:40:50.998261+00:00] main.DEBUG: cache_invalidate:  {"method":"POST","url":"https://www.empye.org/admin_7dem37w/theme/design_config/save/key/d8bae028c65dd07cf95c95f0d292b0827d837dcd089845ab2320cfac50e8a528/","invalidateInfo":{"tags":["gql_store_config_1","FPC"],"mode":"matchingTag"}} []
[2024-07-09T06:40:50.998392+00:00] main.DEBUG: cache_invalidate:  {"method":"POST","url":"https://www.empye.org/admin_7dem37w/theme/design_config/save/key/d8bae028c65dd07cf95c95f0d292b0827d837dcd089845ab2320cfac50e8a528/","invalidateInfo":{"tags":["gql_store_config_1","FPC"],"mode":"matchingTag"}} []
[2024-07-09T06:40:51.421850+00:00] main.INFO: Broken reference: the 'notification.messages' tries to reorder itself towards 'user', but their parents are different: 'header.inner.right' and 'header' respectively. [] []
[2024-07-09T06:47:15.095068+00:00] main.INFO: Broken reference: the 'catalog.compare.sidebar' element cannot be added as child to 'sidebar.additional', because the latter doesn't exist [] []
[2024-07-09T06:47:15.095399+00:00] main.INFO: Broken reference: the 'sale.reorder.sidebar' element cannot be added as child to 'sidebar.additional', because the latter doesn't exist [] []
[2024-07-09T06:47:15.095638+00:00] main.INFO: Broken reference: the 'wishlist_sidebar' element cannot be added as child to 'sidebar.additional', because the latter doesn't exist [] []
[2024-07-09T06:47:15.095737+00:00] main.INFO: Broken reference: the 'paypal.partner.right.logo' element cannot be added as child to 'sidebar.additional', because the latter doesn't exist [] []
[2024-07-09T06:47:15.095819+00:00] main.INFO: Broken reference: the 'bml.right.logo' element cannot be added as child to 'sidebar.additional', because the latter doesn't exist [] []
[2024-07-09T06:47:15.095875+00:00] main.INFO: Broken reference: the 'sidebar.container.paylater' element cannot be added as child to 'sidebar.additional', because the latter doesn't exist [] []
[2024-07-09T07:41:37.588093+00:00] main.INFO: Broken reference: the 'catalog.compare.sidebar' element cannot be added as child to 'sidebar.additional', because the latter doesn't exist [] []
[2024-07-09T07:41:37.588428+00:00] main.INFO: Broken reference: the 'sale.reorder.sidebar' element cannot be added as child to 'sidebar.additional', because the latter doesn't exist [] []
[2024-07-09T07:41:37.588670+00:00] main.INFO: Broken reference: the 'wishlist_sidebar' element cannot be added as child to 'sidebar.additional', because the latter doesn't exist [] []
[2024-07-09T07:41:37.588767+00:00] main.INFO: Broken reference: the 'paypal.partner.right.logo' element cannot be added as child to 'sidebar.additional', because the latter doesn't exist [] []
[2024-07-09T07:41:37.588834+00:00] main.INFO: Broken reference: the 'bml.right.logo' element cannot be added as child to 'sidebar.additional', because the latter doesn't exist [] []
[2024-07-09T07:41:37.588889+00:00] main.INFO: Broken reference: the 'sidebar.container.paylater' element cannot be added as child to 'sidebar.additional', because the latter doesn't exist [] []
[2024-07-09T07:43:31.942146+00:00] main.DEBUG: cache_invalidate:  {"method":"GET","url":"http:/","invalidateInfo":{"tags":["FPC"],"mode":"matchingTag"}} []
[2024-07-09T07:43:39.957312+00:00] main.DEBUG: Source class "\Magento\ServiceProxy\Model" for "Magento\ServiceProxy\Model\Logger" generation does not exist. {"exception":"[object] (RuntimeException(code: 0): Source class \"\\Magento\\ServiceProxy\\Model\" for \"Magento\\ServiceProxy\\Model\\Logger\" generation does not exist. at /var/www/html/empyeorg/vendor/magento/framework/Code/Generator.php:223)"} []
[2024-07-09T07:44:11.386840+00:00] main.INFO: Broken reference: the 'catalog.compare.sidebar' element cannot be added as child to 'sidebar.additional', because the latter doesn't exist [] []
[2024-07-09T07:44:11.387104+00:00] main.INFO: Broken reference: the 'sale.reorder.sidebar' element cannot be added as child to 'sidebar.additional', because the latter doesn't exist [] []
[2024-07-09T07:44:11.390625+00:00] main.INFO: Broken reference: the 'wishlist_sidebar' element cannot be added as child to 'sidebar.additional', because the latter doesn't exist [] []
[2024-07-09T07:44:11.390835+00:00] main.INFO: Broken reference: the 'paypal.partner.right.logo' element cannot be added as child to 'sidebar.additional', because the latter doesn't exist [] []
[2024-07-09T07:44:11.390891+00:00] main.INFO: Broken reference: the 'bml.right.logo' element cannot be added as child to 'sidebar.additional', because the latter doesn't exist [] []
[2024-07-09T07:44:11.390937+00:00] main.INFO: Broken reference: the 'sidebar.container.paylater' element cannot be added as child to 'sidebar.additional', because the latter doesn't exist [] []
[2024-07-09T07:45:23.254152+00:00] main.ERROR: Warning: Attempt to read property "id" on array in /var/www/html/empyeorg/app/code/Empye/RestrictUsers/Observer/RestrictUsersObserver.php on line 55 [] []
[2024-07-09T07:45:25.165040+00:00] main.ERROR: Warning: Attempt to read property "id" on array in /var/www/html/empyeorg/app/code/Empye/RestrictUsers/Observer/RestrictUsersObserver.php on line 55 [] []
[2024-07-09T07:45:37.892961+00:00] main.ERROR: Warning: Attempt to read property "ip" on array in /var/www/html/empyeorg/app/code/Empye/RestrictUsers/Observer/RestrictUsersObserver.php on line 55 [] []
[2024-07-09T07:45:39.571275+00:00] main.ERROR: Warning: Attempt to read property "ip" on array in /var/www/html/empyeorg/app/code/Empye/RestrictUsers/Observer/RestrictUsersObserver.php on line 55 [] []
[2024-07-09T07:45:42.845758+00:00] main.ERROR: Warning: Attempt to read property "ip" on array in /var/www/html/empyeorg/app/code/Empye/RestrictUsers/Observer/RestrictUsersObserver.php on line 55 [] []
[2024-07-09T07:45:44.370532+00:00] main.ERROR: Warning: Attempt to read property "ip" on array in /var/www/html/empyeorg/app/code/Empye/RestrictUsers/Observer/RestrictUsersObserver.php on line 55 [] []
[2024-07-09T07:45:47.827041+00:00] main.DEBUG: cache_invalidate:  {"method":"GET","url":"http:/","invalidateInfo":{"tags":["FPC"],"mode":"matchingTag"}} []
[2024-07-09T07:46:08.613543+00:00] main.DEBUG: Source class "\Magento\ServiceProxy\Model" for "Magento\ServiceProxy\Model\Logger" generation does not exist. {"exception":"[object] (RuntimeException(code: 0): Source class \"\\Magento\\ServiceProxy\\Model\" for \"Magento\\ServiceProxy\\Model\\Logger\" generation does not exist. at /var/www/html/empyeorg/vendor/magento/framework/Code/Generator.php:223)"} []
[2024-07-09T07:47:20.888683+00:00] main.DEBUG: cache_invalidate:  {"method":"GET","url":"http:/","invalidateInfo":{"tags":["FPC"],"mode":"matchingTag"}} []
[2024-07-09T07:47:32.284404+00:00] main.DEBUG: Source class "\Magento\ServiceProxy\Model" for "Magento\ServiceProxy\Model\Logger" generation does not exist. {"exception":"[object] (RuntimeException(code: 0): Source class \"\\Magento\\ServiceProxy\\Model\" for \"Magento\\ServiceProxy\\Model\\Logger\" generation does not exist. at /var/www/html/empyeorg/vendor/magento/framework/Code/Generator.php:223)"} []
[2024-07-09T07:47:35.381591+00:00] main.INFO: Broken reference: the 'catalog.compare.sidebar' element cannot be added as child to 'sidebar.additional', because the latter doesn't exist [] []
[2024-07-09T07:47:35.381821+00:00] main.INFO: Broken reference: the 'sale.reorder.sidebar' element cannot be added as child to 'sidebar.additional', because the latter doesn't exist [] []
[2024-07-09T07:47:35.382029+00:00] main.INFO: Broken reference: the 'wishlist_sidebar' element cannot be added as child to 'sidebar.additional', because the latter doesn't exist [] []
[2024-07-09T07:47:35.382115+00:00] main.INFO: Broken reference: the 'paypal.partner.right.logo' element cannot be added as child to 'sidebar.additional', because the latter doesn't exist [] []
[2024-07-09T07:47:35.382162+00:00] main.INFO: Broken reference: the 'bml.right.logo' element cannot be added as child to 'sidebar.additional', because the latter doesn't exist [] []
[2024-07-09T07:47:35.382214+00:00] main.INFO: Broken reference: the 'sidebar.container.paylater' element cannot be added as child to 'sidebar.additional', because the latter doesn't exist [] []
[2024-07-09T07:48:18.158931+00:00] main.DEBUG: cache_invalidate:  {"method":"GET","url":"http:/","invalidateInfo":{"tags":["FPC"],"mode":"matchingTag"}} []
[2024-07-09T07:48:28.497755+00:00] main.DEBUG: Source class "\Magento\ServiceProxy\Model" for "Magento\ServiceProxy\Model\Logger" generation does not exist. {"exception":"[object] (RuntimeException(code: 0): Source class \"\\Magento\\ServiceProxy\\Model\" for \"Magento\\ServiceProxy\\Model\\Logger\" generation does not exist. at /var/www/html/empyeorg/vendor/magento/framework/Code/Generator.php:223)"} []
[2024-07-09T07:49:51.191611+00:00] main.DEBUG: cache_invalidate:  {"method":"GET","url":"http:/","invalidateInfo":{"tags":["FPC"],"mode":"matchingTag"}} []
[2024-07-09T07:49:58.193977+00:00] main.DEBUG: Source class "\Magento\ServiceProxy\Model" for "Magento\ServiceProxy\Model\Logger" generation does not exist. {"exception":"[object] (RuntimeException(code: 0): Source class \"\\Magento\\ServiceProxy\\Model\" for \"Magento\\ServiceProxy\\Model\\Logger\" generation does not exist. at /var/www/html/empyeorg/vendor/magento/framework/Code/Generator.php:223)"} []
[2024-07-09T07:50:01.491531+00:00] main.INFO: Broken reference: the 'catalog.compare.sidebar' element cannot be added as child to 'sidebar.additional', because the latter doesn't exist [] []
[2024-07-09T07:50:01.491855+00:00] main.INFO: Broken reference: the 'sale.reorder.sidebar' element cannot be added as child to 'sidebar.additional', because the latter doesn't exist [] []
[2024-07-09T07:50:01.492139+00:00] main.INFO: Broken reference: the 'wishlist_sidebar' element cannot be added as child to 'sidebar.additional', because the latter doesn't exist [] []
[2024-07-09T07:50:01.492235+00:00] main.INFO: Broken reference: the 'paypal.partner.right.logo' element cannot be added as child to 'sidebar.additional', because the latter doesn't exist [] []
[2024-07-09T07:50:01.492299+00:00] main.INFO: Broken reference: the 'bml.right.logo' element cannot be added as child to 'sidebar.additional', because the latter doesn't exist [] []
[2024-07-09T07:50:01.492360+00:00] main.INFO: Broken reference: the 'sidebar.container.paylater' element cannot be added as child to 'sidebar.additional', because the latter doesn't exist [] []
[2024-07-09T07:50:29.649248+00:00] main.DEBUG: cache_invalidate:  {"method":"GET","url":"http:/","invalidateInfo":{"tags":["FPC"],"mode":"matchingTag"}} []
[2024-07-09T07:50:40.226764+00:00] main.DEBUG: Source class "\Magento\ServiceProxy\Model" for "Magento\ServiceProxy\Model\Logger" generation does not exist. {"exception":"[object] (RuntimeException(code: 0): Source class \"\\Magento\\ServiceProxy\\Model\" for \"Magento\\ServiceProxy\\Model\\Logger\" generation does not exist. at /var/www/html/empyeorg/vendor/magento/framework/Code/Generator.php:223)"} []
[2024-07-09T07:50:44.382959+00:00] main.INFO: Broken reference: the 'catalog.compare.sidebar' element cannot be added as child to 'sidebar.additional', because the latter doesn't exist [] []
[2024-07-09T07:50:44.383191+00:00] main.INFO: Broken reference: the 'sale.reorder.sidebar' element cannot be added as child to 'sidebar.additional', because the latter doesn't exist [] []
[2024-07-09T07:50:44.383324+00:00] main.INFO: Broken reference: the 'wishlist_sidebar' element cannot be added as child to 'sidebar.additional', because the latter doesn't exist [] []
[2024-07-09T07:50:44.383378+00:00] main.INFO: Broken reference: the 'paypal.partner.right.logo' element cannot be added as child to 'sidebar.additional', because the latter doesn't exist [] []
[2024-07-09T07:50:44.383415+00:00] main.INFO: Broken reference: the 'bml.right.logo' element cannot be added as child to 'sidebar.additional', because the latter doesn't exist [] []
[2024-07-09T07:50:44.383462+00:00] main.INFO: Broken reference: the 'sidebar.container.paylater' element cannot be added as child to 'sidebar.additional', because the latter doesn't exist [] []
[2024-07-09T07:51:22.629724+00:00] main.DEBUG: cache_invalidate:  {"method":"GET","url":"http:/","invalidateInfo":{"tags":["FPC"],"mode":"matchingTag"}} []
[2024-07-09T07:51:35.292687+00:00] main.DEBUG: Source class "\Magento\ServiceProxy\Model" for "Magento\ServiceProxy\Model\Logger" generation does not exist. {"exception":"[object] (RuntimeException(code: 0): Source class \"\\Magento\\ServiceProxy\\Model\" for \"Magento\\ServiceProxy\\Model\\Logger\" generation does not exist. at /var/www/html/empyeorg/vendor/magento/framework/Code/Generator.php:223)"} []
[2024-07-09T07:51:38.551214+00:00] main.INFO: Broken reference: the 'catalog.compare.sidebar' element cannot be added as child to 'sidebar.additional', because the latter doesn't exist [] []
[2024-07-09T07:51:38.551370+00:00] main.INFO: Broken reference: the 'sale.reorder.sidebar' element cannot be added as child to 'sidebar.additional', because the latter doesn't exist [] []
[2024-07-09T07:51:38.551501+00:00] main.INFO: Broken reference: the 'wishlist_sidebar' element cannot be added as child to 'sidebar.additional', because the latter doesn't exist [] []
[2024-07-09T07:51:38.551570+00:00] main.INFO: Broken reference: the 'paypal.partner.right.logo' element cannot be added as child to 'sidebar.additional', because the latter doesn't exist [] []
[2024-07-09T07:51:38.551627+00:00] main.INFO: Broken reference: the 'bml.right.logo' element cannot be added as child to 'sidebar.additional', because the latter doesn't exist [] []
[2024-07-09T07:51:38.551674+00:00] main.INFO: Broken reference: the 'sidebar.container.paylater' element cannot be added as child to 'sidebar.additional', because the latter doesn't exist [] []
[2024-07-09T08:33:22.568190+00:00] main.INFO: Broken reference: the 'catalog.compare.sidebar' element cannot be added as child to 'sidebar.additional', because the latter doesn't exist [] []
[2024-07-09T08:33:22.568452+00:00] main.INFO: Broken reference: the 'sale.reorder.sidebar' element cannot be added as child to 'sidebar.additional', because the latter doesn't exist [] []
[2024-07-09T08:33:22.568631+00:00] main.INFO: Broken reference: the 'wishlist_sidebar' element cannot be added as child to 'sidebar.additional', because the latter doesn't exist [] []
[2024-07-09T08:33:22.568689+00:00] main.INFO: Broken reference: the 'paypal.partner.right.logo' element cannot be added as child to 'sidebar.additional', because the latter doesn't exist [] []
[2024-07-09T08:33:22.568727+00:00] main.INFO: Broken reference: the 'bml.right.logo' element cannot be added as child to 'sidebar.additional', because the latter doesn't exist [] []
[2024-07-09T08:33:22.568762+00:00] main.INFO: Broken reference: the 'sidebar.container.paylater' element cannot be added as child to 'sidebar.additional', because the latter doesn't exist [] []
[2024-07-09T09:02:12.268560+00:00] main.INFO: Broken reference: the 'catalog.compare.sidebar' element cannot be added as child to 'sidebar.additional', because the latter doesn't exist [] []
[2024-07-09T09:02:12.268846+00:00] main.INFO: Broken reference: the 'sale.reorder.sidebar' element cannot be added as child to 'sidebar.additional', because the latter doesn't exist [] []
[2024-07-09T09:02:12.269051+00:00] main.INFO: Broken reference: the 'wishlist_sidebar' element cannot be added as child to 'sidebar.additional', because the latter doesn't exist [] []
[2024-07-09T09:02:12.269115+00:00] main.INFO: Broken reference: the 'paypal.partner.right.logo' element cannot be added as child to 'sidebar.additional', because the latter doesn't exist [] []
[2024-07-09T09:02:12.269157+00:00] main.INFO: Broken reference: the 'bml.right.logo' element cannot be added as child to 'sidebar.additional', because the latter doesn't exist [] []
[2024-07-09T09:02:12.269203+00:00] main.INFO: Broken reference: the 'sidebar.container.paylater' element cannot be added as child to 'sidebar.additional', because the latter doesn't exist [] []
[2024-07-09T09:16:06.752998+00:00] main.INFO: Broken reference: the 'catalog.compare.sidebar' element cannot be added as child to 'sidebar.additional', because the latter doesn't exist [] []
[2024-07-09T09:16:06.753247+00:00] main.INFO: Broken reference: the 'sale.reorder.sidebar' element cannot be added as child to 'sidebar.additional', because the latter doesn't exist [] []
[2024-07-09T09:16:06.753407+00:00] main.INFO: Broken reference: the 'wishlist_sidebar' element cannot be added as child to 'sidebar.additional', because the latter doesn't exist [] []
[2024-07-09T09:16:06.753475+00:00] main.INFO: Broken reference: the 'paypal.partner.right.logo' element cannot be added as child to 'sidebar.additional', because the latter doesn't exist [] []
[2024-07-09T09:16:06.753514+00:00] main.INFO: Broken reference: the 'bml.right.logo' element cannot be added as child to 'sidebar.additional', because the latter doesn't exist [] []
[2024-07-09T09:16:06.753549+00:00] main.INFO: Broken reference: the 'sidebar.container.paylater' element cannot be added as child to 'sidebar.additional', because the latter doesn't exist [] []
[2024-07-09T09:16:09.042906+00:00] main.ERROR: Unable to resolve the source file for 'frontend/Empye/bootstrap/en_US/underscore-umd.js.map' [] []
[2024-07-09T09:16:09.043118+00:00] main.CRITICAL: Unable to resolve the source file for 'frontend/Empye/bootstrap/en_US/underscore-umd.js.map' [] []
[2024-07-09T09:16:09.317597+00:00] main.ERROR: Unable to resolve the source file for 'frontend/Empye/bootstrap/en_US/underscore-umd.js.map' [] []
[2024-07-09T09:16:09.317796+00:00] main.CRITICAL: Unable to resolve the source file for 'frontend/Empye/bootstrap/en_US/underscore-umd.js.map' [] []
[2024-07-09T09:19:35.193672+00:00] main.INFO: Broken reference: the 'tracking' element cannot be added as child to 'header', because the latter doesn't exist [] []
[2024-07-09T09:19:35.193927+00:00] main.INFO: Broken reference: the 'notification_area' element cannot be added as child to 'notifications', because the latter doesn't exist [] []
[2024-07-09T09:19:35.194027+00:00] main.INFO: Broken reference: the 'unread_system_messages' element cannot be added as child to 'notifications', because the latter doesn't exist [] []
[2024-07-09T09:19:35.194079+00:00] main.INFO: Broken reference: the 'notification_window' element cannot be added as child to 'notifications', because the latter doesn't exist [] []
[2024-07-09T09:19:35.194119+00:00] main.INFO: Broken reference: the 'notification.messages' element cannot be added as child to 'header', because the latter doesn't exist [] []
[2024-07-09T09:19:35.194158+00:00] main.INFO: Broken reference: the 'global_notices' element cannot be added as child to 'global.notices', because the latter doesn't exist [] []
[2024-07-09T09:19:35.194194+00:00] main.INFO: Broken reference: the 'logo' element cannot be added as child to 'header', because the latter doesn't exist [] []
[2024-07-09T09:19:35.194228+00:00] main.INFO: Broken reference: the 'global.search' element cannot be added as child to 'header', because the latter doesn't exist [] []
[2024-07-09T09:19:35.194264+00:00] main.INFO: Broken reference: the 'user' element cannot be added as child to 'header', because the latter doesn't exist [] []
[2024-07-09T09:19:35.194316+00:00] main.INFO: Broken reference: the 'menu' element cannot be added as child to 'page.menu', because the latter doesn't exist [] []
[2024-07-09T09:19:35.194367+00:00] main.INFO: Broken reference: the 'breadcrumbs' element cannot be added as child to 'page.breadcrumbs', because the latter doesn't exist [] []
[2024-07-09T09:19:35.194417+00:00] main.INFO: Broken reference: the 'formkey' element cannot be added as child to 'page.formkey', because the latter doesn't exist [] []
[2024-07-09T09:19:35.194472+00:00] main.INFO: Broken reference: the 'page.title' element cannot be added as child to 'main.top', because the latter doesn't exist [] []
[2024-07-09T09:19:35.194521+00:00] main.INFO: Broken reference: the 'messages' element cannot be added as child to 'page.messages', because the latter doesn't exist [] []
[2024-07-09T09:19:35.194571+00:00] main.INFO: Broken reference: the 'page.actions.toolbar' element cannot be added as child to 'page.main.actions', because the latter doesn't exist [] []
[2024-07-09T09:19:35.194607+00:00] main.INFO: Broken reference: the 'legal' element cannot be added as child to 'footer', because the latter doesn't exist [] []
[2024-07-09T09:19:35.194697+00:00] main.INFO: Broken reference: the 'header.inner.left' element cannot be added as child to 'header', because the latter doesn't exist [] []
[2024-07-09T09:19:35.194751+00:00] main.INFO: Broken reference: the 'header.inner.right' element cannot be added as child to 'header', because the latter doesn't exist [] []
[2024-07-09T09:19:35.194848+00:00] main.INFO: Broken reference: the 'user' tries to reorder itself towards '', but their parents are different: 'header' and '' respectively. [] []
[2024-07-09T09:19:35.194908+00:00] main.INFO: Broken reference: the 'notification.messages' tries to reorder itself towards 'user', but their parents are different: 'header' and '' respectively. [] []
[2024-07-09T09:19:35.194972+00:00] main.INFO: Broken reference: the 'logo' tries to reorder itself towards '', but their parents are different: 'header' and '' respectively. [] []
[2024-07-09T09:19:35.195025+00:00] main.INFO: Broken reference: the 'global.search' tries to reorder itself towards 'logo', but their parents are different: 'header' and '' respectively. [] []
[2024-07-09T09:19:35.195080+00:00] main.INFO: Broken reference: the 'page.actions.toolbar' tries to reorder itself towards '', but their parents are different: 'page.main.actions' and '' respectively. [] []
[2024-07-09T09:19:35.195163+00:00] main.INFO: Broken reference: the 'header.inner.left' tries to reorder itself towards '', but their parents are different: 'header' and '' respectively. [] []
[2024-07-09T09:19:35.195219+00:00] main.INFO: Broken reference: the 'header.inner.right' tries to reorder itself towards 'header.inner.left', but their parents are different: 'header' and '' respectively. [] []
[2024-07-09T09:19:35.195303+00:00] main.INFO: Broken reference: the 'notification.messages' tries to reorder itself towards 'user', but their parents are different: 'header.inner.right' and '' respectively. [] []
[2024-07-09T09:19:37.538771+00:00] main.DEBUG: cache_invalidate:  {"method":"POST","url":"https://www.empye.org/admin_7dem37w/theme/design_config/index/key/9ef84eea3a9cb6914b8060fa6d0e790ba6e4f35f6b772d6bf292ed96793dfe4f/","invalidateInfo":{"tags":["BACKEND_MAINMENU"],"mode":"matchingAnyTag"}} []
[2024-07-09T09:19:37.597190+00:00] main.DEBUG: cache_invalidate:  {"method":"POST","url":"https://www.empye.org/admin_7dem37w/theme/design_config/index/key/9ef84eea3a9cb6914b8060fa6d0e790ba6e4f35f6b772d6bf292ed96793dfe4f/","invalidateInfo":{"tags":["PB_EDITOR_CONFIG","CONFIG"],"mode":"matchingTag"}} []
[2024-07-09T09:19:37.610149+00:00] main.DEBUG: Item Magento_Backend::system_currency was removed [] []
[2024-07-09T09:19:37.612510+00:00] main.DEBUG: Add of item with id Magento_Config::system_config was processed [] []
[2024-07-09T09:19:37.612613+00:00] main.DEBUG: Add of item with id Magento_AdminNotification::system_adminnotification was processed [] []
[2024-07-09T09:19:37.612650+00:00] main.DEBUG: Add of item with id Magento_Theme::design_config was processed [] []
[2024-07-09T09:19:37.612673+00:00] main.DEBUG: Add of item with id Magento_Theme::system_design_theme was processed [] []
[2024-07-09T09:19:37.612694+00:00] main.DEBUG: Add of item with id Magento_Backend::system_design_schedule was processed [] []
[2024-07-09T09:19:37.612714+00:00] main.DEBUG: Add of item with id Magento_Backend::system_store was processed [] []
[2024-07-09T09:19:37.612739+00:00] main.DEBUG: Add of item with id Magento_Backend::dashboard was processed [] []
[2024-07-09T09:19:37.612770+00:00] main.DEBUG: Add of item with id Magento_Backend::system was processed [] []
[2024-07-09T09:19:37.612816+00:00] main.DEBUG: Add of item with id Magento_Backend::system_tools was processed [] []
[2024-07-09T09:19:37.612861+00:00] main.DEBUG: Add of item with id Magento_Backend::system_design was processed [] []
[2024-07-09T09:19:37.612889+00:00] main.DEBUG: Add of item with id Magento_Backend::system_convert was processed [] []
[2024-07-09T09:19:37.612931+00:00] main.DEBUG: Add of item with id Magento_Backend::system_cache was processed [] []
[2024-07-09T09:19:37.612962+00:00] main.DEBUG: Add of item with id Magento_Backend::marketing was processed [] []
[2024-07-09T09:19:37.613007+00:00] main.DEBUG: Add of item with id Magento_Backend::marketing_communications was processed [] []
[2024-07-09T09:19:37.613042+00:00] main.DEBUG: Add of item with id Magento_Backend::marketing_seo was processed [] []
[2024-07-09T09:19:37.613064+00:00] main.DEBUG: Add of item with id Magento_Backend::marketing_user_content was processed [] []
[2024-07-09T09:19:37.613083+00:00] main.DEBUG: Add of item with id Magento_Backend::content was processed [] []
[2024-07-09T09:19:37.613101+00:00] main.DEBUG: Add of item with id Magento_Backend::content_elements was processed [] []
[2024-07-09T09:19:37.613120+00:00] main.DEBUG: Add of item with id Magento_Backend::stores was processed [] []
[2024-07-09T09:19:37.613153+00:00] main.DEBUG: Add of item with id Magento_Backend::stores_settings was processed [] []
[2024-07-09T09:19:37.613174+00:00] main.DEBUG: Add of item with id Magento_Backend::stores_attributes was processed [] []
[2024-07-09T09:19:37.613194+00:00] main.DEBUG: Add of item with id Magento_Backend::other_settings was processed [] []
[2024-07-09T09:19:37.613212+00:00] main.DEBUG: Add of item with id Magento_Backend::system_other_settings was processed [] []
[2024-07-09T09:19:37.613247+00:00] main.DEBUG: Add of item with id Magento_User::system_acl was processed [] []
[2024-07-09T09:19:37.613278+00:00] main.DEBUG: Add of item with id Magento_User::system_acl_users was processed [] []
[2024-07-09T09:19:37.613299+00:00] main.DEBUG: Add of item with id Magento_User::system_acl_roles was processed [] []
[2024-07-09T09:19:37.613321+00:00] main.DEBUG: Add of item with id Magento_User::system_acl_locks was processed [] []
[2024-07-09T09:19:37.613339+00:00] main.DEBUG: Add of item with id Magento_Customer::customer was processed [] []
[2024-07-09T09:19:37.613367+00:00] main.DEBUG: Add of item with id Magento_Customer::customer_manage was processed [] []
[2024-07-09T09:19:37.613387+00:00] main.DEBUG: Add of item with id Magento_Customer::customer_online was processed [] []
[2024-07-09T09:19:37.613406+00:00] main.DEBUG: Add of item with id Magento_Customer::customer_group was processed [] []
[2024-07-09T09:19:37.613424+00:00] main.DEBUG: Add of item with id Magento_Backup::system_tools_backup was processed [] []
[2024-07-09T09:19:37.613442+00:00] main.DEBUG: Add of item with id Magento_Indexer::system_index was processed [] []
[2024-07-09T09:19:37.613460+00:00] main.DEBUG: Add of item with id Magento_Variable::system_variable was processed [] []
[2024-07-09T09:19:37.613489+00:00] main.DEBUG: Add of item with id Magento_Cms::cms_page was processed [] []
[2024-07-09T09:19:37.613510+00:00] main.DEBUG: Add of item with id Magento_Cms::cms_block was processed [] []
[2024-07-09T09:19:37.613529+00:00] main.DEBUG: Add of item with id Magento_Integration::system_extensions was processed [] []
[2024-07-09T09:19:37.613557+00:00] main.DEBUG: Add of item with id Magento_Integration::system_integrations was processed [] []
[2024-07-09T09:19:37.613586+00:00] main.DEBUG: Add of item with id Magento_Search::search_terms was processed [] []
[2024-07-09T09:19:37.613606+00:00] main.DEBUG: Add of item with id Magento_Search::search_synonyms was processed [] []
[2024-07-09T09:19:37.613626+00:00] main.DEBUG: Add of item with id Magento_Catalog::catalog was processed [] []
[2024-07-09T09:19:37.613652+00:00] main.DEBUG: Add of item with id Magento_Catalog::catalog_products was processed [] []
[2024-07-09T09:19:37.613673+00:00] main.DEBUG: Add of item with id Magento_Catalog::catalog_categories was processed [] []
[2024-07-09T09:19:37.613700+00:00] main.DEBUG: Add of item with id Magento_Catalog::catalog_attributes_attributes was processed [] []
[2024-07-09T09:19:37.613721+00:00] main.DEBUG: Add of item with id Magento_Catalog::catalog_attributes_sets was processed [] []
[2024-07-09T09:19:37.613765+00:00] main.DEBUG: Add of item with id Magento_Catalog::inventory was processed [] []
[2024-07-09T09:19:37.613789+00:00] main.DEBUG: Add of item with id Magento_CatalogRule::promo was processed [] []
[2024-07-09T09:19:37.613825+00:00] main.DEBUG: Add of item with id Magento_CatalogRule::promo_catalog was processed [] []
[2024-07-09T09:19:37.613848+00:00] main.DEBUG: Add of item with id Magento_MediaGalleryUi::media was processed [] []
[2024-07-09T09:19:37.613877+00:00] main.DEBUG: Add of item with id Magento_MediaGalleryUi::media_gallery was processed [] []
[2024-07-09T09:19:37.613898+00:00] main.DEBUG: Add of item with id Magento_Sales::sales was processed [] []
[2024-07-09T09:19:37.613927+00:00] main.DEBUG: Add of item with id Magento_Sales::sales_operation was processed [] []
[2024-07-09T09:19:37.613995+00:00] main.DEBUG: Add of item with id Magento_Sales::sales_order was processed [] []
[2024-07-09T09:19:37.614017+00:00] main.DEBUG: Add of item with id Magento_Sales::sales_invoice was processed [] []
[2024-07-09T09:19:37.614037+00:00] main.DEBUG: Add of item with id Magento_Sales::sales_shipment was processed [] []
[2024-07-09T09:19:37.614057+00:00] main.DEBUG: Add of item with id Magento_Sales::sales_creditmemo was processed [] []
[2024-07-09T09:19:37.614075+00:00] main.DEBUG: Add of item with id Magento_Sales::sales_transactions was processed [] []
[2024-07-09T09:19:37.614094+00:00] main.DEBUG: Add of item with id Magento_Sales::system_order_statuses was processed [] []
[2024-07-09T09:19:37.614120+00:00] main.DEBUG: Add of item with id Magento_Widget::cms_widget_instance was processed [] []
[2024-07-09T09:19:37.614148+00:00] main.DEBUG: Add of item with id Magento_Analytics::business_intelligence was processed [] []
[2024-07-09T09:19:37.614177+00:00] main.DEBUG: Add of item with id Magento_Analytics::advanced_reporting was processed [] []
[2024-07-09T09:19:37.614198+00:00] main.DEBUG: Add of item with id Magento_Analytics::bi_essentials was processed [] []
[2024-07-09T09:19:37.614226+00:00] main.DEBUG: Add of item with id Magento_Downloadable::report_products_downloads was processed [] []
[2024-07-09T09:19:37.614257+00:00] main.DEBUG: Add of item with id Magento_Newsletter::newsletter_template was processed [] []
[2024-07-09T09:19:37.614277+00:00] main.DEBUG: Add of item with id Magento_Newsletter::newsletter_queue was processed [] []
[2024-07-09T09:19:37.614297+00:00] main.DEBUG: Add of item with id Magento_Newsletter::newsletter_subscriber was processed [] []
[2024-07-09T09:19:37.614323+00:00] main.DEBUG: Add of item with id Magento_Newsletter::newsletter_problem was processed [] []
[2024-07-09T09:19:37.614351+00:00] main.DEBUG: Add of item with id Magento_ImportExport::system_convert_import was processed [] []
[2024-07-09T09:19:37.614371+00:00] main.DEBUG: Add of item with id Magento_ImportExport::system_convert_export was processed [] []
[2024-07-09T09:19:37.614391+00:00] main.DEBUG: Add of item with id Magento_ImportExport::system_convert_history was processed [] []
[2024-07-09T09:19:37.614410+00:00] main.DEBUG: Add of item with id Magento_Email::template was processed [] []
[2024-07-09T09:19:37.614428+00:00] main.DEBUG: Add of item with id Magento_EncryptionKey::system_crypt_key was processed [] []
[2024-07-09T09:19:37.614446+00:00] main.DEBUG: Add of item with id Magento_InventoryAdminUi::inventory was processed [] []
[2024-07-09T09:19:37.614474+00:00] main.DEBUG: Add of item with id Magento_InventoryAdminUi::source was processed [] []
[2024-07-09T09:19:37.614500+00:00] main.DEBUG: Add of item with id Magento_InventoryAdminUi::stock was processed [] []
[2024-07-09T09:19:37.614529+00:00] main.DEBUG: Add of item with id Magento_Reports::report was processed [] []
[2024-07-09T09:19:37.614548+00:00] main.DEBUG: Add of item with id Magento_Reports::report_marketing was processed [] []
[2024-07-09T09:19:37.614566+00:00] main.DEBUG: Add of item with id Magento_Reports::report_salesroot was processed [] []
[2024-07-09T09:19:37.614594+00:00] main.DEBUG: Add of item with id Magento_Reports::report_salesroot_sales was processed [] []
[2024-07-09T09:19:37.614615+00:00] main.DEBUG: Add of item with id Magento_Reports::report_salesroot_tax was processed [] []
[2024-07-09T09:19:37.614634+00:00] main.DEBUG: Add of item with id Magento_Reports::report_salesroot_invoiced was processed [] []
[2024-07-09T09:19:37.614653+00:00] main.DEBUG: Add of item with id Magento_Reports::report_salesroot_shipping was processed [] []
[2024-07-09T09:19:37.614672+00:00] main.DEBUG: Add of item with id Magento_Reports::report_salesroot_refunded was processed [] []
[2024-07-09T09:19:37.614692+00:00] main.DEBUG: Add of item with id Magento_Reports::report_salesroot_coupons was processed [] []
[2024-07-09T09:19:37.614710+00:00] main.DEBUG: Add of item with id Magento_Reports::report_shopcart_product was processed [] []
[2024-07-09T09:19:37.614732+00:00] main.DEBUG: Add of item with id Magento_Reports::report_shopcart_abandoned was processed [] []
[2024-07-09T09:19:37.614761+00:00] main.DEBUG: Add of item with id Magento_Reports::report_products was processed [] []
[2024-07-09T09:19:37.614791+00:00] main.DEBUG: Add of item with id Magento_Reports::report_products_bestsellers was processed [] []
[2024-07-09T09:19:37.614816+00:00] main.DEBUG: Add of item with id Magento_Reports::report_products_sold was processed [] []
[2024-07-09T09:19:37.614841+00:00] main.DEBUG: Add of item with id Magento_Reports::report_products_viewed was processed [] []
[2024-07-09T09:19:37.614860+00:00] main.DEBUG: Add of item with id Magento_Reports::report_products_lowstock was processed [] []
[2024-07-09T09:19:37.614882+00:00] main.DEBUG: Add of item with id Magento_Reports::report_customers was processed [] []
[2024-07-09T09:19:37.614925+00:00] main.DEBUG: Add of item with id Magento_Reports::report_customers_accounts was processed [] []
[2024-07-09T09:19:37.614966+00:00] main.DEBUG: Add of item with id Magento_Reports::report_customers_totals was processed [] []
[2024-07-09T09:19:37.614994+00:00] main.DEBUG: Add of item with id Magento_Reports::report_customers_orders was processed [] []
[2024-07-09T09:19:37.615024+00:00] main.DEBUG: Add of item with id Magento_Reports::report_statistics was processed [] []
[2024-07-09T09:19:37.615072+00:00] main.DEBUG: Add of item with id Magento_Reports::report_statistics_refresh was processed [] []
[2024-07-09T09:19:37.615105+00:00] main.DEBUG: Add of item with id Magento_Search::report_search_term was processed [] []
[2024-07-09T09:19:37.615135+00:00] main.DEBUG: Add of item with id Magento_LoginAsCustomerLog::login_log was processed [] []
[2024-07-09T09:19:37.615162+00:00] main.DEBUG: Add of item with id Magento_Marketplace::partners was processed [] []
[2024-07-09T09:19:37.615189+00:00] main.DEBUG: Add of item with id Magento_SalesRule::promo_quote was processed [] []
[2024-07-09T09:19:37.615213+00:00] main.DEBUG: Add of item with id Magento_Sitemap::catalog_sitemap was processed [] []
[2024-07-09T09:19:37.615237+00:00] main.DEBUG: Add of item with id Magento_PageBuilder::templates was processed [] []
[2024-07-09T09:19:37.615261+00:00] main.DEBUG: Add of item with id Magento_Paypal::report_salesroot_paypal_settlement_reports was processed [] []
[2024-07-09T09:19:37.615286+00:00] main.DEBUG: Add of item with id Magento_Paypal::paypal_billing_agreement was processed [] []
[2024-07-09T09:19:37.615310+00:00] main.DEBUG: Add of item with id Magento_CheckoutAgreements::sales_checkoutagreement was processed [] []
[2024-07-09T09:19:37.615338+00:00] main.DEBUG: Add of item with id Magento_Review::catalog_reviews_ratings_ratings was processed [] []
[2024-07-09T09:19:37.615386+00:00] main.DEBUG: Add of item with id Magento_Review::catalog_reviews_ratings_pending was processed [] []
[2024-07-09T09:19:37.615421+00:00] main.DEBUG: Add of item with id Magento_Review::catalog_reviews_ratings_reviews_all was processed [] []
[2024-07-09T09:19:37.615455+00:00] main.DEBUG: Add of item with id Magento_Review::report_review was processed [] []
[2024-07-09T09:19:37.615507+00:00] main.DEBUG: Add of item with id Magento_Review::report_review_customer was processed [] []
[2024-07-09T09:19:37.615548+00:00] main.DEBUG: Add of item with id Magento_Review::report_review_product was processed [] []
[2024-07-09T09:19:37.615576+00:00] main.DEBUG: Add of item with id Magento_UrlRewrite::urlrewrite was processed [] []
[2024-07-09T09:19:37.615596+00:00] main.DEBUG: Add of item with id Magento_PaymentServicesDashboard::paymentservicesdashboard was processed [] []
[2024-07-09T09:19:37.615615+00:00] main.DEBUG: Add of item with id Magento_ServicesId::configuration was processed [] []
[2024-07-09T09:19:37.615657+00:00] main.DEBUG: Add of item with id Magento_ServicesId::services_id was processed [] []
[2024-07-09T09:19:37.615690+00:00] main.DEBUG: Add of item with id Magento_Tax::sales_tax was processed [] []
[2024-07-09T09:19:37.615732+00:00] main.DEBUG: Add of item with id Magento_Tax::sales_tax_rules was processed [] []
[2024-07-09T09:19:37.615763+00:00] main.DEBUG: Add of item with id Magento_Tax::sales_tax_rates was processed [] []
[2024-07-09T09:19:37.615791+00:00] main.DEBUG: Add of item with id Magento_TaxImportExport::system_convert_tax was processed [] []
[2024-07-09T09:19:37.615820+00:00] main.DEBUG: Add of item with id Magento_AsynchronousOperations::system_magento_logging was processed [] []
[2024-07-09T09:19:37.615854+00:00] main.DEBUG: Add of item with id Magento_AsynchronousOperations::system_magento_logging_bulk_operations was processed [] []
[2024-07-09T09:19:37.615876+00:00] main.DEBUG: Add of item with id Magento_CurrencySymbol::system_currency was processed [] []
[2024-07-09T09:19:37.615924+00:00] main.DEBUG: Add of item with id Magento_CurrencySymbol::system_currency_rates was processed [] []
[2024-07-09T09:19:37.615947+00:00] main.DEBUG: Add of item with id Magento_CurrencySymbol::system_currency_symbols was processed [] []
[2024-07-09T09:19:37.615967+00:00] main.DEBUG: Add of item with id PayPal_Braintree::settlement_report was processed [] []
[2024-07-09T09:19:37.615985+00:00] main.DEBUG: Add of item with id PayPal_Braintree::virtual_terminal was processed [] []
[2024-07-09T09:19:38.733226+00:00] main.INFO: Broken reference: the 'notification.messages' tries to reorder itself towards 'user', but their parents are different: 'header.inner.right' and 'header' respectively. [] []
[2024-07-09T10:58:48.626019+00:00] main.INFO: Broken reference: the 'tracking' element cannot be added as child to 'header', because the latter doesn't exist [] []
[2024-07-09T10:58:48.626295+00:00] main.INFO: Broken reference: the 'notification_area' element cannot be added as child to 'notifications', because the latter doesn't exist [] []
[2024-07-09T10:58:48.626366+00:00] main.INFO: Broken reference: the 'unread_system_messages' element cannot be added as child to 'notifications', because the latter doesn't exist [] []
[2024-07-09T10:58:48.626426+00:00] main.INFO: Broken reference: the 'notification_window' element cannot be added as child to 'notifications', because the latter doesn't exist [] []
[2024-07-09T10:58:48.626475+00:00] main.INFO: Broken reference: the 'notification.messages' element cannot be added as child to 'header', because the latter doesn't exist [] []
[2024-07-09T10:58:48.626532+00:00] main.INFO: Broken reference: the 'global_notices' element cannot be added as child to 'global.notices', because the latter doesn't exist [] []
[2024-07-09T10:58:48.626582+00:00] main.INFO: Broken reference: the 'logo' element cannot be added as child to 'header', because the latter doesn't exist [] []
[2024-07-09T10:58:48.626624+00:00] main.INFO: Broken reference: the 'global.search' element cannot be added as child to 'header', because the latter doesn't exist [] []
[2024-07-09T10:58:48.626673+00:00] main.INFO: Broken reference: the 'user' element cannot be added as child to 'header', because the latter doesn't exist [] []
[2024-07-09T10:58:48.626731+00:00] main.INFO: Broken reference: the 'menu' element cannot be added as child to 'page.menu', because the latter doesn't exist [] []
[2024-07-09T10:58:48.626794+00:00] main.INFO: Broken reference: the 'breadcrumbs' element cannot be added as child to 'page.breadcrumbs', because the latter doesn't exist [] []
[2024-07-09T10:58:48.626838+00:00] main.INFO: Broken reference: the 'formkey' element cannot be added as child to 'page.formkey', because the latter doesn't exist [] []
[2024-07-09T10:58:48.626890+00:00] main.INFO: Broken reference: the 'page.title' element cannot be added as child to 'main.top', because the latter doesn't exist [] []
[2024-07-09T10:58:48.626967+00:00] main.INFO: Broken reference: the 'messages' element cannot be added as child to 'page.messages', because the latter doesn't exist [] []
[2024-07-09T10:58:48.627031+00:00] main.INFO: Broken reference: the 'page.actions.toolbar' element cannot be added as child to 'page.main.actions', because the latter doesn't exist [] []
[2024-07-09T10:58:48.627097+00:00] main.INFO: Broken reference: the 'legal' element cannot be added as child to 'footer', because the latter doesn't exist [] []
[2024-07-09T10:58:48.627269+00:00] main.INFO: Broken reference: the 'header.inner.left' element cannot be added as child to 'header', because the latter doesn't exist [] []
[2024-07-09T10:58:48.627328+00:00] main.INFO: Broken reference: the 'header.inner.right' element cannot be added as child to 'header', because the latter doesn't exist [] []
[2024-07-09T10:58:48.627458+00:00] main.INFO: Broken reference: the 'user' tries to reorder itself towards '', but their parents are different: 'header' and '' respectively. [] []
[2024-07-09T10:58:48.627540+00:00] main.INFO: Broken reference: the 'notification.messages' tries to reorder itself towards 'user', but their parents are different: 'header' and '' respectively. [] []
[2024-07-09T10:58:48.627611+00:00] main.INFO: Broken reference: the 'logo' tries to reorder itself towards '', but their parents are different: 'header' and '' respectively. [] []
[2024-07-09T10:58:48.627677+00:00] main.INFO: Broken reference: the 'global.search' tries to reorder itself towards 'logo', but their parents are different: 'header' and '' respectively. [] []
[2024-07-09T10:58:48.627745+00:00] main.INFO: Broken reference: the 'page.actions.toolbar' tries to reorder itself towards '', but their parents are different: 'page.main.actions' and '' respectively. [] []
[2024-07-09T10:58:48.627841+00:00] main.INFO: Broken reference: the 'header.inner.left' tries to reorder itself towards '', but their parents are different: 'header' and '' respectively. [] []
[2024-07-09T10:58:48.627898+00:00] main.INFO: Broken reference: the 'header.inner.right' tries to reorder itself towards 'header.inner.left', but their parents are different: 'header' and '' respectively. [] []
[2024-07-09T10:58:48.627955+00:00] main.INFO: Broken reference: the 'notification.messages' tries to reorder itself towards 'user', but their parents are different: 'header.inner.right' and '' respectively. [] []
[2024-07-09T12:11:05.621851+00:00] main.INFO: Broken reference: the 'tracking' element cannot be added as child to 'header', because the latter doesn't exist [] []
[2024-07-09T12:11:05.622287+00:00] main.INFO: Broken reference: the 'notification_area' element cannot be added as child to 'notifications', because the latter doesn't exist [] []
[2024-07-09T12:11:05.622362+00:00] main.INFO: Broken reference: the 'unread_system_messages' element cannot be added as child to 'notifications', because the latter doesn't exist [] []
[2024-07-09T12:11:05.622431+00:00] main.INFO: Broken reference: the 'notification_window' element cannot be added as child to 'notifications', because the latter doesn't exist [] []
[2024-07-09T12:11:05.622488+00:00] main.INFO: Broken reference: the 'notification.messages' element cannot be added as child to 'header', because the latter doesn't exist [] []
[2024-07-09T12:11:05.622552+00:00] main.INFO: Broken reference: the 'global_notices' element cannot be added as child to 'global.notices', because the latter doesn't exist [] []
[2024-07-09T12:11:05.622611+00:00] main.INFO: Broken reference: the 'logo' element cannot be added as child to 'header', because the latter doesn't exist [] []
[2024-07-09T12:11:05.622667+00:00] main.INFO: Broken reference: the 'global.search' element cannot be added as child to 'header', because the latter doesn't exist [] []
[2024-07-09T12:11:05.622726+00:00] main.INFO: Broken reference: the 'user' element cannot be added as child to 'header', because the latter doesn't exist [] []
[2024-07-09T12:11:05.622803+00:00] main.INFO: Broken reference: the 'menu' element cannot be added as child to 'page.menu', because the latter doesn't exist [] []
[2024-07-09T12:11:05.622859+00:00] main.INFO: Broken reference: the 'breadcrumbs' element cannot be added as child to 'page.breadcrumbs', because the latter doesn't exist [] []
[2024-07-09T12:11:05.622916+00:00] main.INFO: Broken reference: the 'formkey' element cannot be added as child to 'page.formkey', because the latter doesn't exist [] []
[2024-07-09T12:11:05.622967+00:00] main.INFO: Broken reference: the 'page.title' element cannot be added as child to 'main.top', because the latter doesn't exist [] []
[2024-07-09T12:11:05.623019+00:00] main.INFO: Broken reference: the 'messages' element cannot be added as child to 'page.messages', because the latter doesn't exist [] []
[2024-07-09T12:11:05.623081+00:00] main.INFO: Broken reference: the 'page.actions.toolbar' element cannot be added as child to 'page.main.actions', because the latter doesn't exist [] []
[2024-07-09T12:11:05.623144+00:00] main.INFO: Broken reference: the 'legal' element cannot be added as child to 'footer', because the latter doesn't exist [] []
[2024-07-09T12:11:05.623341+00:00] main.INFO: Broken reference: the 'header.inner.left' element cannot be added as child to 'header', because the latter doesn't exist [] []
[2024-07-09T12:11:05.623406+00:00] main.INFO: Broken reference: the 'header.inner.right' element cannot be added as child to 'header', because the latter doesn't exist [] []
[2024-07-09T12:11:05.623543+00:00] main.INFO: Broken reference: the 'user' tries to reorder itself towards '', but their parents are different: 'header' and '' respectively. [] []
[2024-07-09T12:11:05.623603+00:00] main.INFO: Broken reference: the 'notification.messages' tries to reorder itself towards 'user', but their parents are different: 'header' and '' respectively. [] []
[2024-07-09T12:11:05.623664+00:00] main.INFO: Broken reference: the 'logo' tries to reorder itself towards '', but their parents are different: 'header' and '' respectively. [] []
[2024-07-09T12:11:05.623717+00:00] main.INFO: Broken reference: the 'global.search' tries to reorder itself towards 'logo', but their parents are different: 'header' and '' respectively. [] []
[2024-07-09T12:11:05.623766+00:00] main.INFO: Broken reference: the 'page.actions.toolbar' tries to reorder itself towards '', but their parents are different: 'page.main.actions' and '' respectively. [] []
[2024-07-09T12:11:05.623879+00:00] main.INFO: Broken reference: the 'header.inner.left' tries to reorder itself towards '', but their parents are different: 'header' and '' respectively. [] []
[2024-07-09T12:11:05.623939+00:00] main.INFO: Broken reference: the 'header.inner.right' tries to reorder itself towards 'header.inner.left', but their parents are different: 'header' and '' respectively. [] []
[2024-07-09T12:11:05.624017+00:00] main.INFO: Broken reference: the 'notification.messages' tries to reorder itself towards 'user', but their parents are different: 'header.inner.right' and '' respectively. [] []
[2024-07-09T13:25:21.043278+00:00] main.INFO: Broken reference: the 'tracking' element cannot be added as child to 'header', because the latter doesn't exist [] []
[2024-07-09T13:25:21.043598+00:00] main.INFO: Broken reference: the 'notification_area' element cannot be added as child to 'notifications', because the latter doesn't exist [] []
[2024-07-09T13:25:21.043672+00:00] main.INFO: Broken reference: the 'unread_system_messages' element cannot be added as child to 'notifications', because the latter doesn't exist [] []
[2024-07-09T13:25:21.043732+00:00] main.INFO: Broken reference: the 'notification_window' element cannot be added as child to 'notifications', because the latter doesn't exist [] []
[2024-07-09T13:25:21.043793+00:00] main.INFO: Broken reference: the 'notification.messages' element cannot be added as child to 'header', because the latter doesn't exist [] []
[2024-07-09T13:25:21.043858+00:00] main.INFO: Broken reference: the 'global_notices' element cannot be added as child to 'global.notices', because the latter doesn't exist [] []
[2024-07-09T13:25:21.043945+00:00] main.INFO: Broken reference: the 'logo' element cannot be added as child to 'header', because the latter doesn't exist [] []
[2024-07-09T13:25:21.044004+00:00] main.INFO: Broken reference: the 'global.search' element cannot be added as child to 'header', because the latter doesn't exist [] []
[2024-07-09T13:25:21.044060+00:00] main.INFO: Broken reference: the 'user' element cannot be added as child to 'header', because the latter doesn't exist [] []
[2024-07-09T13:25:21.044117+00:00] main.INFO: Broken reference: the 'menu' element cannot be added as child to 'page.menu', because the latter doesn't exist [] []
[2024-07-09T13:25:21.044173+00:00] main.INFO: Broken reference: the 'breadcrumbs' element cannot be added as child to 'page.breadcrumbs', because the latter doesn't exist [] []
[2024-07-09T13:25:21.044230+00:00] main.INFO: Broken reference: the 'formkey' element cannot be added as child to 'page.formkey', because the latter doesn't exist [] []
[2024-07-09T13:25:21.044285+00:00] main.INFO: Broken reference: the 'page.title' element cannot be added as child to 'main.top', because the latter doesn't exist [] []
[2024-07-09T13:25:21.044349+00:00] main.INFO: Broken reference: the 'messages' element cannot be added as child to 'page.messages', because the latter doesn't exist [] []
[2024-07-09T13:25:21.044405+00:00] main.INFO: Broken reference: the 'page.actions.toolbar' element cannot be added as child to 'page.main.actions', because the latter doesn't exist [] []
[2024-07-09T13:25:21.044462+00:00] main.INFO: Broken reference: the 'legal' element cannot be added as child to 'footer', because the latter doesn't exist [] []
[2024-07-09T13:25:21.044635+00:00] main.INFO: Broken reference: the 'header.inner.left' element cannot be added as child to 'header', because the latter doesn't exist [] []
[2024-07-09T13:25:21.044711+00:00] main.INFO: Broken reference: the 'header.inner.right' element cannot be added as child to 'header', because the latter doesn't exist [] []
[2024-07-09T13:25:21.044841+00:00] main.INFO: Broken reference: the 'user' tries to reorder itself towards '', but their parents are different: 'header' and '' respectively. [] []
[2024-07-09T13:25:21.044903+00:00] main.INFO: Broken reference: the 'notification.messages' tries to reorder itself towards 'user', but their parents are different: 'header' and '' respectively. [] []
[2024-07-09T13:25:21.044960+00:00] main.INFO: Broken reference: the 'logo' tries to reorder itself towards '', but their parents are different: 'header' and '' respectively. [] []
[2024-07-09T13:25:21.045014+00:00] main.INFO: Broken reference: the 'global.search' tries to reorder itself towards 'logo', but their parents are different: 'header' and '' respectively. [] []
[2024-07-09T13:25:21.045071+00:00] main.INFO: Broken reference: the 'page.actions.toolbar' tries to reorder itself towards '', but their parents are different: 'page.main.actions' and '' respectively. [] []
[2024-07-09T13:25:21.045145+00:00] main.INFO: Broken reference: the 'header.inner.left' tries to reorder itself towards '', but their parents are different: 'header' and '' respectively. [] []
[2024-07-09T13:25:21.045205+00:00] main.INFO: Broken reference: the 'header.inner.right' tries to reorder itself towards 'header.inner.left', but their parents are different: 'header' and '' respectively. [] []
[2024-07-09T13:25:21.045278+00:00] main.INFO: Broken reference: the 'notification.messages' tries to reorder itself towards 'user', but their parents are different: 'header.inner.right' and '' respectively. [] []
[2024-07-09T13:30:26.735659+00:00] main.INFO: Broken reference: the 'tracking' element cannot be added as child to 'header', because the latter doesn't exist [] []
[2024-07-09T13:30:26.740824+00:00] main.INFO: Broken reference: the 'notification_area' element cannot be added as child to 'notifications', because the latter doesn't exist [] []
[2024-07-09T13:30:26.740944+00:00] main.INFO: Broken reference: the 'unread_system_messages' element cannot be added as child to 'notifications', because the latter doesn't exist [] []
[2024-07-09T13:30:26.741012+00:00] main.INFO: Broken reference: the 'notification_window' element cannot be added as child to 'notifications', because the latter doesn't exist [] []
[2024-07-09T13:30:26.741077+00:00] main.INFO: Broken reference: the 'notification.messages' element cannot be added as child to 'header', because the latter doesn't exist [] []
[2024-07-09T13:30:26.741158+00:00] main.INFO: Broken reference: the 'global_notices' element cannot be added as child to 'global.notices', because the latter doesn't exist [] []
[2024-07-09T13:30:26.741234+00:00] main.INFO: Broken reference: the 'logo' element cannot be added as child to 'header', because the latter doesn't exist [] []
[2024-07-09T13:30:26.741295+00:00] main.INFO: Broken reference: the 'global.search' element cannot be added as child to 'header', because the latter doesn't exist [] []
[2024-07-09T13:30:26.741354+00:00] main.INFO: Broken reference: the 'user' element cannot be added as child to 'header', because the latter doesn't exist [] []
[2024-07-09T13:30:26.741431+00:00] main.INFO: Broken reference: the 'menu' element cannot be added as child to 'page.menu', because the latter doesn't exist [] []
[2024-07-09T13:30:26.741476+00:00] main.INFO: Broken reference: the 'breadcrumbs' element cannot be added as child to 'page.breadcrumbs', because the latter doesn't exist [] []
[2024-07-09T13:30:26.741533+00:00] main.INFO: Broken reference: the 'formkey' element cannot be added as child to 'page.formkey', because the latter doesn't exist [] []
[2024-07-09T13:30:26.741592+00:00] main.INFO: Broken reference: the 'page.title' element cannot be added as child to 'main.top', because the latter doesn't exist [] []
[2024-07-09T13:30:26.741646+00:00] main.INFO: Broken reference: the 'messages' element cannot be added as child to 'page.messages', because the latter doesn't exist [] []
[2024-07-09T13:30:26.741707+00:00] main.INFO: Broken reference: the 'page.actions.toolbar' element cannot be added as child to 'page.main.actions', because the latter doesn't exist [] []
[2024-07-09T13:30:26.741771+00:00] main.INFO: Broken reference: the 'legal' element cannot be added as child to 'footer', because the latter doesn't exist [] []
[2024-07-09T13:30:26.741965+00:00] main.INFO: Broken reference: the 'header.inner.left' element cannot be added as child to 'header', because the latter doesn't exist [] []
[2024-07-09T13:30:26.742053+00:00] main.INFO: Broken reference: the 'header.inner.right' element cannot be added as child to 'header', because the latter doesn't exist [] []
[2024-07-09T13:30:26.742216+00:00] main.INFO: Broken reference: the 'user' tries to reorder itself towards '', but their parents are different: 'header' and '' respectively. [] []
[2024-07-09T13:30:26.742292+00:00] main.INFO: Broken reference: the 'notification.messages' tries to reorder itself towards 'user', but their parents are different: 'header' and '' respectively. [] []
[2024-07-09T13:30:26.742356+00:00] main.INFO: Broken reference: the 'logo' tries to reorder itself towards '', but their parents are different: 'header' and '' respectively. [] []
[2024-07-09T13:30:26.742426+00:00] main.INFO: Broken reference: the 'global.search' tries to reorder itself towards 'logo', but their parents are different: 'header' and '' respectively. [] []
[2024-07-09T13:30:26.742486+00:00] main.INFO: Broken reference: the 'page.actions.toolbar' tries to reorder itself towards '', but their parents are different: 'page.main.actions' and '' respectively. [] []
[2024-07-09T13:30:26.742566+00:00] main.INFO: Broken reference: the 'header.inner.left' tries to reorder itself towards '', but their parents are different: 'header' and '' respectively. [] []
[2024-07-09T13:30:26.742624+00:00] main.INFO: Broken reference: the 'header.inner.right' tries to reorder itself towards 'header.inner.left', but their parents are different: 'header' and '' respectively. [] []
[2024-07-09T13:30:26.742713+00:00] main.INFO: Broken reference: the 'notification.messages' tries to reorder itself towards 'user', but their parents are different: 'header.inner.right' and '' respectively. [] []
[2024-07-09T13:48:16.235260+00:00] main.INFO: Broken reference: the 'tracking' element cannot be added as child to 'header', because the latter doesn't exist [] []
[2024-07-09T13:48:16.235530+00:00] main.INFO: Broken reference: the 'notification_area' element cannot be added as child to 'notifications', because the latter doesn't exist [] []
[2024-07-09T13:48:16.235578+00:00] main.INFO: Broken reference: the 'unread_system_messages' element cannot be added as child to 'notifications', because the latter doesn't exist [] []
[2024-07-09T13:48:16.235619+00:00] main.INFO: Broken reference: the 'notification_window' element cannot be added as child to 'notifications', because the latter doesn't exist [] []
[2024-07-09T13:48:16.235655+00:00] main.INFO: Broken reference: the 'notification.messages' element cannot be added as child to 'header', because the latter doesn't exist [] []
[2024-07-09T13:48:16.235698+00:00] main.INFO: Broken reference: the 'global_notices' element cannot be added as child to 'global.notices', because the latter doesn't exist [] []
[2024-07-09T13:48:16.235743+00:00] main.INFO: Broken reference: the 'logo' element cannot be added as child to 'header', because the latter doesn't exist [] []
[2024-07-09T13:48:16.235782+00:00] main.INFO: Broken reference: the 'global.search' element cannot be added as child to 'header', because the latter doesn't exist [] []
[2024-07-09T13:48:16.235820+00:00] main.INFO: Broken reference: the 'user' element cannot be added as child to 'header', because the latter doesn't exist [] []
[2024-07-09T13:48:16.235853+00:00] main.INFO: Broken reference: the 'menu' element cannot be added as child to 'page.menu', because the latter doesn't exist [] []
[2024-07-09T13:48:16.235886+00:00] main.INFO: Broken reference: the 'breadcrumbs' element cannot be added as child to 'page.breadcrumbs', because the latter doesn't exist [] []
[2024-07-09T13:48:16.235919+00:00] main.INFO: Broken reference: the 'formkey' element cannot be added as child to 'page.formkey', because the latter doesn't exist [] []
[2024-07-09T13:48:16.235953+00:00] main.INFO: Broken reference: the 'page.title' element cannot be added as child to 'main.top', because the latter doesn't exist [] []
[2024-07-09T13:48:16.235989+00:00] main.INFO: Broken reference: the 'messages' element cannot be added as child to 'page.messages', because the latter doesn't exist [] []
[2024-07-09T13:48:16.236022+00:00] main.INFO: Broken reference: the 'page.actions.toolbar' element cannot be added as child to 'page.main.actions', because the latter doesn't exist [] []
[2024-07-09T13:48:16.236055+00:00] main.INFO: Broken reference: the 'legal' element cannot be added as child to 'footer', because the latter doesn't exist [] []
[2024-07-09T13:48:16.236160+00:00] main.INFO: Broken reference: the 'header.inner.left' element cannot be added as child to 'header', because the latter doesn't exist [] []
[2024-07-09T13:48:16.236243+00:00] main.INFO: Broken reference: the 'header.inner.right' element cannot be added as child to 'header', because the latter doesn't exist [] []
[2024-07-09T13:48:16.236317+00:00] main.INFO: Broken reference: the 'user' tries to reorder itself towards '', but their parents are different: 'header' and '' respectively. [] []
[2024-07-09T13:48:16.236359+00:00] main.INFO: Broken reference: the 'notification.messages' tries to reorder itself towards 'user', but their parents are different: 'header' and '' respectively. [] []
[2024-07-09T13:48:16.236395+00:00] main.INFO: Broken reference: the 'logo' tries to reorder itself towards '', but their parents are different: 'header' and '' respectively. [] []
[2024-07-09T13:48:16.236429+00:00] main.INFO: Broken reference: the 'global.search' tries to reorder itself towards 'logo', but their parents are different: 'header' and '' respectively. [] []
[2024-07-09T13:48:16.236495+00:00] main.INFO: Broken reference: the 'page.actions.toolbar' tries to reorder itself towards '', but their parents are different: 'page.main.actions' and '' respectively. [] []
[2024-07-09T13:48:16.236570+00:00] main.INFO: Broken reference: the 'header.inner.left' tries to reorder itself towards '', but their parents are different: 'header' and '' respectively. [] []
[2024-07-09T13:48:16.236623+00:00] main.INFO: Broken reference: the 'header.inner.right' tries to reorder itself towards 'header.inner.left', but their parents are different: 'header' and '' respectively. [] []
[2024-07-09T13:48:16.236678+00:00] main.INFO: Broken reference: the 'notification.messages' tries to reorder itself towards 'user', but their parents are different: 'header.inner.right' and '' respectively. [] []
[2024-07-09T14:29:15.226932+00:00] main.DEBUG: cache_invalidate:  {"method":"GET","url":"http:/","invalidateInfo":{"tags":["FPC"],"mode":"matchingTag"}} []
[2024-07-09T14:29:22.806606+00:00] main.DEBUG: Source class "\Magento\ServiceProxy\Model" for "Magento\ServiceProxy\Model\Logger" generation does not exist. {"exception":"[object] (RuntimeException(code: 0): Source class \"\\Magento\\ServiceProxy\\Model\" for \"Magento\\ServiceProxy\\Model\\Logger\" generation does not exist. at /var/www/html/empyeorg/vendor/magento/framework/Code/Generator.php:223)"} []
[2024-07-09T14:30:11.688261+00:00] main.DEBUG: cache_invalidate:  {"method":"GET","url":"http:/","invalidateInfo":{"tags":["FPC"],"mode":"matchingTag"}} []
[2024-07-09T14:30:19.862529+00:00] main.DEBUG: Source class "\Magento\ServiceProxy\Model" for "Magento\ServiceProxy\Model\Logger" generation does not exist. {"exception":"[object] (RuntimeException(code: 0): Source class \"\\Magento\\ServiceProxy\\Model\" for \"Magento\\ServiceProxy\\Model\\Logger\" generation does not exist. at /var/www/html/empyeorg/vendor/magento/framework/Code/Generator.php:223)"} []
[2024-07-09T14:33:32.651700+00:00] main.INFO: Broken reference: the 'tracking' element cannot be added as child to 'header', because the latter doesn't exist [] []
[2024-07-09T14:33:32.651892+00:00] main.INFO: Broken reference: the 'notification_area' element cannot be added as child to 'notifications', because the latter doesn't exist [] []
[2024-07-09T14:33:32.651944+00:00] main.INFO: Broken reference: the 'unread_system_messages' element cannot be added as child to 'notifications', because the latter doesn't exist [] []
[2024-07-09T14:33:32.651985+00:00] main.INFO: Broken reference: the 'notification_window' element cannot be added as child to 'notifications', because the latter doesn't exist [] []
[2024-07-09T14:33:32.652024+00:00] main.INFO: Broken reference: the 'notification.messages' element cannot be added as child to 'header', because the latter doesn't exist [] []
[2024-07-09T14:33:32.652072+00:00] main.INFO: Broken reference: the 'global_notices' element cannot be added as child to 'global.notices', because the latter doesn't exist [] []
[2024-07-09T14:33:32.652109+00:00] main.INFO: Broken reference: the 'logo' element cannot be added as child to 'header', because the latter doesn't exist [] []
[2024-07-09T14:33:32.652154+00:00] main.INFO: Broken reference: the 'global.search' element cannot be added as child to 'header', because the latter doesn't exist [] []
[2024-07-09T14:33:32.652195+00:00] main.INFO: Broken reference: the 'user' element cannot be added as child to 'header', because the latter doesn't exist [] []
[2024-07-09T14:33:32.652249+00:00] main.INFO: Broken reference: the 'menu' element cannot be added as child to 'page.menu', because the latter doesn't exist [] []
[2024-07-09T14:33:32.652288+00:00] main.INFO: Broken reference: the 'breadcrumbs' element cannot be added as child to 'page.breadcrumbs', because the latter doesn't exist [] []
[2024-07-09T14:33:32.652324+00:00] main.INFO: Broken reference: the 'formkey' element cannot be added as child to 'page.formkey', because the latter doesn't exist [] []
[2024-07-09T14:33:32.652358+00:00] main.INFO: Broken reference: the 'page.title' element cannot be added as child to 'main.top', because the latter doesn't exist [] []
[2024-07-09T14:33:32.652408+00:00] main.INFO: Broken reference: the 'messages' element cannot be added as child to 'page.messages', because the latter doesn't exist [] []
[2024-07-09T14:33:32.652449+00:00] main.INFO: Broken reference: the 'page.actions.toolbar' element cannot be added as child to 'page.main.actions', because the latter doesn't exist [] []
[2024-07-09T14:33:32.652484+00:00] main.INFO: Broken reference: the 'legal' element cannot be added as child to 'footer', because the latter doesn't exist [] []
[2024-07-09T14:33:32.652568+00:00] main.INFO: Broken reference: the 'header.inner.left' element cannot be added as child to 'header', because the latter doesn't exist [] []
[2024-07-09T14:33:32.652608+00:00] main.INFO: Broken reference: the 'header.inner.right' element cannot be added as child to 'header', because the latter doesn't exist [] []
[2024-07-09T14:33:32.652710+00:00] main.INFO: Broken reference: the 'user' tries to reorder itself towards '', but their parents are different: 'header' and '' respectively. [] []
[2024-07-09T14:33:32.652788+00:00] main.INFO: Broken reference: the 'notification.messages' tries to reorder itself towards 'user', but their parents are different: 'header' and '' respectively. [] []
[2024-07-09T14:33:32.652849+00:00] main.INFO: Broken reference: the 'logo' tries to reorder itself towards '', but their parents are different: 'header' and '' respectively. [] []
[2024-07-09T14:33:32.652902+00:00] main.INFO: Broken reference: the 'global.search' tries to reorder itself towards 'logo', but their parents are different: 'header' and '' respectively. [] []
[2024-07-09T14:33:32.652956+00:00] main.INFO: Broken reference: the 'page.actions.toolbar' tries to reorder itself towards '', but their parents are different: 'page.main.actions' and '' respectively. [] []
[2024-07-09T14:33:32.653025+00:00] main.INFO: Broken reference: the 'header.inner.left' tries to reorder itself towards '', but their parents are different: 'header' and '' respectively. [] []
[2024-07-09T14:33:32.653083+00:00] main.INFO: Broken reference: the 'header.inner.right' tries to reorder itself towards 'header.inner.left', but their parents are different: 'header' and '' respectively. [] []
[2024-07-09T14:33:32.653161+00:00] main.INFO: Broken reference: the 'notification.messages' tries to reorder itself towards 'user', but their parents are different: 'header.inner.right' and '' respectively. [] []
[2024-07-09T14:33:39.847061+00:00] main.DEBUG: cache_invalidate:  {"method":"GET","url":"http:/","invalidateInfo":{"tags":["FPC"],"mode":"matchingTag"}} []
[2024-07-09T14:33:51.431636+00:00] main.DEBUG: Source class "\Magento\ServiceProxy\Model" for "Magento\ServiceProxy\Model\Logger" generation does not exist. {"exception":"[object] (RuntimeException(code: 0): Source class \"\\Magento\\ServiceProxy\\Model\" for \"Magento\\ServiceProxy\\Model\\Logger\" generation does not exist. at /var/www/html/empyeorg/vendor/magento/framework/Code/Generator.php:223)"} []
[2024-07-09T14:34:46.764995+00:00] main.DEBUG: cache_invalidate:  {"method":"GET","url":"http:/","invalidateInfo":{"tags":["FPC"],"mode":"matchingTag"}} []
[2024-07-09T14:34:53.331352+00:00] main.DEBUG: Source class "\Magento\ServiceProxy\Model" for "Magento\ServiceProxy\Model\Logger" generation does not exist. {"exception":"[object] (RuntimeException(code: 0): Source class \"\\Magento\\ServiceProxy\\Model\" for \"Magento\\ServiceProxy\\Model\\Logger\" generation does not exist. at /var/www/html/empyeorg/vendor/magento/framework/Code/Generator.php:223)"} []
[2024-07-09T14:47:37.206544+00:00] main.DEBUG: cache_invalidate:  {"method":"GET","url":"http:/","invalidateInfo":{"tags":["FPC"],"mode":"matchingTag"}} []
[2024-07-09T14:47:52.850712+00:00] main.DEBUG: Source class "\Magento\ServiceProxy\Model" for "Magento\ServiceProxy\Model\Logger" generation does not exist. {"exception":"[object] (RuntimeException(code: 0): Source class \"\\Magento\\ServiceProxy\\Model\" for \"Magento\\ServiceProxy\\Model\\Logger\" generation does not exist. at /var/www/html/empyeorg/vendor/magento/framework/Code/Generator.php:223)"} []
[2024-07-09T14:49:45.823240+00:00] main.INFO: Broken reference: the 'catalog.compare.sidebar' element cannot be added as child to 'sidebar.additional', because the latter doesn't exist [] []
[2024-07-09T14:49:45.823429+00:00] main.INFO: Broken reference: the 'sale.reorder.sidebar' element cannot be added as child to 'sidebar.additional', because the latter doesn't exist [] []
[2024-07-09T14:49:45.823613+00:00] main.INFO: Broken reference: the 'wishlist_sidebar' element cannot be added as child to 'sidebar.additional', because the latter doesn't exist [] []
[2024-07-09T14:49:45.823695+00:00] main.INFO: Broken reference: the 'paypal.partner.right.logo' element cannot be added as child to 'sidebar.additional', because the latter doesn't exist [] []
[2024-07-09T14:49:45.823735+00:00] main.INFO: Broken reference: the 'bml.right.logo' element cannot be added as child to 'sidebar.additional', because the latter doesn't exist [] []
[2024-07-09T14:49:45.823771+00:00] main.INFO: Broken reference: the 'sidebar.container.paylater' element cannot be added as child to 'sidebar.additional', because the latter doesn't exist [] []
[2024-07-09T15:22:10.599917+00:00] main.INFO: Broken reference: the 'catalog.compare.sidebar' element cannot be added as child to 'sidebar.additional', because the latter doesn't exist [] []
[2024-07-09T15:22:10.600280+00:00] main.INFO: Broken reference: the 'sale.reorder.sidebar' element cannot be added as child to 'sidebar.additional', because the latter doesn't exist [] []
[2024-07-09T15:22:10.600467+00:00] main.INFO: Broken reference: the 'wishlist_sidebar' element cannot be added as child to 'sidebar.additional', because the latter doesn't exist [] []
[2024-07-09T15:22:10.600524+00:00] main.INFO: Broken reference: the 'paypal.partner.right.logo' element cannot be added as child to 'sidebar.additional', because the latter doesn't exist [] []
[2024-07-09T15:22:10.600564+00:00] main.INFO: Broken reference: the 'bml.right.logo' element cannot be added as child to 'sidebar.additional', because the latter doesn't exist [] []
[2024-07-09T15:22:10.600599+00:00] main.INFO: Broken reference: the 'sidebar.container.paylater' element cannot be added as child to 'sidebar.additional', because the latter doesn't exist [] []
[2024-07-09T15:22:13.050665+00:00] main.INFO: Broken reference: the 'tracking' element cannot be added as child to 'header', because the latter doesn't exist [] []
[2024-07-09T15:22:13.050860+00:00] main.INFO: Broken reference: the 'notification_area' element cannot be added as child to 'notifications', because the latter doesn't exist [] []
[2024-07-09T15:22:13.050912+00:00] main.INFO: Broken reference: the 'unread_system_messages' element cannot be added as child to 'notifications', because the latter doesn't exist [] []
[2024-07-09T15:22:13.050969+00:00] main.INFO: Broken reference: the 'notification_window' element cannot be added as child to 'notifications', because the latter doesn't exist [] []
[2024-07-09T15:22:13.051008+00:00] main.INFO: Broken reference: the 'notification.messages' element cannot be added as child to 'header', because the latter doesn't exist [] []
[2024-07-09T15:22:13.051048+00:00] main.INFO: Broken reference: the 'global_notices' element cannot be added as child to 'global.notices', because the latter doesn't exist [] []
[2024-07-09T15:22:13.051083+00:00] main.INFO: Broken reference: the 'logo' element cannot be added as child to 'header', because the latter doesn't exist [] []
[2024-07-09T15:22:13.051118+00:00] main.INFO: Broken reference: the 'global.search' element cannot be added as child to 'header', because the latter doesn't exist [] []
[2024-07-09T15:22:13.051176+00:00] main.INFO: Broken reference: the 'user' element cannot be added as child to 'header', because the latter doesn't exist [] []
[2024-07-09T15:22:13.051223+00:00] main.INFO: Broken reference: the 'menu' element cannot be added as child to 'page.menu', because the latter doesn't exist [] []
[2024-07-09T15:22:13.051261+00:00] main.INFO: Broken reference: the 'breadcrumbs' element cannot be added as child to 'page.breadcrumbs', because the latter doesn't exist [] []
[2024-07-09T15:22:13.051295+00:00] main.INFO: Broken reference: the 'formkey' element cannot be added as child to 'page.formkey', because the latter doesn't exist [] []
[2024-07-09T15:22:13.051331+00:00] main.INFO: Broken reference: the 'page.title' element cannot be added as child to 'main.top', because the latter doesn't exist [] []
[2024-07-09T15:22:13.051364+00:00] main.INFO: Broken reference: the 'messages' element cannot be added as child to 'page.messages', because the latter doesn't exist [] []
[2024-07-09T15:22:13.051404+00:00] main.INFO: Broken reference: the 'page.actions.toolbar' element cannot be added as child to 'page.main.actions', because the latter doesn't exist [] []
[2024-07-09T15:22:13.051444+00:00] main.INFO: Broken reference: the 'legal' element cannot be added as child to 'footer', because the latter doesn't exist [] []
[2024-07-09T15:22:13.051545+00:00] main.INFO: Broken reference: the 'header.inner.left' element cannot be added as child to 'header', because the latter doesn't exist [] []
[2024-07-09T15:22:13.051601+00:00] main.INFO: Broken reference: the 'header.inner.right' element cannot be added as child to 'header', because the latter doesn't exist [] []
[2024-07-09T15:22:13.051673+00:00] main.INFO: Broken reference: the 'user' tries to reorder itself towards '', but their parents are different: 'header' and '' respectively. [] []
[2024-07-09T15:22:13.051721+00:00] main.INFO: Broken reference: the 'notification.messages' tries to reorder itself towards 'user', but their parents are different: 'header' and '' respectively. [] []
[2024-07-09T15:22:13.051774+00:00] main.INFO: Broken reference: the 'logo' tries to reorder itself towards '', but their parents are different: 'header' and '' respectively. [] []
[2024-07-09T15:22:13.051822+00:00] main.INFO: Broken reference: the 'global.search' tries to reorder itself towards 'logo', but their parents are different: 'header' and '' respectively. [] []
[2024-07-09T15:22:13.051880+00:00] main.INFO: Broken reference: the 'page.actions.toolbar' tries to reorder itself towards '', but their parents are different: 'page.main.actions' and '' respectively. [] []
[2024-07-09T15:22:13.051939+00:00] main.INFO: Broken reference: the 'header.inner.left' tries to reorder itself towards '', but their parents are different: 'header' and '' respectively. [] []
[2024-07-09T15:22:13.051977+00:00] main.INFO: Broken reference: the 'header.inner.right' tries to reorder itself towards 'header.inner.left', but their parents are different: 'header' and '' respectively. [] []
[2024-07-09T15:22:13.052026+00:00] main.INFO: Broken reference: the 'notification.messages' tries to reorder itself towards 'user', but their parents are different: 'header.inner.right' and '' respectively. [] []
[2024-07-09T15:22:16.518176+00:00] main.DEBUG: cache_invalidate:  {"method":"POST","url":"https://www.empye.org/admin_7dem37w/admin/dashboard/index/key/32a31881c9f235b88174053d316b7c59638b4c8eadb621e17fe2c7c37e5621db/","invalidateInfo":{"tags":["BACKEND_MAINMENU"],"mode":"matchingAnyTag"}} []
[2024-07-09T15:22:16.591689+00:00] main.DEBUG: cache_invalidate:  {"method":"POST","url":"https://www.empye.org/admin_7dem37w/admin/dashboard/index/key/32a31881c9f235b88174053d316b7c59638b4c8eadb621e17fe2c7c37e5621db/","invalidateInfo":{"tags":["PB_EDITOR_CONFIG","CONFIG"],"mode":"matchingTag"}} []
[2024-07-09T15:22:16.610560+00:00] main.DEBUG: Item Magento_Backend::system_currency was removed [] []
[2024-07-09T15:22:16.614589+00:00] main.DEBUG: Add of item with id Magento_Config::system_config was processed [] []
[2024-07-09T15:22:16.614810+00:00] main.DEBUG: Add of item with id Magento_AdminNotification::system_adminnotification was processed [] []
[2024-07-09T15:22:16.614884+00:00] main.DEBUG: Add of item with id Magento_Theme::design_config was processed [] []
[2024-07-09T15:22:16.614931+00:00] main.DEBUG: Add of item with id Magento_Theme::system_design_theme was processed [] []
[2024-07-09T15:22:16.614973+00:00] main.DEBUG: Add of item with id Magento_Backend::system_design_schedule was processed [] []
[2024-07-09T15:22:16.615004+00:00] main.DEBUG: Add of item with id Magento_Backend::system_store was processed [] []
[2024-07-09T15:22:16.615036+00:00] main.DEBUG: Add of item with id Magento_Backend::dashboard was processed [] []
[2024-07-09T15:22:16.615068+00:00] main.DEBUG: Add of item with id Magento_Backend::system was processed [] []
[2024-07-09T15:22:16.615114+00:00] main.DEBUG: Add of item with id Magento_Backend::system_tools was processed [] []
[2024-07-09T15:22:16.615164+00:00] main.DEBUG: Add of item with id Magento_Backend::system_design was processed [] []
[2024-07-09T15:22:16.615195+00:00] main.DEBUG: Add of item with id Magento_Backend::system_convert was processed [] []
[2024-07-09T15:22:16.615240+00:00] main.DEBUG: Add of item with id Magento_Backend::system_cache was processed [] []
[2024-07-09T15:22:16.615271+00:00] main.DEBUG: Add of item with id Magento_Backend::marketing was processed [] []
[2024-07-09T15:22:16.615324+00:00] main.DEBUG: Add of item with id Magento_Backend::marketing_communications was processed [] []
[2024-07-09T15:22:16.615377+00:00] main.DEBUG: Add of item with id Magento_Backend::marketing_seo was processed [] []
[2024-07-09T15:22:16.615409+00:00] main.DEBUG: Add of item with id Magento_Backend::marketing_user_content was processed [] []
[2024-07-09T15:22:16.615436+00:00] main.DEBUG: Add of item with id Magento_Backend::content was processed [] []
[2024-07-09T15:22:16.615468+00:00] main.DEBUG: Add of item with id Magento_Backend::content_elements was processed [] []
[2024-07-09T15:22:16.615499+00:00] main.DEBUG: Add of item with id Magento_Backend::stores was processed [] []
[2024-07-09T15:22:16.615553+00:00] main.DEBUG: Add of item with id Magento_Backend::stores_settings was processed [] []
[2024-07-09T15:22:16.615584+00:00] main.DEBUG: Add of item with id Magento_Backend::stores_attributes was processed [] []
[2024-07-09T15:22:16.615610+00:00] main.DEBUG: Add of item with id Magento_Backend::other_settings was processed [] []
[2024-07-09T15:22:16.615636+00:00] main.DEBUG: Add of item with id Magento_Backend::system_other_settings was processed [] []
[2024-07-09T15:22:16.615673+00:00] main.DEBUG: Add of item with id Magento_User::system_acl was processed [] []
[2024-07-09T15:22:16.615730+00:00] main.DEBUG: Add of item with id Magento_User::system_acl_users was processed [] []
[2024-07-09T15:22:16.615767+00:00] main.DEBUG: Add of item with id Magento_User::system_acl_roles was processed [] []
[2024-07-09T15:22:16.615793+00:00] main.DEBUG: Add of item with id Magento_User::system_acl_locks was processed [] []
[2024-07-09T15:22:16.615820+00:00] main.DEBUG: Add of item with id Magento_Customer::customer was processed [] []
[2024-07-09T15:22:16.615873+00:00] main.DEBUG: Add of item with id Magento_Customer::customer_manage was processed [] []
[2024-07-09T15:22:16.615906+00:00] main.DEBUG: Add of item with id Magento_Customer::customer_online was processed [] []
[2024-07-09T15:22:16.615937+00:00] main.DEBUG: Add of item with id Magento_Customer::customer_group was processed [] []
[2024-07-09T15:22:16.615964+00:00] main.DEBUG: Add of item with id Magento_Backup::system_tools_backup was processed [] []
[2024-07-09T15:22:16.615992+00:00] main.DEBUG: Add of item with id Magento_Indexer::system_index was processed [] []
[2024-07-09T15:22:16.616027+00:00] main.DEBUG: Add of item with id Magento_Variable::system_variable was processed [] []
[2024-07-09T15:22:16.616072+00:00] main.DEBUG: Add of item with id Magento_Cms::cms_page was processed [] []
[2024-07-09T15:22:16.616104+00:00] main.DEBUG: Add of item with id Magento_Cms::cms_block was processed [] []
[2024-07-09T15:22:16.616135+00:00] main.DEBUG: Add of item with id Magento_Integration::system_extensions was processed [] []
[2024-07-09T15:22:16.616197+00:00] main.DEBUG: Add of item with id Magento_Integration::system_integrations was processed [] []
[2024-07-09T15:22:16.616255+00:00] main.DEBUG: Add of item with id Magento_Search::search_terms was processed [] []
[2024-07-09T15:22:16.616288+00:00] main.DEBUG: Add of item with id Magento_Search::search_synonyms was processed [] []
[2024-07-09T15:22:16.616318+00:00] main.DEBUG: Add of item with id Magento_Catalog::catalog was processed [] []
[2024-07-09T15:22:16.616366+00:00] main.DEBUG: Add of item with id Magento_Catalog::catalog_products was processed [] []
[2024-07-09T15:22:16.616395+00:00] main.DEBUG: Add of item with id Magento_Catalog::catalog_categories was processed [] []
[2024-07-09T15:22:16.616437+00:00] main.DEBUG: Add of item with id Magento_Catalog::catalog_attributes_attributes was processed [] []
[2024-07-09T15:22:16.616467+00:00] main.DEBUG: Add of item with id Magento_Catalog::catalog_attributes_sets was processed [] []
[2024-07-09T15:22:16.616509+00:00] main.DEBUG: Add of item with id Magento_Catalog::inventory was processed [] []
[2024-07-09T15:22:16.616544+00:00] main.DEBUG: Add of item with id Magento_CatalogRule::promo was processed [] []
[2024-07-09T15:22:16.616591+00:00] main.DEBUG: Add of item with id Magento_CatalogRule::promo_catalog was processed [] []
[2024-07-09T15:22:16.616653+00:00] main.DEBUG: Add of item with id Magento_MediaGalleryUi::media was processed [] []
[2024-07-09T15:22:16.616719+00:00] main.DEBUG: Add of item with id Magento_MediaGalleryUi::media_gallery was processed [] []
[2024-07-09T15:22:16.616752+00:00] main.DEBUG: Add of item with id Magento_Sales::sales was processed [] []
[2024-07-09T15:22:16.616794+00:00] main.DEBUG: Add of item with id Magento_Sales::sales_operation was processed [] []
[2024-07-09T15:22:16.616842+00:00] main.DEBUG: Add of item with id Magento_Sales::sales_order was processed [] []
[2024-07-09T15:22:16.616873+00:00] main.DEBUG: Add of item with id Magento_Sales::sales_invoice was processed [] []
[2024-07-09T15:22:16.616902+00:00] main.DEBUG: Add of item with id Magento_Sales::sales_shipment was processed [] []
[2024-07-09T15:22:16.616929+00:00] main.DEBUG: Add of item with id Magento_Sales::sales_creditmemo was processed [] []
[2024-07-09T15:22:16.616958+00:00] main.DEBUG: Add of item with id Magento_Sales::sales_transactions was processed [] []
[2024-07-09T15:22:16.616992+00:00] main.DEBUG: Add of item with id Magento_Sales::system_order_statuses was processed [] []
[2024-07-09T15:22:16.617024+00:00] main.DEBUG: Add of item with id Magento_Widget::cms_widget_instance was processed [] []
[2024-07-09T15:22:16.617073+00:00] main.DEBUG: Add of item with id Magento_Analytics::business_intelligence was processed [] []
[2024-07-09T15:22:16.617116+00:00] main.DEBUG: Add of item with id Magento_Analytics::advanced_reporting was processed [] []
[2024-07-09T15:22:16.617149+00:00] main.DEBUG: Add of item with id Magento_Analytics::bi_essentials was processed [] []
[2024-07-09T15:22:16.617206+00:00] main.DEBUG: Add of item with id Magento_Downloadable::report_products_downloads was processed [] []
[2024-07-09T15:22:16.617256+00:00] main.DEBUG: Add of item with id Magento_Newsletter::newsletter_template was processed [] []
[2024-07-09T15:22:16.617288+00:00] main.DEBUG: Add of item with id Magento_Newsletter::newsletter_queue was processed [] []
[2024-07-09T15:22:16.617315+00:00] main.DEBUG: Add of item with id Magento_Newsletter::newsletter_subscriber was processed [] []
[2024-07-09T15:22:16.617385+00:00] main.DEBUG: Add of item with id Magento_Newsletter::newsletter_problem was processed [] []
[2024-07-09T15:22:16.617435+00:00] main.DEBUG: Add of item with id Magento_ImportExport::system_convert_import was processed [] []
[2024-07-09T15:22:16.617468+00:00] main.DEBUG: Add of item with id Magento_ImportExport::system_convert_export was processed [] []
[2024-07-09T15:22:16.617495+00:00] main.DEBUG: Add of item with id Magento_ImportExport::system_convert_history was processed [] []
[2024-07-09T15:22:16.617520+00:00] main.DEBUG: Add of item with id Magento_Email::template was processed [] []
[2024-07-09T15:22:16.617558+00:00] main.DEBUG: Add of item with id Magento_EncryptionKey::system_crypt_key was processed [] []
[2024-07-09T15:22:16.617591+00:00] main.DEBUG: Add of item with id Magento_InventoryAdminUi::inventory was processed [] []
[2024-07-09T15:22:16.617642+00:00] main.DEBUG: Add of item with id Magento_InventoryAdminUi::source was processed [] []
[2024-07-09T15:22:16.617666+00:00] main.DEBUG: Add of item with id Magento_InventoryAdminUi::stock was processed [] []
[2024-07-09T15:22:16.617687+00:00] main.DEBUG: Add of item with id Magento_Reports::report was processed [] []
[2024-07-09T15:22:16.617711+00:00] main.DEBUG: Add of item with id Magento_Reports::report_marketing was processed [] []
[2024-07-09T15:22:16.617732+00:00] main.DEBUG: Add of item with id Magento_Reports::report_salesroot was processed [] []
[2024-07-09T15:22:16.617766+00:00] main.DEBUG: Add of item with id Magento_Reports::report_salesroot_sales was processed [] []
[2024-07-09T15:22:16.617796+00:00] main.DEBUG: Add of item with id Magento_Reports::report_salesroot_tax was processed [] []
[2024-07-09T15:22:16.617823+00:00] main.DEBUG: Add of item with id Magento_Reports::report_salesroot_invoiced was processed [] []
[2024-07-09T15:22:16.617844+00:00] main.DEBUG: Add of item with id Magento_Reports::report_salesroot_shipping was processed [] []
[2024-07-09T15:22:16.617880+00:00] main.DEBUG: Add of item with id Magento_Reports::report_salesroot_refunded was processed [] []
[2024-07-09T15:22:16.617899+00:00] main.DEBUG: Add of item with id Magento_Reports::report_salesroot_coupons was processed [] []
[2024-07-09T15:22:16.617918+00:00] main.DEBUG: Add of item with id Magento_Reports::report_shopcart_product was processed [] []
[2024-07-09T15:22:16.617940+00:00] main.DEBUG: Add of item with id Magento_Reports::report_shopcart_abandoned was processed [] []
[2024-07-09T15:22:16.617986+00:00] main.DEBUG: Add of item with id Magento_Reports::report_products was processed [] []
[2024-07-09T15:22:16.618004+00:00] main.DEBUG: Add of item with id Magento_Reports::report_products_bestsellers was processed [] []
[2024-07-09T15:22:16.618024+00:00] main.DEBUG: Add of item with id Magento_Reports::report_products_sold was processed [] []
[2024-07-09T15:22:16.618042+00:00] main.DEBUG: Add of item with id Magento_Reports::report_products_viewed was processed [] []
[2024-07-09T15:22:16.618060+00:00] main.DEBUG: Add of item with id Magento_Reports::report_products_lowstock was processed [] []
[2024-07-09T15:22:16.618078+00:00] main.DEBUG: Add of item with id Magento_Reports::report_customers was processed [] []
[2024-07-09T15:22:16.618118+00:00] main.DEBUG: Add of item with id Magento_Reports::report_customers_accounts was processed [] []
[2024-07-09T15:22:16.618247+00:00] main.DEBUG: Add of item with id Magento_Reports::report_customers_totals was processed [] []
[2024-07-09T15:22:16.618279+00:00] main.DEBUG: Add of item with id Magento_Reports::report_customers_orders was processed [] []
[2024-07-09T15:22:16.618299+00:00] main.DEBUG: Add of item with id Magento_Reports::report_statistics was processed [] []
[2024-07-09T15:22:16.618347+00:00] main.DEBUG: Add of item with id Magento_Reports::report_statistics_refresh was processed [] []
[2024-07-09T15:22:16.618379+00:00] main.DEBUG: Add of item with id Magento_Search::report_search_term was processed [] []
[2024-07-09T15:22:16.618412+00:00] main.DEBUG: Add of item with id Magento_LoginAsCustomerLog::login_log was processed [] []
[2024-07-09T15:22:16.618447+00:00] main.DEBUG: Add of item with id Magento_Marketplace::partners was processed [] []
[2024-07-09T15:22:16.618472+00:00] main.DEBUG: Add of item with id Magento_SalesRule::promo_quote was processed [] []
[2024-07-09T15:22:16.618493+00:00] main.DEBUG: Add of item with id Magento_Sitemap::catalog_sitemap was processed [] []
[2024-07-09T15:22:16.618515+00:00] main.DEBUG: Add of item with id Magento_PageBuilder::templates was processed [] []
[2024-07-09T15:22:16.618541+00:00] main.DEBUG: Add of item with id Magento_Paypal::report_salesroot_paypal_settlement_reports was processed [] []
[2024-07-09T15:22:16.618564+00:00] main.DEBUG: Add of item with id Magento_Paypal::paypal_billing_agreement was processed [] []
[2024-07-09T15:22:16.618582+00:00] main.DEBUG: Add of item with id Magento_CheckoutAgreements::sales_checkoutagreement was processed [] []
[2024-07-09T15:22:16.618613+00:00] main.DEBUG: Add of item with id Magento_Review::catalog_reviews_ratings_ratings was processed [] []
[2024-07-09T15:22:16.618664+00:00] main.DEBUG: Add of item with id Magento_Review::catalog_reviews_ratings_pending was processed [] []
[2024-07-09T15:22:16.618699+00:00] main.DEBUG: Add of item with id Magento_Review::catalog_reviews_ratings_reviews_all was processed [] []
[2024-07-09T15:22:16.618728+00:00] main.DEBUG: Add of item with id Magento_Review::report_review was processed [] []
[2024-07-09T15:22:16.618777+00:00] main.DEBUG: Add of item with id Magento_Review::report_review_customer was processed [] []
[2024-07-09T15:22:16.618812+00:00] main.DEBUG: Add of item with id Magento_Review::report_review_product was processed [] []
[2024-07-09T15:22:16.618840+00:00] main.DEBUG: Add of item with id Magento_UrlRewrite::urlrewrite was processed [] []
[2024-07-09T15:22:16.618868+00:00] main.DEBUG: Add of item with id Magento_PaymentServicesDashboard::paymentservicesdashboard was processed [] []
[2024-07-09T15:22:16.618913+00:00] main.DEBUG: Add of item with id Magento_ServicesId::configuration was processed [] []
[2024-07-09T15:22:16.618972+00:00] main.DEBUG: Add of item with id Magento_ServicesId::services_id was processed [] []
[2024-07-09T15:22:16.619009+00:00] main.DEBUG: Add of item with id Magento_Tax::sales_tax was processed [] []
[2024-07-09T15:22:16.619055+00:00] main.DEBUG: Add of item with id Magento_Tax::sales_tax_rules was processed [] []
[2024-07-09T15:22:16.619089+00:00] main.DEBUG: Add of item with id Magento_Tax::sales_tax_rates was processed [] []
[2024-07-09T15:22:16.619118+00:00] main.DEBUG: Add of item with id Magento_TaxImportExport::system_convert_tax was processed [] []
[2024-07-09T15:22:16.619151+00:00] main.DEBUG: Add of item with id Magento_AsynchronousOperations::system_magento_logging was processed [] []
[2024-07-09T15:22:16.619189+00:00] main.DEBUG: Add of item with id Magento_AsynchronousOperations::system_magento_logging_bulk_operations was processed [] []
[2024-07-09T15:22:16.619221+00:00] main.DEBUG: Add of item with id Magento_CurrencySymbol::system_currency was processed [] []
[2024-07-09T15:22:16.619261+00:00] main.DEBUG: Add of item with id Magento_CurrencySymbol::system_currency_rates was processed [] []
[2024-07-09T15:22:16.619295+00:00] main.DEBUG: Add of item with id Magento_CurrencySymbol::system_currency_symbols was processed [] []
[2024-07-09T15:22:16.619328+00:00] main.DEBUG: Add of item with id PayPal_Braintree::settlement_report was processed [] []
[2024-07-09T15:22:16.619357+00:00] main.DEBUG: Add of item with id PayPal_Braintree::virtual_terminal was processed [] []
[2024-07-09T15:22:17.874907+00:00] main.INFO: Broken reference: the 'notification.messages' tries to reorder itself towards 'user', but their parents are different: 'header.inner.right' and 'header' respectively. [] []
[2024-07-09T15:22:27.844338+00:00] main.INFO: Broken reference: the 'notification.messages' tries to reorder itself towards 'user', but their parents are different: 'header.inner.right' and 'header' respectively. [] []
[2024-07-09T15:22:32.856761+00:00] main.INFO: Broken reference: the 'notification.messages' tries to reorder itself towards 'user', but their parents are different: 'header.inner.right' and 'header' respectively. [] []
[2024-07-09T15:22:39.542511+00:00] main.INFO: Broken reference: the 'notification.messages' tries to reorder itself towards 'user', but their parents are different: 'header.inner.right' and 'header' respectively. [] []
[2024-07-09T15:22:50.019646+00:00] main.INFO: Broken reference: the 'notification.messages' tries to reorder itself towards 'user', but their parents are different: 'header.inner.right' and 'header' respectively. [] []
[2024-07-09T15:22:57.098080+00:00] main.ERROR: Unable to resolve the source file for 'adminhtml/Magento/backend/en_US/underscore-umd.js.map' [] []
[2024-07-09T15:22:57.098574+00:00] main.CRITICAL: Unable to resolve the source file for 'adminhtml/Magento/backend/en_US/underscore-umd.js.map' [] []
[2024-07-09T15:23:22.284812+00:00] main.INFO: /usr/bin/php8.3 -f /var/www/html/empyeorg/bin/magento cache:flush 2>&1
Flushed cache types:
config
layout
block_html
collections
reflection
db_ddl
compiled_config
eav
customer_notification
config_integration
config_integration_api
graphql_query_resolver_result
full_page
config_webservice
translate [] []
[2024-07-09T15:24:21.768743+00:00] main.INFO: /usr/bin/php8.3 -f /var/www/html/empyeorg/bin/magento setup:di:compile 2>&1
Compilation was started.
%message% 0/9 [>---------------------------]   0% < 1 sec 111.0 MiBProxies code generation... 0/9 [>---------------------------]   0% < 1 sec 111.0 MiB
Proxies code generation... 1/9 [===>------------------------]  11% < 1 sec 115.0 MiB
Repositories code generation... 1/9 [===>------------------------]  11% < 1 sec 115.0 MiB
Repositories code generation... 2/9 [======>---------------------]  22% 5 secs 238.0 MiB
Service data attributes generation... 2/9 [======>---------------------]  22% 5 secs 238.0 MiB
Service data attributes generation... 3/9 [=========>------------------]  33% 5 secs 238.0 MiB
Application code generator... 3/9 [=========>------------------]  33% 5 secs 238.0 MiB
Application code generator... 4/9 [============>---------------]  44% 11 secs 262.0 MiB
Interceptors generation... 4/9 [============>---------------]  44% 11 secs 262.0 MiB
Interceptors generation... 5/9 [===============>------------]  55% 33 secs 300.0 MiB
Area configuration aggregation... 5/9 [===============>------------]  55% 33 secs 300.0 MiB
Area configuration aggregation... 6/9 [==================>---------]  66% 39 secs 404.0 MiB
Interception cache generation... 6/9 [==================>---------]  66% 39 secs 404.0 MiB
Interception cache generation... 7/9 [=====================>------]  77% 43 secs 404.0 MiB
App action list generation... 7/9 [=====================>------]  77% 43 secs 404.0 MiB
Plugin list generation... 8/9 [========================>---]  88% 43 secs 404.0 MiB
Plugin list generation... 9/9 [============================] 100% 46 secs 404.0 MiB
Generated code and dependency injection configuration successfully. [] []
[2024-07-09T15:24:23.240920+00:00] main.INFO: /usr/bin/php8.3 -f /var/www/html/empyeorg/bin/magento cache:flush 2>&1
Flushed cache types:
config
layout
block_html
collections
reflection
db_ddl
compiled_config
eav
customer_notification
config_integration
config_integration_api
graphql_query_resolver_result
full_page
config_webservice
translate [] []
[2024-07-09T15:24:50.597691+00:00] main.INFO: /usr/bin/php8.3 -f /var/www/html/empyeorg/bin/magento setup:static-content:deploy -f en_US 2>&1

Deploy using quick strategy
frontend/Magento/blank/en_US            0/2267              >--------------------------- 0%     < 1 sec
[1A[2Kfrontend/Magento/blank/en_US            672/2267            ========>------------------- 29%    1 sec
[1A[2Kfrontend/Magento/blank/en_US            2122/2267           ==========================>- 93%    2 secs
[1A[2Kfrontend/Magento/blank/en_US            2183/2267           ==========================>- 96%    4 secs
[1A[2Kfrontend/Magento/blank/en_US            2188/2267           ===========================> 96%    5 secs
[1A[2Kfrontend/Magento/blank/en_US            2267/2267           ============================ 100%   5 secs
adminhtml/Magento/backend/en_US         743/2879            =======>-------------------- 25%    1 sec
[1A[2K[1A[2Kfrontend/Magento/blank/en_US            2267/2267           ============================ 100%   5 secs
adminhtml/Magento/backend/en_US         2173/2879           =====================>------ 75%    2 secs
[1A[2K[1A[2Kfrontend/Magento/blank/en_US            2267/2267           ============================ 100%   5 secs
adminhtml/Magento/backend/en_US         2633/2879           =========================>-- 91%    3 secs
[1A[2K[1A[2Kfrontend/Magento/blank/en_US            2267/2267           ============================ 100%   5 secs
adminhtml/Magento/backend/en_US         2634/2879           =========================>-- 91%    7 secs
[1A[2K[1A[2Kfrontend/Magento/blank/en_US            2267/2267           ============================ 100%   5 secs
adminhtml/Magento/backend/en_US         2879/2879           ============================ 100%   7 secs
frontend/Magento/luma/en_US             591/2283            =======>-------------------- 25%    1 sec
[1A[2K[1A[2K[1A[2Kfrontend/Magento/blank/en_US            2267/2267           ============================ 100%   5 secs
adminhtml/Magento/backend/en_US         2879/2879           ============================ 100%   7 secs
frontend/Magento/luma/en_US             1903/2283           =======================>---- 83%    2 secs
[1A[2K[1A[2K[1A[2Kfrontend/Magento/blank/en_US            2267/2267           ============================ 100%   5 secs
adminhtml/Magento/backend/en_US         2879/2879           ============================ 100%   7 secs
frontend/Magento/luma/en_US             2183/2283           ==========================>- 95%    4 secs
[1A[2K[1A[2K[1A[2Kfrontend/Magento/blank/en_US            2267/2267           ============================ 100%   5 secs
adminhtml/Magento/backend/en_US         2879/2879           ============================ 100%   7 secs
frontend/Magento/luma/en_US             2184/2283           ==========================>- 95%    5 secs
[1A[2K[1A[2K[1A[2Kfrontend/Magento/blank/en_US            2267/2267           ============================ 100%   5 secs
adminhtml/Magento/backend/en_US         2879/2879           ============================ 100%   7 secs
frontend/Magento/luma/en_US             2188/2283           ==========================>- 95%    6 secs
[1A[2K[1A[2K[1A[2Kfrontend/Magento/blank/en_US            2267/2267           ============================ 100%   5 secs
adminhtml/Magento/backend/en_US         2879/2879           ============================ 100%   7 secs
frontend/Magento/luma/en_US             2283/2283           ============================ 100%   6 secs
frontend/Empye/bootstrap/en_US          440/2270            =====>---------------------- 19%    1 sec
[1A[2K[1A[2K[1A[2K[1A[2Kfrontend/Magento/blank/en_US            2267/2267           ============================ 100%   5 secs
adminhtml/Magento/backend/en_US         2879/2879           ============================ 100%   7 secs
frontend/Magento/luma/en_US             2283/2283           ============================ 100%   6 secs
frontend/Empye/bootstrap/en_US          1834/2270           ======================>----- 80%    2 secs
[1A[2K[1A[2K[1A[2K[1A[2Kfrontend/Magento/blank/en_US            2267/2267           ============================ 100%   5 secs
adminhtml/Magento/backend/en_US         2879/2879           ============================ 100%   7 secs
frontend/Magento/luma/en_US             2283/2283           ============================ 100%   6 secs
frontend/Empye/bootstrap/en_US          2183/2270           ==========================>- 96%    4 secs
[1A[2K[1A[2K[1A[2K[1A[2Kfrontend/Magento/blank/en_US            2267/2267           ============================ 100%   5 secs
adminhtml/Magento/backend/en_US         2879/2879           ============================ 100%   7 secs
frontend/Magento/luma/en_US             2283/2283           ============================ 100%   6 secs
frontend/Empye/bootstrap/en_US          2187/2270           ==========================>- 96%    5 secs
[1A[2K[1A[2K[1A[2K[1A[2Kfrontend/Magento/blank/en_US            2267/2267           ============================ 100%   5 secs
adminhtml/Magento/backend/en_US         2879/2879           ============================ 100%   7 secs
frontend/Magento/luma/en_US             2283/2283           ============================ 100%   6 secs
frontend/Empye/bootstrap/en_US          2270/2270           ============================ 100%   5 secs
[1A[2K[1A[2K[1A[2K[1A[2Kfrontend/Magento/blank/en_US            2267/2267           ============================ 100%   5 secs
adminhtml/Magento/backend/en_US         2879/2879           ============================ 100%   7 secs
frontend/Magento/luma/en_US             2283/2283           ============================ 100%   6 secs
frontend/Empye/bootstrap/en_US          2270/2270           ============================ 100%   5 secs

Execution time: 26.116189002991 [] []
